resultId,raceId,driverId,constructorId,number,grid,position,positionText,positionOrder,points,laps,time,milliseconds,fastestLap,rank,fastestLapTime,fastestLapSpeed,statusId
"25406,1074,844,6,16,1,1,""1"",1,26,57,""1:37:33.584"",5853584,51,1,""1:34.570"",""206.018"",1"
"25407,1074,832,6,55,3,2,""2"",2,18,57,""+5.598"",5859182,52,3,""1:35.740"",""203.501"",1"
"25408,1074,1,131,44,5,3,""3"",3,15,57,""+9.675"",5863259,53,5,""1:36.228"",""202.469"",1"
"25409,1074,847,131,63,9,4,""4"",4,12,57,""+11.211"",5864795,56,6,""1:36.302"",""202.313"",1"
"25410,1074,825,210,20,7,5,""5"",5,10,57,""+14.754"",5868338,53,8,""1:36.623"",""201.641"",1"
"25411,1074,822,51,77,6,6,""6"",6,8,57,""+16.119"",5869703,53,7,""1:36.599"",""201.691"",1"
"25412,1074,839,214,31,11,7,""7"",7,6,57,""+19.423"",5873007,53,14,""1:37.110"",""200.630"",1"
"25413,1074,852,213,22,16,8,""8"",8,4,57,""+20.386"",5873970,53,13,""1:37.104"",""200.642"",1"
"25414,1074,4,214,14,8,9,""9"",9,2,57,""+22.390"",5875974,44,10,""1:36.733"",""201.412"",1"
"25415,1074,855,51,24,15,10,""10"",10,1,57,""+23.064"",5876648,39,9,""1:36.685"",""201.512"",1"
"25416,1074,854,210,47,12,11,""11"",11,0,57,""+32.574"",5886158,37,11,""1:36.956"",""200.948"",1"
"25417,1074,840,117,18,19,12,""12"",12,0,57,""+45.873"",5899457,49,15,""1:37.146"",""200.555"",1"
"25418,1074,848,3,23,14,13,""13"",13,0,57,""+53.932"",5907516,50,18,""1:37.355"",""200.125"",1"
"25419,1074,817,1,3,18,14,""14"",14,0,57,""+54.975"",5908559,50,16,""1:37.261"",""200.318"",1"
"25420,1074,846,1,4,13,15,""15"",15,0,57,""+56.335"",5909919,51,12,""1:36.988"",""200.882"",1"
"25421,1074,849,3,6,20,16,""16"",16,0,57,""+1:01.795"",5915379,51,20,""1:38.251"",""198.300"",1"
"25422,1074,807,117,27,17,17,""17"",17,0,57,""+1:03.829"",5917413,49,19,""1:38.201"",""198.401"",1"
"25423,1074,815,9,11,4,18,""18"",18,0,56,\N,\N,52,4,""1:36.089"",""202.762"",32"
"25424,1074,830,9,1,2,19,""19"",19,0,54,\N,\N,51,2,""1:35.440"",""204.140"",32"
"25425,1074,842,213,10,10,\N,""R"",20,0,44,\N,\N,34,17,""1:37.324"",""200.189"",131"
"25426,1075,830,9,1,4,1,""1"",1,25,50,""1:24:19.293"",5059293,50,2,""1:31.772"",""242.191"",1"
"25427,1075,844,6,16,2,2,""2"",2,19,50,""+0.549"",5059842,48,1,""1:31.634"",""242.556"",1"
"25428,1075,832,6,55,3,3,""3"",3,15,50,""+8.097"",5067390,48,3,""1:31.905"",""241.841"",1"
"25429,1075,815,9,11,1,4,""4"",4,12,50,""+10.800"",5070093,46,4,""1:32.042"",""241.481"",1"
"25430,1075,847,131,63,6,5,""5"",5,10,50,""+32.732"",5092025,43,7,""1:32.821"",""239.454"",1"
"25431,1075,839,214,31,5,6,""6"",6,8,50,""+56.017"",5115310,46,9,""1:33.103"",""238.729"",1"
"25432,1075,846,1,4,11,7,""7"",7,6,50,""+56.124"",5115417,46,5,""1:32.753"",""239.629"",1"
"25433,1075,842,213,10,9,8,""8"",8,4,50,""+1:02.946"",5122239,42,10,""1:33.468"",""237.796"",1"
"25434,1075,825,210,20,10,9,""9"",9,2,50,""+1:04.308"",5123601,48,6,""1:32.779"",""239.562"",1"
"25435,1075,1,131,44,15,10,""10"",10,1,50,""+1:13.948"",5133241,47,8,""1:32.997"",""239.001"",1"
"25436,1075,855,51,24,12,11,""11"",11,0,50,""+1:22.215"",5141508,45,13,""1:33.924"",""236.642"",1"
"25437,1075,807,117,27,17,12,""12"",12,0,50,""+1:31.742"",5151035,47,11,""1:33.651"",""237.332"",1"
"25438,1075,840,117,18,13,13,""13"",13,0,49,\N,\N,46,16,""1:34.446"",""235.334"",11"
"25439,1075,848,3,23,16,14,""14"",14,0,47,\N,\N,46,15,""1:34.368"",""235.528"",130"
"25440,1075,822,51,77,8,\N,""R"",15,0,36,\N,\N,31,14,""1:33.979"",""236.503"",141"
"25441,1075,4,214,14,7,\N,""R"",16,0,35,\N,\N,33,12,""1:33.831"",""236.876"",103"
"25442,1075,817,1,3,14,\N,""R"",17,0,35,\N,\N,34,17,""1:34.487"",""235.232"",6"
"25443,1075,849,3,6,18,\N,""R"",18,0,14,\N,\N,9,18,""1:37.530"",""227.892"",3"
"25444,1075,852,213,22,19,\N,""R"",19,0,0,\N,\N,\N,0,\N,\N,131"
"25445,1075,854,210,47,0,\N,""W"",20,0,0,\N,\N,\N,0,\N,\N,54"
"25446,1076,844,6,16,1,1,""1"",1,26,58,""1:27:46.548"",5266548,58,1,""1:20.260"",""236.740"",1"
"25447,1076,815,9,11,3,2,""2"",2,18,58,""+20.524"",5287072,58,3,""1:21.094"",""234.305"",1"
"25448,1076,847,131,63,6,3,""3"",3,15,58,""+25.593"",5292141,53,4,""1:21.495"",""233.152"",1"
"25449,1076,1,131,44,5,4,""4"",4,12,58,""+28.543"",5295091,51,7,""1:21.886"",""232.039"",1"
"25450,1076,846,1,4,4,5,""5"",5,10,58,""+53.303"",5319851,55,8,""1:22.248"",""231.018"",1"
"25451,1076,817,1,3,7,6,""6"",6,8,58,""+53.737"",5320285,54,9,""1:22.451"",""230.449"",1"
"25452,1076,839,214,31,8,7,""7"",7,6,58,""+1:01.683"",5328231,58,10,""1:22.469"",""230.399"",1"
"25453,1076,822,51,77,12,8,""8"",8,4,58,""+1:08.439"",5334987,54,5,""1:21.651"",""232.707"",1"
"25454,1076,842,213,10,11,9,""9"",9,2,58,""+1:16.221"",5342769,52,13,""1:22.731"",""229.669"",1"
"25455,1076,848,3,23,20,10,""10"",10,1,58,""+1:19.382"",5345930,54,12,""1:22.589"",""230.064"",1"
"25456,1076,855,51,24,14,11,""11"",11,0,58,""+1:21.695"",5348243,55,11,""1:22.541"",""230.198"",1"
"25457,1076,840,117,18,19,12,""12"",12,0,58,""+1:28.598"",5355146,48,17,""1:23.592"",""227.304"",1"
"25458,1076,854,210,47,15,13,""13"",13,0,57,\N,\N,55,14,""1:23.006"",""228.908"",11"
"25459,1076,825,210,20,16,14,""14"",14,0,57,\N,\N,44,15,""1:23.071"",""228.729"",11"
"25460,1076,852,213,22,13,15,""15"",15,0,57,\N,\N,56,16,""1:23.342"",""227.985"",11"
"25461,1076,849,3,6,18,16,""16"",16,0,57,\N,\N,49,18,""1:23.882"",""226.518"",11"
"25462,1076,4,214,14,10,17,""17"",17,0,57,\N,\N,57,2,""1:20.846"",""235.024"",11"
"25463,1076,830,9,1,2,\N,""R"",18,0,38,\N,\N,37,6,""1:21.677"",""232.633"",95"
"25464,1076,20,117,5,17,\N,""R"",19,0,22,\N,\N,17,19,""1:25.189"",""223.042"",3"
"25465,1076,832,6,55,9,\N,""R"",20,0,1,\N,\N,\N,0,\N,\N,20"
"25466,1077,830,9,1,1,1,""1"",1,26,63,""1:32:07.986"",5527986,55,1,""1:18.446"",""225.281"",1"
"25467,1077,815,9,11,3,2,""2"",2,18,63,""+16.527"",5544513,52,3,""1:18.949"",""223.845"",1"
"25468,1077,846,1,4,5,3,""3"",3,15,63,""+34.834"",5562820,61,7,""1:20.903"",""218.439"",1"
"25469,1077,847,131,63,11,4,""4"",4,12,63,""+42.506"",5570492,57,8,""1:20.962"",""218.280"",1"
"25470,1077,822,51,77,7,5,""5"",5,10,63,""+43.181"",5571167,43,6,""1:20.758"",""218.831"",1"
"25471,1077,844,6,16,2,6,""6"",6,8,63,""+56.072"",5584058,63,2,""1:18.574"",""224.914"",1"
"25472,1077,852,213,22,12,7,""7"",7,6,63,""+1:01.110"",5589096,61,5,""1:20.544"",""219.412"",1"
"25473,1077,20,117,5,13,8,""8"",8,4,63,""+1:10.892"",5598878,47,9,""1:21.211"",""217.610"",1"
"25474,1077,825,210,20,8,9,""9"",9,2,63,""+1:15.260"",5603246,61,10,""1:21.238"",""217.538"",1"
"25475,1077,840,117,18,15,10,""10"",10,1,62,\N,\N,46,16,""1:21.750"",""216.176"",11"
"25476,1077,848,3,23,18,11,""11"",11,0,62,\N,\N,61,17,""1:21.757"",""216.157"",11"
"25477,1077,842,213,10,17,12,""12"",12,0,62,\N,\N,34,15,""1:21.713"",""216.274"",11"
"25478,1077,1,131,44,14,13,""13"",13,0,62,\N,\N,50,13,""1:21.419"",""217.054"",11"
"25479,1077,839,214,31,16,14,""14"",14,0,62,\N,\N,37,18,""1:21.887"",""215.814"",11"
"25480,1077,855,51,24,0,15,""15"",15,0,62,\N,\N,61,11,""1:21.286"",""217.410"",11"
"25481,1077,849,3,6,19,16,""16"",16,0,62,\N,\N,62,12,""1:21.338"",""217.271"",11"
"25482,1077,854,210,47,10,17,""17"",17,0,62,\N,\N,55,4,""1:18.999"",""223.704"",11"
"25483,1077,817,1,3,6,18,""18"",18,0,62,\N,\N,61,14,""1:21.577"",""216.634"",11"
"25484,1077,4,214,14,9,\N,""R"",19,0,6,\N,\N,5,19,""1:39.685"",""177.282"",130"
"25485,1077,832,6,55,4,\N,""R"",20,0,0,\N,\N,\N,0,\N,\N,4"
"25486,1078,830,9,1,3,1,""1"",1,26,57,""1:34:24.258"",5664258,54,1,""1:31.361"",""213.255"",1"
"25487,1078,844,6,16,1,2,""2"",2,18,57,""+3.786"",5668044,53,2,""1:31.488"",""212.959"",1"
"25488,1078,832,6,55,2,3,""3"",3,15,57,""+8.229"",5672487,56,3,""1:31.790"",""212.258"",1"
"25489,1078,815,9,11,4,4,""4"",4,12,57,""+10.638"",5674896,54,4,""1:31.819"",""212.191"",1"
"25490,1078,847,131,63,12,5,""5"",5,10,57,""+18.582"",5682840,56,5,""1:32.195"",""211.325"",1"
"25491,1078,1,131,44,6,6,""6"",6,8,57,""+21.368"",5685626,55,7,""1:32.941"",""209.629"",1"
"25492,1078,822,51,77,5,7,""7"",7,6,57,""+25.073"",5689331,56,10,""1:33.184"",""209.083"",1"
"25493,1078,839,214,31,20,8,""8"",8,4,57,""+28.386"",5692644,56,9,""1:33.163"",""209.130"",1"
"25494,1078,848,3,23,18,9,""9"",9,2,57,""+32.365"",5696623,57,15,""1:33.447"",""208.494"",1"
"25495,1078,840,117,18,0,10,""10"",10,1,57,""+37.026"",5701284,52,12,""1:33.312"",""208.796"",1"
"25496,1078,4,214,14,11,11,""11"",11,0,57,""+37.128"",5701386,53,13,""1:33.331"",""208.753"",1"
"25497,1078,852,213,22,9,12,""12"",12,0,57,""+40.146"",5704404,55,8,""1:33.035"",""209.417"",1"
"25498,1078,817,1,3,14,13,""13"",13,0,57,""+40.902"",5705160,56,11,""1:33.265"",""208.901"",1"
"25499,1078,849,3,6,19,14,""14"",14,0,57,""+49.936"",5714194,53,18,""1:34.169"",""206.896"",1"
"25500,1078,854,210,47,15,15,""15"",15,0,57,""+1:13.305"",5737563,57,6,""1:32.528"",""210.565"",1"
"25501,1078,825,210,20,16,16,""16"",16,0,56,\N,\N,52,17,""1:33.511"",""208.351"",33"
"25502,1078,20,117,5,0,17,""17"",17,0,54,\N,\N,50,16,""1:33.479"",""208.423"",4"
"25503,1078,842,213,10,7,\N,""R"",18,0,45,\N,\N,38,19,""1:34.487"",""206.199"",22"
"25504,1078,846,1,4,8,\N,""R"",19,0,39,\N,\N,37,14,""1:33.411"",""208.575"",4"
"25505,1078,855,51,24,17,\N,""R"",20,0,6,\N,\N,4,20,""1:35.731"",""203.520"",47"
"25506,1079,830,9,1,2,1,""1"",1,25,66,""1:37:20.475"",5840475,46,4,""1:25.456"",""196.943"",1"
"25507,1079,815,9,11,5,2,""2"",2,19,66,""+13.072"",5853547,55,1,""1:24.108"",""200.099"",1"
"25508,1079,847,131,63,4,3,""3"",3,15,66,""+32.927"",5873402,53,3,""1:24.636"",""198.851"",1"
"25509,1079,832,6,55,3,4,""4"",4,12,66,""+45.208"",5885683,49,7,""1:25.985"",""195.731"",1"
"25510,1079,1,131,44,6,5,""5"",5,10,66,""+54.534"",5895009,51,2,""1:24.253"",""199.755"",1"
"25511,1079,822,51,77,7,6,""6"",6,8,66,""+59.976"",5900451,36,8,""1:26.395"",""194.802"",1"
"25512,1079,839,214,31,12,7,""7"",7,6,66,""+1:15.397"",5915872,54,6,""1:25.935"",""195.845"",1"
"25513,1079,846,1,4,11,8,""8"",8,4,66,""+1:23.235"",5923710,53,5,""1:25.619"",""196.568"",1"
"25514,1079,4,214,14,20,9,""9"",9,2,65,\N,\N,56,9,""1:26.599"",""194.344"",11"
"25515,1079,852,213,22,13,10,""10"",10,1,65,\N,\N,59,10,""1:26.828"",""193.831"",11"
"25516,1079,20,117,5,16,11,""11"",11,0,65,\N,\N,59,18,""1:27.629"",""192.059"",11"
"25517,1079,817,1,3,9,12,""12"",12,0,65,\N,\N,54,15,""1:27.285"",""192.816"",11"
"25518,1079,842,213,10,14,13,""13"",13,0,65,\N,\N,51,12,""1:26.987"",""193.477"",11"
"25519,1079,854,210,47,10,14,""14"",14,0,65,\N,\N,32,16,""1:27.447"",""192.459"",11"
"25520,1079,840,117,18,17,15,""15"",15,0,65,\N,\N,54,11,""1:26.876"",""193.724"",11"
"25521,1079,849,3,6,19,16,""16"",16,0,64,\N,\N,52,14,""1:27.246"",""192.902"",12"
"25522,1079,825,210,20,8,17,""17"",17,0,64,\N,\N,3,17,""1:27.537"",""192.261"",12"
"25523,1079,848,3,23,18,18,""18"",18,0,64,\N,\N,56,19,""1:28.281"",""190.641"",12"
"25524,1079,855,51,24,15,\N,""R"",19,0,28,\N,\N,12,20,""1:28.415"",""190.352"",75"
"25525,1079,844,6,16,1,\N,""R"",20,0,27,\N,\N,25,13,""1:27.030"",""193.381"",101"
"25526,1080,815,9,11,3,1,""1"",1,25,64,""1:56:30.265"",6990265,46,4,""1:16.028"",""158.010"",1"
"25527,1080,832,6,55,2,2,""2"",2,18,64,""+1.154"",6991419,47,7,""1:16.421"",""157.197"",1"
"25528,1080,830,9,1,4,3,""3"",3,15,64,""+1.491"",6991756,47,5,""1:16.052"",""157.960"",1"
"25529,1080,844,6,16,1,4,""4"",4,12,64,""+2.922"",6993187,46,6,""1:16.249"",""157.552"",1"
"25530,1080,847,131,63,6,5,""5"",5,10,64,""+11.968"",7002233,42,8,""1:16.830"",""156.360"",1"
"25531,1080,846,1,4,5,6,""6"",6,9,64,""+12.231"",7002496,55,1,""1:14.693"",""160.834"",1"
"25532,1080,4,214,14,7,7,""7"",7,6,64,""+46.358"",7036623,50,3,""1:15.882"",""158.314"",1"
"25533,1080,1,131,44,8,8,""8"",8,4,64,""+50.388"",7040653,51,9,""1:17.203"",""155.605"",1"
"25534,1080,822,51,77,12,9,""9"",9,2,64,""+52.525"",7042790,57,14,""1:17.600"",""154.809"",1"
"25535,1080,20,117,5,9,10,""10"",10,1,64,""+53.536"",7043801,54,12,""1:17.558"",""154.893"",1"
"25536,1080,842,213,10,17,11,""11"",11,0,64,""+54.289"",7044554,61,10,""1:17.344"",""155.321"",1"
"25537,1080,839,214,31,10,12,""12"",12,0,64,""+55.644"",7045909,50,13,""1:17.571"",""154.867"",1"
"25538,1080,817,1,3,14,13,""13"",13,0,64,""+57.635"",7047900,59,11,""1:17.532"",""154.945"",1"
"25539,1080,840,117,18,18,14,""14"",14,0,64,""+1:00.802"",7051067,56,15,""1:17.672"",""154.665"",1"
"25540,1080,849,3,6,19,15,""15"",15,0,63,\N,\N,43,18,""1:18.579"",""152.880"",11"
"25541,1080,855,51,24,20,16,""16"",16,0,63,\N,\N,52,17,""1:18.200"",""153.621"",11"
"25542,1080,852,213,22,11,17,""17"",17,0,63,\N,\N,61,2,""1:15.334"",""159.465"",11"
"25543,1080,848,3,23,16,\N,""R"",18,0,48,\N,\N,40,16,""1:18.023"",""153.969"",26"
"25544,1080,854,210,47,15,\N,""R"",19,0,24,\N,\N,24,19,""1:24.778"",""141.701"",3"
"25545,1080,825,210,20,13,\N,""R"",20,0,19,\N,\N,18,20,""1:33.754"",""128.135"",34"
"25546,1081,830,9,1,3,1,""1"",1,25,51,""1:34:05.941"",5645941,50,2,""1:46.050"",""203.779"",1"
"25547,1081,815,9,11,2,2,""2"",2,19,51,""+20.823"",5666764,36,1,""1:46.046"",""203.787"",1"
"25548,1081,847,131,63,5,3,""3"",3,15,51,""+45.995"",5691936,42,4,""1:47.177"",""201.636"",1"
"25549,1081,1,131,44,7,4,""4"",4,12,51,""+1:11.679"",5717620,39,3,""1:47.044"",""201.887"",1"
"25550,1081,842,213,10,6,5,""5"",5,10,51,""+1:17.299"",5723240,39,16,""1:48.519"",""199.143"",1"
"25551,1081,20,117,5,9,6,""6"",6,8,51,""+1:24.099"",5730040,41,12,""1:48.206"",""199.719"",1"
"25552,1081,4,214,14,10,7,""7"",7,6,51,""+1:28.596"",5734537,49,8,""1:47.989"",""200.120"",1"
"25553,1081,817,1,3,12,8,""8"",8,4,51,""+1:32.207"",5738148,44,13,""1:48.276"",""199.589"",1"
"25554,1081,846,1,4,11,9,""9"",9,2,51,""+1:32.556"",5738497,37,9,""1:47.997"",""200.105"",1"
"25555,1081,839,214,31,13,10,""10"",10,1,51,""+1:48.184"",5754125,36,14,""1:48.297"",""199.551"",1"
"25556,1081,822,51,77,15,11,""11"",11,0,50,\N,\N,42,11,""1:48.179"",""199.768"",11"
"25557,1081,848,3,23,17,12,""12"",12,0,50,\N,\N,48,7,""1:47.966"",""200.163"",11"
"25558,1081,852,213,22,8,13,""13"",13,0,50,\N,\N,42,5,""1:47.523"",""200.987"",11"
"25559,1081,854,210,47,20,14,""14"",14,0,50,\N,\N,40,15,""1:48.410"",""199.343"",11"
"25560,1081,849,3,6,18,15,""15"",15,0,50,\N,\N,37,20,""1:49.583"",""197.209"",11"
"25561,1081,840,117,18,19,16,""16"",16,0,46,\N,\N,38,10,""1:48.038"",""200.029"",76"
"25562,1081,825,210,20,16,\N,""R"",17,0,31,\N,\N,12,18,""1:48.789"",""198.648"",131"
"25563,1081,855,51,24,14,\N,""R"",18,0,23,\N,\N,12,17,""1:48.723"",""198.769"",9"
"25564,1081,844,6,16,1,\N,""R"",19,0,21,\N,\N,13,6,""1:47.531"",""200.972"",131"
"25565,1081,832,6,55,4,\N,""R"",20,0,8,\N,\N,3,19,""1:48.978"",""198.304"",9"
"25566,1082,830,9,1,1,1,""1"",1,25,70,""1:36:21.757"",5781757,64,2,""1:15.839"",""207.012"",1"
"25567,1082,832,6,55,3,2,""2"",2,19,70,""+0.993"",5782750,63,1,""1:15.749"",""207.258"",1"
"25568,1082,1,131,44,4,3,""3"",3,15,70,""+7.006"",5788763,69,4,""1:16.167"",""206.120"",1"
"25569,1082,847,131,63,8,4,""4"",4,12,70,""+12.313"",5794070,63,5,""1:16.418"",""205.443"",1"
"25570,1082,844,6,16,19,5,""5"",5,10,70,""+15.168"",5796925,62,3,""1:15.901"",""206.843"",1"
"25571,1082,839,214,31,7,6,""6"",6,8,70,""+23.890"",5805647,62,9,""1:17.110"",""203.600"",1"
"25572,1082,822,51,77,11,7,""7"",7,6,70,""+25.247"",5807004,64,8,""1:17.010"",""203.864"",1"
"25573,1082,855,51,24,10,8,""8"",8,4,70,""+26.952"",5808709,60,7,""1:16.927"",""204.084"",1"
"25574,1082,4,214,14,2,9,""9"",9,2,70,""+29.945"",5811702,63,6,""1:16.578"",""205.014"",1"
"25575,1082,840,117,18,17,10,""10"",10,1,70,""+38.222"",5819979,64,10,""1:17.421"",""202.782"",1"
"25576,1082,817,1,3,9,11,""11"",11,0,70,""+43.047"",5824804,59,13,""1:17.932"",""201.452"",1"
"25577,1082,20,117,5,16,12,""12"",12,0,70,""+44.245"",5826002,63,15,""1:17.956"",""201.390"",1"
"25578,1082,848,3,23,12,13,""13"",13,0,70,""+44.893"",5826650,59,14,""1:17.951"",""201.403"",1"
"25579,1082,842,213,10,15,14,""14"",14,0,70,""+45.183"",5826940,60,12,""1:17.810"",""201.768"",1"
"25580,1082,846,1,4,14,15,""15"",15,0,70,""+52.145"",5833902,63,11,""1:17.495"",""202.588"",1"
"25581,1082,849,3,6,18,16,""16"",16,0,70,""+59.978"",5841735,61,18,""1:18.540"",""199.893"",1"
"25582,1082,825,210,20,5,17,""17"",17,0,70,""+1:08.180"",5849937,11,16,""1:18.046"",""201.158"",1"
"25583,1082,852,213,22,20,\N,""R"",18,0,47,\N,\N,15,17,""1:18.309"",""200.482"",3"
"25584,1082,854,210,47,6,\N,""R"",19,0,18,\N,\N,13,20,""1:18.967"",""198.812"",5"
"25585,1082,815,9,11,13,\N,""R"",20,0,7,\N,\N,7,19,""1:18.844"",""199.122"",6"
"25586,1083,832,6,55,1,1,""1"",1,25,52,""2:17:50.311"",8270311,44,2,""1:30.813"",""233.530"",1"
"25587,1083,815,9,11,4,2,""2"",2,18,52,""+3.779"",8274090,47,3,""1:30.937"",""233.212"",1"
"25588,1083,1,131,44,5,3,""3"",3,16,52,""+6.225"",8276536,52,1,""1:30.510"",""234.312"",1"
"25589,1083,844,6,16,3,4,""4"",4,12,52,""+8.546"",8278857,52,4,""1:31.282"",""232.330"",1"
"25590,1083,4,214,14,7,5,""5"",5,10,52,""+9.571"",8279882,47,5,""1:31.609"",""231.501"",1"
"25591,1083,846,1,4,6,6,""6"",6,8,52,""+11.943"",8282254,47,6,""1:31.645"",""231.410"",1"
"25592,1083,830,9,1,2,7,""7"",7,6,52,""+18.777"",8289088,44,8,""1:32.354"",""229.633"",1"
"25593,1083,854,210,47,19,8,""8"",8,4,52,""+18.995"",8289306,48,7,""1:32.109"",""230.244"",1"
"25594,1083,20,117,5,18,9,""9"",9,2,52,""+22.356"",8292667,52,10,""1:32.471"",""229.343"",1"
"25595,1083,825,210,20,17,10,""10"",10,1,52,""+24.590"",8294901,52,12,""1:32.661"",""228.872"",1"
"25596,1083,840,117,18,20,11,""11"",11,0,52,""+26.147"",8296458,52,9,""1:32.379"",""229.571"",1"
"25597,1083,849,3,6,10,12,""12"",12,0,52,""+32.511"",8302822,48,13,""1:33.286"",""227.339"",1"
"25598,1083,817,1,3,14,13,""13"",13,0,52,""+32.817"",8303128,34,11,""1:32.644"",""228.914"",1"
"25599,1083,852,213,22,13,14,""14"",14,0,52,""+40.910"",8311221,51,15,""1:33.832"",""226.016"",1"
"25600,1083,839,214,31,15,\N,""R"",15,0,37,\N,\N,37,14,""1:33.537"",""226.729"",48"
"25601,1083,842,213,10,11,\N,""R"",16,0,26,\N,\N,18,16,""1:34.614"",""224.148"",130"
"25602,1083,822,51,77,12,\N,""R"",17,0,20,\N,\N,19,17,""1:35.103"",""222.996"",6"
"25603,1083,847,131,63,8,\N,""R"",18,0,0,\N,\N,\N,0,\N,\N,4"
"25604,1083,855,51,24,9,\N,""R"",19,0,0,\N,\N,\N,0,\N,\N,4"
"25605,1083,848,3,23,16,\N,""R"",20,0,0,\N,\N,\N,0,\N,\N,4"
"25606,1084,844,6,16,2,1,""1"",1,25,71,""1:24:24.312"",5064312,62,2,""1:07.583"",""230.010"",1"
"25607,1084,830,9,1,1,2,""2"",2,19,71,""+1.532"",5065844,62,1,""1:07.275"",""231.063"",1"
"25608,1084,1,131,44,8,3,""3"",3,15,71,""+41.217"",5105529,63,5,""1:09.000"",""225.286"",1"
"25609,1084,847,131,63,4,4,""4"",4,12,71,""+58.972"",5123284,61,6,""1:09.075"",""225.042"",1"
"25610,1084,839,214,31,6,5,""5"",5,10,71,""+1:08.436"",5132748,62,10,""1:09.559"",""223.476"",1"
"25611,1084,854,210,47,9,6,""6"",6,8,70,\N,\N,50,11,""1:09.625"",""223.264"",11"
"25612,1084,846,1,4,10,7,""7"",7,6,70,\N,\N,62,8,""1:09.304"",""224.298"",11"
"25613,1084,825,210,20,7,8,""8"",8,4,70,\N,\N,61,14,""1:09.938"",""222.265"",11"
"25614,1084,817,1,3,11,9,""9"",9,2,70,\N,\N,61,13,""1:09.924"",""222.309"",11"
"25615,1084,4,214,14,19,10,""10"",10,1,70,\N,\N,62,3,""1:08.558"",""226.739"",11"
"25616,1084,822,51,77,0,11,""11"",11,0,70,\N,\N,61,7,""1:09.266"",""224.421"",11"
"25617,1084,848,3,23,15,12,""12"",12,0,70,\N,\N,60,12,""1:09.669"",""223.123"",11"
"25618,1084,840,117,18,12,13,""13"",13,0,70,\N,\N,64,17,""1:10.048"",""221.916"",11"
"25619,1084,855,51,24,13,14,""14"",14,0,70,\N,\N,50,9,""1:09.380"",""224.053"",11"
"25620,1084,842,213,10,14,15,""15"",15,0,70,\N,\N,61,18,""1:10.104"",""221.739"",11"
"25621,1084,852,213,22,16,16,""16"",16,0,70,\N,\N,62,16,""1:10.023"",""221.995"",11"
"25622,1084,20,117,5,18,17,""17"",17,0,70,\N,\N,62,15,""1:10.001"",""222.065"",11"
"25623,1084,832,6,55,3,\N,""R"",18,0,56,\N,\N,55,4,""1:08.649"",""226.438"",131"
"25624,1084,849,3,6,17,\N,""R"",19,0,48,\N,\N,14,19,""1:10.890"",""219.280"",140"
"25625,1084,815,9,11,5,\N,""R"",20,0,24,\N,\N,5,20,""1:11.843"",""216.371"",130"
"25626,1085,830,9,1,2,1,""1"",1,25,53,""1:30:02.112"",5402112,30,2,""1:37.491"",""215.724"",1"
"25627,1085,1,131,44,4,2,""2"",2,18,53,""+10.587"",5412699,30,4,""1:37.668"",""215.333"",1"
"25628,1085,847,131,63,6,3,""3"",3,15,53,""+16.495"",5418607,51,3,""1:37.548"",""215.598"",1"
"25629,1085,815,9,11,3,4,""4"",4,12,53,""+17.310"",5419422,45,5,""1:37.780"",""215.086"",1"
"25630,1085,832,6,55,19,5,""5"",5,11,53,""+28.872"",5430984,51,1,""1:35.781"",""219.575"",1"
"25631,1085,4,214,14,7,6,""6"",6,8,53,""+42.879"",5444991,53,8,""1:38.160"",""214.254"",1"
"25632,1085,846,1,4,5,7,""7"",7,6,53,""+52.026"",5454138,43,11,""1:39.037"",""212.356"",1"
"25633,1085,839,214,31,10,8,""8"",8,4,53,""+56.959"",5459071,53,9,""1:38.684"",""213.116"",1"
"25634,1085,817,1,3,9,9,""9"",9,2,53,""+1:00.372"",5462484,27,14,""1:39.133"",""212.151"",1"
"25635,1085,840,117,18,15,10,""10"",10,1,53,""+1:02.549"",5464661,52,15,""1:39.185"",""212.040"",1"
"25636,1085,20,117,5,12,11,""11"",11,0,53,""+1:04.494"",5466606,43,12,""1:39.044"",""212.341"",1"
"25637,1085,842,213,10,14,12,""12"",12,0,53,""+1:05.448"",5467560,53,10,""1:38.786"",""212.896"",1"
"25638,1085,848,3,23,13,13,""13"",13,0,53,""+1:08.565"",5470677,53,16,""1:39.199"",""212.010"",1"
"25639,1085,822,51,77,11,14,""14"",14,0,53,""+1:16.666"",5478778,52,6,""1:37.963"",""214.685"",1"
"25640,1085,854,210,47,17,15,""15"",15,0,53,""+1:20.394"",5482506,48,13,""1:39.068"",""212.290"",1"
"25641,1085,855,51,24,16,16,""16"",16,0,47,\N,\N,25,18,""1:39.368"",""211.649"",16"
"25642,1085,849,3,6,18,\N,""R"",17,0,40,\N,\N,40,19,""1:39.650"",""211.050"",130"
"25643,1085,825,210,20,20,\N,""R"",18,0,37,\N,\N,11,17,""1:39.265"",""211.869"",130"
"25644,1085,844,6,16,1,\N,""R"",19,0,17,\N,\N,4,7,""1:38.088"",""214.411"",3"
"25645,1085,852,213,22,8,\N,""R"",20,0,17,\N,\N,4,20,""1:40.216"",""209.858"",140"
"25646,1086,830,9,1,10,1,""1"",1,25,70,""1:39:35.912"",5975912,45,6,""1:22.126"",""192.041"",1"
"25647,1086,1,131,44,7,2,""2"",2,19,70,""+7.834"",5983746,57,1,""1:21.386"",""193.787"",1"
"25648,1086,847,131,63,1,3,""3"",3,15,70,""+12.337"",5988249,57,9,""1:22.766"",""190.556"",1"
"25649,1086,832,6,55,2,4,""4"",4,12,70,""+14.579"",5990491,51,4,""1:22.000"",""192.336"",1"
"25650,1086,815,9,11,11,5,""5"",5,10,70,""+15.688"",5991600,44,3,""1:21.940"",""192.477"",1"
"25651,1086,844,6,16,3,6,""6"",6,8,70,""+16.047"",5991959,57,2,""1:21.622"",""193.227"",1"
"25652,1086,846,1,4,4,7,""7"",7,6,70,""+1:18.300"",6054212,47,11,""1:23.043"",""189.920"",1"
"25653,1086,4,214,14,6,8,""8"",8,4,69,\N,\N,47,18,""1:23.979"",""187.804"",11"
"25654,1086,839,214,31,5,9,""9"",9,2,69,\N,\N,60,20,""1:24.149"",""187.424"",11"
"25655,1086,20,117,5,18,10,""10"",10,1,69,\N,\N,51,10,""1:22.824"",""190.423"",11"
"25656,1086,840,117,18,14,11,""11"",11,0,69,\N,\N,51,7,""1:22.437"",""191.317"",11"
"25657,1086,842,213,10,0,12,""12"",12,0,69,\N,\N,58,14,""1:23.199"",""189.564"",11"
"25658,1086,855,51,24,12,13,""13"",13,0,69,\N,\N,58,5,""1:22.029"",""192.268"",11"
"25659,1086,854,210,47,15,14,""14"",14,0,69,\N,\N,50,13,""1:23.151"",""189.674"",11"
"25660,1086,817,1,3,9,15,""15"",15,0,69,\N,\N,63,17,""1:23.654"",""188.533"",11"
"25661,1086,825,210,20,13,16,""16"",16,0,69,\N,\N,37,15,""1:23.511"",""188.856"",11"
"25662,1086,848,3,23,17,17,""17"",17,0,69,\N,\N,43,12,""1:23.047"",""189.911"",11"
"25663,1086,849,3,6,19,18,""18"",18,0,69,\N,\N,60,8,""1:22.478"",""191.221"",11"
"25664,1086,852,213,22,16,19,""19"",19,0,68,\N,\N,58,16,""1:23.538"",""188.795"",12"
"25665,1086,822,51,77,8,20,""20"",20,0,65,\N,\N,60,19,""1:24.002"",""187.752"",131"
"25666,1087,830,9,1,14,1,""1"",1,26,44,""1:25:52.894"",5152894,32,1,""1:49.354"",""230.575"",1"
"25667,1087,815,9,11,2,2,""2"",2,18,44,""+17.841"",5170735,29,3,""1:50.764"",""227.640"",1"
"25668,1087,832,6,55,1,3,""3"",3,15,44,""+26.886"",5179780,32,7,""1:51.977"",""225.174"",1"
"25669,1087,847,131,63,5,4,""4"",4,12,44,""+29.140"",5182034,31,4,""1:50.793"",""227.581"",1"
"25670,1087,4,214,14,3,5,""5"",5,10,44,""+1:13.256"",5226150,35,13,""1:52.868"",""223.397"",1"
"25671,1087,844,6,16,15,6,""6"",6,8,44,""+1:14.936"",5227830,44,2,""1:49.984"",""229.255"",1"
"25672,1087,839,214,31,16,7,""7"",7,6,44,""+1:15.640"",5228534,36,6,""1:51.717"",""225.698"",1"
"25673,1087,20,117,5,10,8,""8"",8,4,44,""+1:18.107"",5231001,40,11,""1:52.515"",""224.098"",1"
"25674,1087,842,213,10,0,9,""9"",9,2,44,""+1:32.181"",5245075,24,15,""1:53.002"",""223.132"",1"
"25675,1087,848,3,23,6,10,""10"",10,1,44,""+1:41.900"",5254794,28,16,""1:53.055"",""223.027"",1"
"25676,1087,840,117,18,9,11,""11"",11,0,44,""+1:43.078"",5255972,29,14,""1:52.880"",""223.373"",1"
"25677,1087,846,1,4,17,12,""12"",12,0,44,""+1:44.739"",5257633,31,5,""1:51.678"",""225.777"",1"
"25678,1087,852,213,22,0,13,""13"",13,0,44,""+1:45.217"",5258111,32,10,""1:52.436"",""224.255"",1"
"25679,1087,855,51,24,18,14,""14"",14,0,44,""+1:46.252"",5259146,30,9,""1:52.317"",""224.493"",1"
"25680,1087,817,1,3,7,15,""15"",15,0,44,""+1:47.163"",5260057,34,17,""1:53.080"",""222.978"",1"
"25681,1087,825,210,20,12,16,""16"",16,0,43,\N,\N,29,18,""1:53.332"",""222.482"",11"
"25682,1087,854,210,47,19,17,""17"",17,0,43,\N,\N,35,12,""1:52.646"",""223.837"",11"
"25683,1087,849,3,6,11,18,""18"",18,0,43,\N,\N,38,8,""1:52.256"",""224.615"",11"
"25684,1087,822,51,77,13,\N,""R"",19,0,1,\N,\N,\N,0,\N,\N,3"
"25685,1087,1,131,44,4,\N,""R"",20,0,0,\N,\N,\N,0,\N,\N,130"
"25686,1088,830,9,1,1,1,""1"",1,26,72,""1:36:42.773"",5802773,62,1,""1:13.652"",""208.173"",1"
"25687,1088,847,131,63,6,2,""2"",2,18,72,""+4.071"",5806844,72,2,""1:13.671"",""208.119"",1"
"25688,1088,844,6,16,2,3,""3"",3,15,72,""+10.929"",5813702,62,6,""1:14.413"",""206.044"",1"
"25689,1088,1,131,44,4,4,""4"",4,12,72,""+13.016"",5815789,54,3,""1:13.854"",""207.604"",1"
"25690,1088,815,9,11,5,5,""5"",5,10,72,""+18.168"",5820941,63,5,""1:14.404"",""206.069"",1"
"25691,1088,4,214,14,13,6,""6"",6,8,72,""+18.754"",5821527,51,4,""1:14.144"",""206.792"",1"
"25692,1088,846,1,4,7,7,""7"",7,6,72,""+19.306"",5822079,63,8,""1:14.706"",""205.236"",1"
"25693,1088,832,6,55,3,8,""8"",8,4,72,""+20.916"",5823689,63,7,""1:14.643"",""205.409"",1"
"25694,1088,839,214,31,12,9,""9"",9,2,72,""+21.117"",5823890,64,11,""1:15.084"",""204.203"",1"
"25695,1088,840,117,18,10,10,""10"",10,1,72,""+22.459"",5825232,65,10,""1:15.043"",""204.314"",1"
"25696,1088,842,213,10,11,11,""11"",11,0,72,""+27.009"",5829782,65,12,""1:15.165"",""203.983"",1"
"25697,1088,848,3,23,15,12,""12"",12,0,72,""+30.390"",5833163,65,15,""1:15.534"",""202.986"",1"
"25698,1088,854,210,47,8,13,""13"",13,0,72,""+32.995"",5835768,51,13,""1:15.233"",""203.798"",1"
"25699,1088,20,117,5,19,14,""14"",14,0,72,""+36.007"",5838780,50,9,""1:14.862"",""204.808"",1"
"25700,1088,825,210,20,18,15,""15"",15,0,72,""+36.869"",5839642,53,14,""1:15.369"",""203.431"",1"
"25701,1088,855,51,24,14,16,""16"",16,0,72,""+37.320"",5840093,63,17,""1:15.940"",""201.901"",1"
"25702,1088,817,1,3,17,17,""17"",17,0,72,""+37.764"",5840537,52,16,""1:15.577"",""202.871"",1"
"25703,1088,849,3,6,20,18,""18"",18,0,71,\N,\N,62,18,""1:16.066"",""201.567"",11"
"25704,1088,822,51,77,16,\N,""R"",19,0,53,\N,\N,51,19,""1:16.844"",""199.526"",5"
"25705,1088,852,213,22,9,\N,""R"",20,0,43,\N,\N,16,20,""1:17.138"",""198.765"",24"
"25706,1089,830,9,1,7,1,""1"",1,25,53,""1:20:27.511"",4827511,38,6,""1:24.745"",""246.088"",1"
"25707,1089,844,6,16,1,2,""2"",2,18,53,""+2.446"",4829957,38,2,""1:24.336"",""247.282"",1"
"25708,1089,847,131,63,2,3,""3"",3,15,53,""+3.405"",4830916,40,7,""1:25.288"",""244.522"",1"
"25709,1089,832,6,55,18,4,""4"",4,12,53,""+5.061"",4832572,41,4,""1:24.446"",""246.960"",1"
"25710,1089,1,131,44,19,5,""5"",5,10,53,""+5.380"",4832891,43,3,""1:24.434"",""246.995"",1"
"25711,1089,815,9,11,13,6,""6"",6,9,53,""+6.091"",4833602,46,1,""1:24.030"",""248.182"",1"
"25712,1089,846,1,4,3,7,""7"",7,6,53,""+6.207"",4833718,43,5,""1:24.718"",""246.167"",1"
"25713,1089,842,213,10,5,8,""8"",8,4,53,""+6.396"",4833907,30,14,""1:26.718"",""240.489"",1"
"25714,1089,856,3,45,8,9,""9"",9,2,53,""+7.122"",4834633,41,13,""1:26.624"",""240.750"",1"
"25715,1089,855,51,24,9,10,""10"",10,1,53,""+7.910"",4835421,41,10,""1:26.361"",""241.484"",1"
"25716,1089,839,214,31,14,11,""11"",11,0,53,""+8.323"",4835834,37,11,""1:26.593"",""240.837"",1"
"25717,1089,854,210,47,17,12,""12"",12,0,53,""+8.549"",4836060,43,8,""1:25.298"",""244.493"",1"
"25718,1089,822,51,77,15,13,""13"",13,0,52,\N,\N,45,9,""1:25.706"",""243.329"",11"
"25719,1089,852,213,22,20,14,""14"",14,0,52,\N,\N,43,17,""1:26.857"",""240.105"",11"
"25720,1089,849,3,6,10,15,""15"",15,0,52,\N,\N,17,15,""1:26.798"",""240.268"",11"
"25721,1089,825,210,20,16,16,""16"",16,0,52,\N,\N,37,16,""1:26.798"",""240.268"",11"
"25722,1089,817,1,3,4,\N,""R"",17,0,45,\N,\N,39,12,""1:26.603"",""240.809"",44"
"25723,1089,840,117,18,12,\N,""R"",18,0,39,\N,\N,34,19,""1:27.467"",""238.430"",5"
"25724,1089,4,214,14,6,\N,""R"",19,0,31,\N,\N,7,18,""1:27.203"",""239.152"",34"
"25725,1089,20,117,5,11,\N,""R"",20,0,10,\N,\N,4,20,""1:27.501"",""238.337"",5"
"25726,1091,815,9,11,2,1,""1"",1,25,59,""2:02:20.238"",7340238,57,2,""1:48.165"",""168.509"",1"
"25727,1091,844,6,16,1,2,""2"",2,18,59,""+2.595"",7342833,54,4,""1:48.753"",""167.598"",1"
"25728,1091,832,6,55,4,3,""3"",3,15,59,""+10.305"",7350543,59,3,""1:48.414"",""168.122"",1"
"25729,1091,846,1,4,6,4,""4"",4,12,59,""+21.133"",7361371,56,6,""1:49.212"",""166.893"",1"
"25730,1091,817,1,3,16,5,""5"",5,10,59,""+53.282"",7393520,57,12,""1:51.006"",""164.196"",1"
"25731,1091,840,117,18,11,6,""6"",6,8,59,""+56.330"",7396568,58,7,""1:50.283"",""165.272"",1"
"25732,1091,830,9,1,8,7,""7"",7,6,59,""+58.825"",7399063,52,5,""1:49.142"",""167.000"",1"
"25733,1091,20,117,5,13,8,""8"",8,4,59,""+1:00.032"",7400270,58,11,""1:50.669"",""164.696"",1"
"25734,1091,1,131,44,3,9,""9"",9,2,59,""+1:01.515"",7401753,58,10,""1:50.622"",""164.766"",1"
"25735,1091,842,213,10,7,10,""10"",10,1,59,""+1:09.576"",7409814,56,9,""1:50.569"",""164.845"",1"
"25736,1091,822,51,77,15,11,""11"",11,0,59,""+1:28.844"",7429082,52,13,""1:51.864"",""162.937"",1"
"25737,1091,825,210,20,9,12,""12"",12,0,59,""+1:32.610"",7432848,59,14,""1:52.067"",""162.641"",1"
"25738,1091,854,210,47,12,13,""13"",13,0,58,\N,\N,58,8,""1:50.290"",""165.262"",11"
"25739,1091,847,131,63,0,14,""14"",14,0,57,\N,\N,54,1,""1:46.458"",""171.211"",12"
"25740,1091,852,213,22,10,\N,""R"",15,0,34,\N,\N,32,15,""1:58.716"",""153.532"",3"
"25741,1091,839,214,31,17,\N,""R"",16,0,26,\N,\N,24,17,""2:01.105"",""150.504"",5"
"25742,1091,848,3,23,18,\N,""R"",17,0,25,\N,\N,24,18,""2:02.121"",""149.251"",130"
"25743,1091,4,214,14,5,\N,""R"",18,0,20,\N,\N,19,16,""2:00.463"",""151.306"",5"
"25744,1091,849,3,6,19,\N,""R"",19,0,7,\N,\N,5,20,""2:05.585"",""145.135"",130"
"25745,1091,855,51,24,14,\N,""R"",20,0,6,\N,\N,5,19,""2:05.556"",""145.168"",4"
"25746,1092,830,9,1,1,1,""1"",1,25,28,""3:01:44.004"",10904004,10,4,""1:44.911"",""199.266"",1"
"25747,1092,815,9,11,4,2,""2"",2,18,28,""+27.066"",10931070,11,9,""1:46.120"",""196.995"",1"
"25748,1092,844,6,16,2,3,""3"",3,15,28,""+31.763"",10935767,10,3,""1:44.489"",""200.070"",1"
"25749,1092,839,214,31,5,4,""4"",4,12,28,""+39.685"",10943689,11,11,""1:46.559"",""196.184"",1"
"25750,1092,1,131,44,6,5,""5"",5,10,28,""+40.326"",10944330,11,7,""1:45.530"",""198.097"",1"
"25751,1092,20,117,5,9,6,""6"",6,8,28,""+46.358"",10950362,13,12,""1:46.964"",""195.441"",1"
"25752,1092,4,214,14,7,7,""7"",7,6,28,""+46.369"",10950373,25,2,""1:44.412"",""200.218"",1"
"25753,1092,847,131,63,8,8,""8"",8,4,28,""+47.661"",10951665,21,13,""1:47.004"",""195.368"",1"
"25754,1092,849,3,6,20,9,""9"",9,2,28,""+1:10.143"",10974147,12,18,""1:48.371"",""192.904"",1"
"25755,1092,846,1,4,10,10,""10"",10,1,28,""+1:10.782"",10974786,8,17,""1:48.175"",""193.253"",1"
"25756,1092,817,1,3,11,11,""11"",11,0,28,""+1:12.877"",10976881,11,15,""1:47.843"",""193.848"",1"
"25757,1092,840,117,18,19,12,""12"",12,0,28,""+1:13.904"",10977908,21,5,""1:45.205"",""198.709"",1"
"25758,1092,852,213,22,13,13,""13"",13,0,28,""+1:15.599"",10979603,22,8,""1:45.893"",""197.418"",1"
"25759,1092,825,210,20,18,14,""14"",14,0,28,""+1:26.016"",10990020,10,16,""1:48.072"",""193.437"",1"
"25760,1092,822,51,77,12,15,""15"",15,0,28,""+1:26.496"",10990500,11,14,""1:47.820"",""193.889"",1"
"25761,1092,855,51,24,14,16,""16"",16,0,28,""+1:27.043"",10991047,20,1,""1:44.411"",""200.220"",1"
"25762,1092,854,210,47,15,17,""17"",17,0,28,""+1:32.523"",10996527,22,6,""1:45.387"",""198.366"",1"
"25763,1092,842,213,10,17,18,""18"",18,0,28,""+1:48.091"",11012095,13,10,""1:46.545"",""196.210"",1"
"25764,1092,832,6,55,3,\N,""R"",19,0,0,\N,\N,\N,0,\N,\N,3"
"25765,1092,848,3,23,16,\N,""R"",20,0,0,\N,\N,\N,0,\N,\N,9"
"25766,1093,830,9,1,2,1,""1"",1,25,56,""1:42:11.687"",6131687,37,2,""1:39.541"",""199.383"",1"
"25767,1093,1,131,44,3,2,""2"",2,18,56,""+5.023"",6136710,45,5,""1:39.830"",""198.805"",1"
"25768,1093,844,6,16,12,3,""3"",3,15,56,""+7.501"",6139188,37,4,""1:39.731"",""199.003"",1"
"25769,1093,815,9,11,9,4,""4"",4,12,56,""+8.293"",6139980,44,3,""1:39.563"",""199.339"",1"
"25770,1093,847,131,63,4,5,""5"",5,11,56,""+44.815"",6176502,56,1,""1:38.788"",""200.902"",1"
"25771,1093,846,1,4,6,6,""6"",6,8,56,""+53.785"",6185472,49,7,""1:41.322"",""195.878"",1"
"25772,1093,4,214,14,14,7,""7"",7,6,56,""+55.078"",6186765,39,8,""1:41.538"",""195.461"",1"
"25773,1093,20,117,5,10,8,""8"",8,4,56,""+1:05.354"",6197041,35,16,""1:42.546"",""193.540"",1"
"25774,1093,825,210,20,13,9,""9"",9,2,56,""+1:05.834"",6197521,36,11,""1:42.206"",""194.184"",1"
"25775,1093,852,213,22,19,10,""10"",10,1,56,""+1:10.919"",6202606,49,6,""1:41.243"",""196.031"",1"
"25776,1093,839,214,31,0,11,""11"",11,0,56,""+1:12.875"",6204562,39,13,""1:42.394"",""193.827"",1"
"25777,1093,855,51,24,18,12,""12"",12,0,56,""+1:16.164"",6207851,46,15,""1:42.471"",""193.682"",1"
"25778,1093,848,3,23,8,13,""13"",13,0,56,""+1:20.057"",6211744,55,9,""1:41.674"",""195.200"",1"
"25779,1093,842,213,10,11,14,""14"",14,0,56,""+1:21.763"",6213450,55,12,""1:42.320"",""193.967"",1"
"25780,1093,854,210,47,16,15,""15"",15,0,56,""+1:24.490"",6216177,51,10,""1:41.804"",""194.951"",1"
"25781,1093,817,1,3,15,16,""16"",16,0,56,""+1:30.487"",6222174,55,14,""1:42.420"",""193.778"",1"
"25782,1093,849,3,6,17,17,""17"",17,0,56,""+1:43.588"",6235275,54,19,""1:43.485"",""191.784"",1"
"25783,1093,840,117,18,5,\N,""R"",18,0,21,\N,\N,3,17,""1:43.080"",""192.537"",4"
"25784,1093,822,51,77,7,\N,""R"",19,0,16,\N,\N,4,18,""1:43.391"",""191.958"",20"
"25785,1093,832,6,55,1,\N,""R"",20,0,1,\N,\N,\N,0,\N,\N,130"
"25786,1094,830,9,1,1,1,""1"",1,25,71,""1:38:36.729"",5916729,36,4,""1:22.046"",""188.850"",1"
"25787,1094,1,131,44,3,2,""2"",2,18,71,""+15.186"",5931915,32,5,""1:22.062"",""188.813"",1"
"25788,1094,815,9,11,4,3,""3"",3,15,71,""+18.097"",5934826,30,2,""1:21.775"",""189.476"",1"
"25789,1094,847,131,63,2,4,""4"",4,13,71,""+49.431"",5966160,71,1,""1:20.153"",""193.310"",1"
"25790,1094,832,6,55,5,5,""5"",5,10,71,""+58.123"",5974852,32,6,""1:22.199"",""188.498"",1"
"25791,1094,844,6,16,7,6,""6"",6,8,71,""+1:08.774"",5985503,48,10,""1:22.603"",""187.576"",1"
"25792,1094,817,1,3,11,7,""7"",7,6,70,\N,\N,48,3,""1:22.022"",""188.905"",11"
"25793,1094,839,214,31,10,8,""8"",8,4,70,\N,\N,48,14,""1:23.279"",""186.054"",11"
"25794,1094,846,1,4,8,9,""9"",9,2,70,\N,\N,48,17,""1:23.402"",""185.779"",11"
"25795,1094,822,51,77,6,10,""10"",10,1,70,\N,\N,43,16,""1:23.363"",""185.866"",11"
"25796,1094,842,213,10,14,11,""11"",11,0,70,\N,\N,42,8,""1:22.277"",""188.319"",11"
"25797,1094,848,3,23,17,12,""12"",12,0,70,\N,\N,48,12,""1:22.914"",""186.873"",11"
"25798,1094,855,51,24,12,13,""13"",13,0,70,\N,\N,47,7,""1:22.260"",""188.358"",11"
"25799,1094,20,117,5,16,14,""14"",14,0,70,\N,\N,45,13,""1:23.086"",""186.486"",11"
"25800,1094,840,117,18,20,15,""15"",15,0,70,\N,\N,42,9,""1:22.463"",""187.895"",11"
"25801,1094,854,210,47,15,16,""16"",16,0,70,\N,\N,30,19,""1:23.641"",""185.248"",11"
"25802,1094,825,210,20,19,17,""17"",17,0,70,\N,\N,49,15,""1:23.300"",""186.007"",11"
"25803,1094,849,3,6,18,18,""18"",18,0,69,\N,\N,56,20,""1:23.709"",""185.098"",12"
"25804,1094,4,214,14,9,19,""19"",19,0,63,\N,\N,48,11,""1:22.866"",""186.981"",5"
"25805,1094,852,213,22,13,\N,""R"",20,0,50,\N,\N,48,18,""1:23.403"",""185.777"",130"
"25806,1095,847,131,63,1,1,""1"",1,26,71,""1:38:34.044"",5914044,61,1,""1:13.785"",""210.237"",1"
"25807,1095,1,131,44,2,2,""2"",2,18,71,""+1.529"",5915573,63,2,""1:13.942"",""209.791"",1"
"25808,1095,832,6,55,7,3,""3"",3,15,71,""+4.051"",5918095,65,3,""1:13.953"",""209.760"",1"
"25809,1095,844,6,16,5,4,""4"",4,12,71,""+8.441"",5922485,63,6,""1:14.253"",""208.912"",1"
"25810,1095,4,214,14,17,5,""5"",5,10,71,""+9.561"",5923605,62,4,""1:14.164"",""209.163"",1"
"25811,1095,830,9,1,3,6,""6"",6,8,71,""+10.056"",5924100,64,5,""1:14.195"",""209.076"",1"
"25812,1095,815,9,11,4,7,""7"",7,6,71,""+14.080"",5928124,62,7,""1:14.283"",""208.828"",1"
"25813,1095,839,214,31,16,8,""8"",8,4,71,""+18.690"",5932734,65,9,""1:15.093"",""206.575"",1"
"25814,1095,822,51,77,14,9,""9"",9,2,71,""+22.552"",5936596,62,14,""1:15.511"",""205.432"",1"
"25815,1095,840,117,18,15,10,""10"",10,1,71,""+23.552"",5937596,50,8,""1:14.831"",""207.299"",1"
"25816,1095,20,117,5,9,11,""11"",11,0,71,""+26.183"",5940227,64,15,""1:15.549"",""205.328"",1"
"25817,1095,855,51,24,13,12,""12"",12,0,71,""+29.325"",5943369,64,17,""1:15.802"",""204.643"",1"
"25818,1095,854,210,47,12,13,""13"",13,0,71,""+29.899"",5943943,63,10,""1:15.251"",""206.142"",1"
"25819,1095,842,213,10,10,14,""14"",14,0,71,""+31.867"",5945911,64,12,""1:15.327"",""205.934"",1"
"25820,1095,848,3,23,19,15,""15"",15,0,71,""+36.016"",5950060,49,16,""1:15.613"",""205.155"",1"
"25821,1095,849,3,6,18,16,""16"",16,0,71,""+37.038"",5951082,59,11,""1:15.327"",""205.934"",1"
"25822,1095,852,213,22,0,17,""17"",17,0,70,\N,\N,63,13,""1:15.508"",""205.440"",11"
"25823,1095,846,1,4,6,\N,""R"",18,0,50,\N,\N,48,18,""1:15.855"",""204.500"",6"
"25824,1095,825,210,20,8,\N,""R"",19,0,0,\N,\N,\N,0,\N,\N,4"
"25825,1095,817,1,3,11,\N,""R"",20,0,0,\N,\N,\N,0,\N,\N,4"
"25826,1096,830,9,1,1,1,""1"",1,25,58,""1:27:45.914"",5265914,54,6,""1:29.392"",""212.676"",1"
"25827,1096,844,6,16,3,2,""2"",2,18,58,""+8.771"",5274685,48,10,""1:29.719"",""211.901"",1"
"25828,1096,815,9,11,2,3,""3"",3,15,58,""+10.093"",5276007,52,4,""1:28.972"",""213.680"",1"
"25829,1096,832,6,55,4,4,""4"",4,12,58,""+24.892"",5290806,50,3,""1:28.879"",""213.904"",1"
"25830,1096,847,131,63,6,5,""5"",5,10,58,""+35.888"",5301802,48,2,""1:28.836"",""214.007"",1"
"25831,1096,846,1,4,7,6,""6"",6,9,58,""+56.234"",5322148,44,1,""1:28.391"",""215.085"",1"
"25832,1096,839,214,31,8,7,""7"",7,6,58,""+57.240"",5323154,45,5,""1:29.333"",""212.817"",1"
"25833,1096,840,117,18,14,8,""8"",8,4,58,""+1:16.931"",5342845,42,9,""1:29.620"",""212.135"",1"
"25834,1096,817,1,3,13,9,""9"",9,2,58,""+1:23.268"",5349182,45,18,""1:30.785"",""209.413"",1"
"25835,1096,20,117,5,9,10,""10"",10,1,58,""+1:23.898"",5349812,35,15,""1:30.312"",""210.510"",1"
"25836,1096,852,213,22,11,11,""11"",11,0,58,""+1:29.371"",5355285,40,7,""1:29.489"",""212.446"",1"
"25837,1096,855,51,24,15,12,""12"",12,0,57,\N,\N,53,8,""1:29.600"",""212.183"",11"
"25838,1096,848,3,23,19,13,""13"",13,0,57,\N,\N,40,13,""1:29.939"",""211.383"",11"
"25839,1096,842,213,10,17,14,""14"",14,0,57,\N,\N,16,19,""1:31.081"",""208.732"",11"
"25840,1096,822,51,77,18,15,""15"",15,0,57,\N,\N,47,16,""1:30.352"",""210.417"",11"
"25841,1096,854,210,47,12,16,""16"",16,0,57,\N,\N,39,12,""1:29.833"",""211.632"",11"
"25842,1096,825,210,20,16,17,""17"",17,0,57,\N,\N,40,20,""1:31.158"",""208.556"",11"
"25843,1096,1,131,44,5,18,""18"",18,0,55,\N,\N,42,11,""1:29.788"",""211.738"",9"
"25844,1096,849,3,6,20,19,""19"",19,0,55,\N,\N,45,14,""1:30.309"",""210.517"",130"
"25845,1096,4,214,14,10,\N,""R"",20,0,27,\N,\N,24,17,""1:30.579"",""209.889"",47"
"25846,1098,830,9,1,1,1,""1"",1,25,57,""1:33:56.736"",5636736,44,6,""1:36.236"",""202.452"",1"
"25847,1098,815,9,11,2,2,""2"",2,18,57,""+11.987"",5648723,37,7,""1:36.344"",""202.225"",1"
"25848,1098,4,117,14,5,3,""3"",3,15,57,""+38.637"",5675373,36,5,""1:36.156"",""202.620"",1"
"25849,1098,832,6,55,4,4,""4"",4,12,57,""+48.052"",5684788,37,14,""1:37.130"",""200.588"",1"
"25850,1098,1,131,44,7,5,""5"",5,10,57,""+50.977"",5687713,36,10,""1:36.546"",""201.802"",1"
"25851,1098,840,117,18,8,6,""6"",6,8,57,""+54.502"",5691238,32,9,""1:36.546"",""201.802"",1"
"25852,1098,847,131,63,6,7,""7"",7,6,57,""+55.873"",5692609,33,17,""1:37.221"",""200.401"",1"
"25853,1098,822,51,77,12,8,""8"",8,4,57,""+1:12.647"",5709383,31,18,""1:37.379"",""200.075"",1"
"25854,1098,842,214,10,20,9,""9"",9,2,57,""+1:13.753"",5710489,42,2,""1:35.068"",""204.939"",1"
"25855,1098,848,3,23,15,10,""10"",10,1,57,""+1:29.774"",5726510,43,15,""1:37.144"",""200.559"",1"
"25856,1098,852,213,22,14,11,""11"",11,0,57,""+1:30.870"",5727606,42,12,""1:36.637"",""201.612"",1"
"25857,1098,858,3,2,16,12,""12"",12,0,56,\N,\N,42,4,""1:36.037"",""202.871"",11"
"25858,1098,825,210,20,17,13,""13"",13,0,56,\N,\N,42,8,""1:36.471"",""201.959"",11"
"25859,1098,856,213,21,19,14,""14"",14,0,56,\N,\N,30,19,""1:37.709"",""199.400"",11"
"25860,1098,807,210,27,10,15,""15"",15,0,56,\N,\N,42,11,""1:36.616"",""201.656"",11"
"25861,1098,855,51,24,13,16,""16"",16,0,56,\N,\N,56,1,""1:33.996"",""207.276"",11"
"25862,1098,846,1,4,11,17,""17"",17,0,55,\N,\N,51,3,""1:35.822"",""203.327"",12"
"25863,1098,839,214,31,9,\N,""R"",18,0,41,\N,\N,34,13,""1:36.797"",""201.278"",26"
"25864,1098,844,6,16,3,\N,""R"",19,0,39,\N,\N,37,16,""1:37.170"",""200.506"",5"
"25865,1098,857,1,81,18,\N,""R"",20,0,13,\N,\N,3,20,""1:40.691"",""193.494"",10"
"25866,1099,815,9,11,1,1,""1"",1,25,50,""1:21:14.894"",4874894,38,2,""1:32.188"",""241.098"",1"
"25867,1099,830,9,1,15,2,""2"",2,19,50,""+5.355"",4880249,50,1,""1:31.906"",""241.838"",1"
"25868,1099,4,117,14,2,3,""3"",3,15,50,""+20.728"",4895622,50,3,""1:32.240"",""240.962"",1"
"25869,1099,847,131,63,3,4,""4"",4,12,50,""+25.866"",4900760,50,4,""1:32.433"",""240.459"",1"
"25870,1099,1,131,44,7,5,""5"",5,10,50,""+31.065"",4905959,47,6,""1:32.941"",""239.145"",1"
"25871,1099,832,6,55,4,6,""6"",6,8,50,""+35.876"",4910770,50,5,""1:32.822"",""239.451"",1"
"25872,1099,844,6,16,12,7,""7"",7,6,50,""+43.162"",4918056,47,7,""1:33.056"",""238.849"",1"
"25873,1099,839,214,31,6,8,""8"",8,4,50,""+52.832"",4927726,49,8,""1:33.222"",""238.424"",1"
"25874,1099,842,214,10,9,9,""9"",9,2,50,""+54.747"",4929641,50,10,""1:33.392"",""237.990"",1"
"25875,1099,825,210,20,13,10,""10"",10,1,50,""+1:04.826"",4939720,44,9,""1:33.374"",""238.036"",1"
"25876,1099,852,213,22,16,11,""11"",11,0,50,""+1:07.494"",4942388,50,14,""1:33.931"",""236.624"",1"
"25877,1099,807,210,27,10,12,""12"",12,0,50,""+1:10.588"",4945482,50,12,""1:33.780"",""237.005"",1"
"25878,1099,855,51,24,11,13,""13"",13,0,50,""+1:16.060"",4950954,49,13,""1:33.894"",""236.718"",1"
"25879,1099,856,213,21,18,14,""14"",14,0,50,""+1:17.478"",4952372,49,11,""1:33.609"",""237.438"",1"
"25880,1099,857,1,81,8,15,""15"",15,0,50,""+1:25.021"",4959915,48,16,""1:34.287"",""235.731"",1"
"25881,1099,858,3,2,20,16,""16"",16,0,50,""+1:26.293"",4961187,49,18,""1:34.469"",""235.277"",1"
"25882,1099,846,1,4,19,17,""17"",17,0,50,""+1:26.445"",4961339,49,15,""1:34.122"",""236.144"",1"
"25883,1099,822,51,77,14,18,""18"",18,0,49,\N,\N,37,17,""1:34.384"",""235.489"",11"
"25884,1099,848,3,23,17,\N,""R"",19,0,27,\N,\N,24,20,""1:35.567"",""232.574"",23"
"25885,1099,840,117,18,5,\N,""R"",20,0,16,\N,\N,7,19,""1:35.140"",""233.617"",5"
"25886,1100,830,9,1,1,1,""1"",1,25,58,""2:32:38.371"",9158371,49,2,""1:20.342"",""236.498"",1"
"25887,1100,1,131,44,3,2,""2"",2,18,58,""+0.179"",9158550,49,5,""1:20.613"",""235.703"",1"
"25888,1100,4,117,14,4,3,""3"",3,15,58,""+0.769"",9159140,53,4,""1:20.476"",""236.105"",1"
"25889,1100,840,117,18,6,4,""4"",4,12,58,""+3.082"",9161453,50,6,""1:20.934"",""234.769"",1"
"25890,1100,815,9,11,0,5,""5"",5,11,58,""+3.320"",9161691,53,1,""1:20.235"",""236.814"",1"
"25891,1100,846,1,4,13,6,""6"",6,8,58,""+3.701"",9162072,46,9,""1:21.173"",""234.077"",1"
"25892,1100,807,210,27,10,7,""7"",7,6,58,""+4.939"",9163310,46,8,""1:21.124"",""234.219"",1"
"25893,1100,857,1,81,16,8,""8"",8,4,58,""+5.382"",9163753,53,12,""1:21.335"",""233.611"",1"
"25894,1100,855,51,24,17,9,""9"",9,2,58,""+5.713"",9164084,48,16,""1:21.819"",""232.229"",1"
"25895,1100,852,213,22,12,10,""10"",10,1,58,""+6.052"",9164423,52,15,""1:21.789"",""232.314"",1"
"25896,1100,822,51,77,0,11,""11"",11,0,58,""+6.513"",9164884,46,17,""1:22.233"",""231.060"",1"
"25897,1100,832,6,55,5,12,""12"",12,0,58,""+6.594"",9164965,53,3,""1:20.467"",""236.131"",1"
"25898,1100,842,214,10,9,13,""13"",13,0,56,\N,\N,47,7,""1:20.995"",""234.592"",4"
"25899,1100,839,214,31,11,14,""14"",14,0,56,\N,\N,44,11,""1:21.203"",""233.991"",4"
"25900,1100,856,213,21,15,15,""15"",15,0,56,\N,\N,50,10,""1:21.183"",""234.049"",4"
"25901,1100,858,3,2,18,16,""16"",16,0,56,\N,\N,50,13,""1:21.456"",""233.264"",4"
"25902,1100,825,210,20,14,17,""17"",17,0,52,\N,\N,52,14,""1:21.685"",""232.610"",3"
"25903,1100,847,131,63,2,\N,""R"",18,0,17,\N,\N,16,18,""1:22.680"",""229.811"",5"
"25904,1100,848,3,23,8,\N,""R"",19,0,6,\N,\N,6,19,""1:23.349"",""227.966"",3"
"25905,1100,844,6,16,7,\N,""R"",20,0,0,\N,\N,\N,0,\N,\N,4"
"25906,1101,815,9,11,3,1,""1"",1,25,51,""1:32:42.436"",5562436,50,5,""1:44.589"",""206.625"",1"
"25907,1101,830,9,1,2,2,""2"",2,18,51,""+2.137"",5564573,51,2,""1:44.232"",""207.333"",1"
"25908,1101,844,6,16,1,3,""3"",3,15,51,""+21.217"",5583653,49,4,""1:44.561"",""206.681"",1"
"25909,1101,4,117,14,6,4,""4"",4,12,51,""+22.024"",5584460,49,3,""1:44.241"",""207.315"",1"
"25910,1101,832,6,55,4,5,""5"",5,10,51,""+45.491"",5607927,48,6,""1:45.175"",""205.474"",1"
"25911,1101,1,131,44,5,6,""6"",6,8,51,""+46.145"",5608581,48,7,""1:45.346"",""205.141"",1"
"25912,1101,840,117,18,9,7,""7"",7,6,51,""+51.617"",5614053,45,9,""1:45.627"",""204.595"",1"
"25913,1101,847,131,63,11,8,""8"",8,5,51,""+1:14.240"",5636676,51,1,""1:43.370"",""209.062"",1"
"25914,1101,846,1,4,7,9,""9"",9,2,51,""+1:20.376"",5642812,49,12,""1:45.738"",""204.380"",1"
"25915,1101,852,213,22,8,10,""10"",10,1,51,""+1:23.862"",5646298,51,11,""1:45.727"",""204.401"",1"
"25916,1101,857,1,81,10,11,""11"",11,0,51,""+1:26.501"",5648937,51,10,""1:45.631"",""204.587"",1"
"25917,1101,848,3,23,12,12,""12"",12,0,51,""+1:28.623"",5651059,51,15,""1:45.925"",""204.019"",1"
"25918,1101,825,210,20,16,13,""13"",13,0,51,""+1:29.729"",5652165,51,13,""1:45.850"",""204.164"",1"
"25919,1101,842,214,10,17,14,""14"",14,0,51,""+1:31.332"",5653768,47,8,""1:45.540"",""204.764"",1"
"25920,1101,839,214,31,0,15,""15"",15,0,51,""+1:37.794"",5660230,49,14,""1:45.908"",""204.052"",1"
"25921,1101,858,3,2,14,16,""16"",16,0,51,""+1:40.943"",5663379,49,17,""1:46.501"",""202.916"",1"
"25922,1101,807,210,27,0,17,""17"",17,0,50,\N,\N,34,18,""1:46.731"",""202.479"",11"
"25923,1101,822,51,77,13,18,""18"",18,0,50,\N,\N,36,16,""1:46.304"",""203.292"",11"
"25924,1101,855,51,24,15,\N,""R"",19,0,36,\N,\N,31,19,""1:47.553"",""200.931"",25"
"25925,1101,856,213,21,18,\N,""R"",20,0,9,\N,\N,4,20,""1:48.781"",""198.663"",3"
"25926,1102,830,9,1,9,1,""1"",1,26,57,""1:27:38.241"",5258241,56,1,""1:29.708"",""217.184"",1"
"25927,1102,815,9,11,1,2,""2"",2,18,57,""+5.384"",5263625,57,3,""1:30.560"",""215.141"",1"
"25928,1102,4,117,14,2,3,""3"",3,15,57,""+26.305"",5284546,57,2,""1:30.519"",""215.238"",1"
"25929,1102,847,131,63,6,4,""4"",4,12,57,""+33.229"",5291470,57,7,""1:31.015"",""214.065"",1"
"25930,1102,832,6,55,3,5,""5"",5,10,57,""+42.511"",5300752,55,10,""1:31.362"",""213.252"",1"
"25931,1102,1,131,44,13,6,""6"",6,8,57,""+51.249"",5309490,57,4,""1:30.669"",""214.882"",1"
"25932,1102,844,6,16,7,7,""7"",7,6,57,""+52.988"",5311229,57,11,""1:31.434"",""213.084"",1"
"25933,1102,842,214,10,5,8,""8"",8,4,57,""+55.670"",5313911,55,17,""1:31.971"",""211.840"",1"
"25934,1102,839,214,31,8,9,""9"",9,2,57,""+58.123"",5316364,56,9,""1:31.143"",""213.765"",1"
"25935,1102,825,210,20,4,10,""10"",10,1,57,""+1:02.945"",5321186,53,13,""1:31.691"",""212.487"",1"
"25936,1102,852,213,22,17,11,""11"",11,0,57,""+1:04.309"",5322550,56,8,""1:31.038"",""214.011"",1"
"25937,1102,840,117,18,18,12,""12"",12,0,57,""+1:04.754"",5322995,44,5,""1:30.862"",""214.426"",1"
"25938,1102,822,51,77,10,13,""13"",13,0,57,""+1:11.637"",5329878,56,15,""1:31.838"",""212.147"",1"
"25939,1102,848,3,23,11,14,""14"",14,0,57,""+1:12.861"",5331102,55,16,""1:31.852"",""212.115"",1"
"25940,1102,807,210,27,12,15,""15"",15,0,57,""+1:14.950"",5333191,36,6,""1:30.901"",""214.334"",1"
"25941,1102,855,51,24,14,16,""16"",16,0,57,""+1:18.440"",5336681,56,14,""1:31.736"",""212.383"",1"
"25942,1102,846,1,4,16,17,""17"",17,0,57,""+1:27.717"",5345958,47,20,""1:32.401"",""210.854"",1"
"25943,1102,856,213,21,15,18,""18"",18,0,57,""+1:28.949"",5347190,57,12,""1:31.562"",""212.786"",1"
"25944,1102,857,1,81,19,19,""19"",19,0,56,\N,\N,56,18,""1:32.006"",""211.760"",11"
"25945,1102,858,3,2,20,20,""20"",20,0,56,\N,\N,50,19,""1:32.384"",""210.893"",11"
"25946,1104,830,9,1,1,1,""1"",1,25,78,""1:48:51.980"",6531980,23,7,""1:16.604"",""156.822"",1"
"25947,1104,4,117,14,2,2,""2"",2,18,78,""+27.921"",6559901,43,9,""1:16.674"",""156.678"",1"
"25948,1104,839,214,31,3,3,""3"",3,15,78,""+36.990"",6568970,41,6,""1:16.528"",""156.977"",1"
"25949,1104,1,131,44,5,4,""4"",4,13,78,""+39.062"",6571042,33,1,""1:15.650"",""158.799"",1"
"25950,1104,847,131,63,8,5,""5"",5,10,78,""+56.284"",6588264,48,10,""1:16.798"",""156.425"",1"
"25951,1104,844,6,16,6,6,""6"",6,8,78,""+1:01.890"",6593870,46,2,""1:15.773"",""158.541"",1"
"25952,1104,842,214,10,7,7,""7"",7,6,78,""+1:02.362"",6594342,49,3,""1:15.831"",""158.420"",1"
"25953,1104,832,6,55,4,8,""8"",8,4,78,""+1:03.391"",6595371,43,5,""1:16.449"",""157.140"",1"
"25954,1104,846,1,4,10,9,""9"",9,2,77,\N,\N,46,19,""1:17.844"",""154.324"",11"
"25955,1104,857,1,81,11,10,""10"",10,1,77,\N,\N,47,14,""1:17.513"",""154.983"",11"
"25956,1104,822,51,77,15,11,""11"",11,0,77,\N,\N,19,18,""1:17.824"",""154.363"",11"
"25957,1104,856,213,21,12,12,""12"",12,0,77,\N,\N,43,15,""1:17.561"",""154.887"",11"
"25958,1104,855,51,24,19,13,""13"",13,0,77,\N,\N,5,11,""1:16.926"",""156.165"",11"
"25959,1104,848,3,23,13,14,""14"",14,0,77,\N,\N,24,8,""1:16.672"",""156.683"",11"
"25960,1104,852,213,22,9,15,""15"",15,0,76,\N,\N,36,16,""1:17.680"",""154.649"",12"
"25961,1104,815,9,11,20,16,""16"",16,0,76,\N,\N,5,4,""1:16.269"",""157.510"",12"
"25962,1104,807,210,27,18,17,""17"",17,0,76,\N,\N,6,12,""1:16.991"",""156.033"",12"
"25963,1104,858,3,2,16,18,""18"",18,0,76,\N,\N,32,13,""1:17.302"",""155.406"",12"
"25964,1104,825,210,20,17,\N,""R"",19,0,70,\N,\N,41,20,""1:18.351"",""153.325"",130"
"25965,1104,840,117,18,14,\N,""R"",20,0,53,\N,\N,18,17,""1:17.769"",""154.472"",3"
"25966,1105,830,9,1,1,1,""1"",1,26,66,""1:27:57.940"",5277940,61,1,""1:16.330"",""219.641"",1"
"25967,1105,1,131,44,4,2,""2"",2,18,66,""+24.090"",5302030,62,3,""1:16.676"",""218.649"",1"
"25968,1105,847,131,63,12,3,""3"",3,15,66,""+32.389"",5310329,48,5,""1:17.875"",""215.283"",1"
"25969,1105,815,9,11,11,4,""4"",4,12,66,""+35.812"",5313752,52,2,""1:16.666"",""218.678"",1"
"25970,1105,832,6,55,2,5,""5"",5,10,66,""+45.698"",5323638,60,11,""1:18.403"",""213.833"",1"
"25971,1105,840,117,18,5,6,""6"",6,8,66,""+1:03.320"",5341260,56,14,""1:18.722"",""212.967"",1"
"25972,1105,4,117,14,8,7,""7"",7,6,66,""+1:04.127"",5342067,49,7,""1:18.083"",""214.709"",1"
"25973,1105,839,214,31,6,8,""8"",8,4,66,""+1:09.242"",5347182,54,18,""1:18.946"",""212.362"",1"
"25974,1105,855,51,24,13,9,""9"",9,2,66,""+1:11.878"",5349818,38,15,""1:18.753"",""212.883"",1"
"25975,1105,842,214,10,10,10,""10"",10,1,66,""+1:13.530"",5351470,41,10,""1:18.375"",""213.910"",1"
"25976,1105,844,6,16,19,11,""11"",11,0,66,""+1:14.419"",5352359,52,9,""1:18.357"",""213.959"",1"
"25977,1105,852,213,22,15,12,""12"",12,0,66,""+1:15.416"",5353356,59,17,""1:18.904"",""212.475"",1"
"25978,1105,857,1,81,9,13,""13"",13,0,65,\N,\N,41,13,""1:18.679"",""213.083"",11"
"25979,1105,856,213,21,14,14,""14"",14,0,65,\N,\N,41,12,""1:18.594"",""213.313"",11"
"25980,1105,807,210,27,7,15,""15"",15,0,65,\N,\N,53,16,""1:18.776"",""212.821"",11"
"25981,1105,848,3,23,18,16,""16"",16,0,65,\N,\N,59,19,""1:19.133"",""211.861"",11"
"25982,1105,846,1,4,3,17,""17"",17,0,65,\N,\N,55,4,""1:17.182"",""217.216"",11"
"25983,1105,825,210,20,17,18,""18"",18,0,65,\N,\N,44,6,""1:18.069"",""214.748"",11"
"25984,1105,822,51,77,16,19,""19"",19,0,65,\N,\N,50,8,""1:18.242"",""214.273"",11"
"25985,1105,858,3,2,20,20,""20"",20,0,65,\N,\N,41,20,""1:19.247"",""211.556"",11"
"25986,1106,830,9,1,1,1,""1"",1,25,70,""1:33:58.348"",5638348,68,3,""1:15.594"",""207.683"",1"
"25987,1106,4,117,14,2,2,""2"",2,18,70,""+9.570"",5647918,62,4,""1:15.779"",""207.176"",1"
"25988,1106,1,131,44,3,3,""3"",3,15,70,""+4.598"",5642946,47,2,""1:15.396"",""208.228"",1"
"25989,1106,844,6,16,10,4,""4"",4,12,70,""+18.648"",5656996,47,5,""1:15.907"",""206.826"",1"
"25990,1106,832,6,55,11,5,""5"",5,10,70,""+21.540"",5659888,47,6,""1:15.911"",""206.815"",1"
"25991,1106,815,9,11,12,6,""6"",6,9,70,""+51.028"",5689376,70,1,""1:14.481"",""210.786"",1"
"25992,1106,848,3,23,9,7,""7"",7,6,70,""+1:00.813"",5699161,68,16,""1:16.917"",""204.110"",1"
"25993,1106,839,214,31,6,8,""8"",8,4,70,""+1:01.692"",5700040,63,15,""1:16.782"",""204.469"",1"
"25994,1106,840,117,18,16,9,""9"",9,2,70,""+1:04.402"",5702750,58,10,""1:16.564"",""205.051"",1"
"25995,1106,822,51,77,14,10,""10"",10,1,70,""+1:04.432"",5702780,52,12,""1:16.625"",""204.888"",1"
"25996,1106,857,1,81,8,11,""11"",11,0,70,""+1:05.101"",5703449,59,11,""1:16.598"",""204.960"",1"
"25997,1106,842,214,10,15,12,""12"",12,0,70,""+1:05.249"",5703597,67,9,""1:16.425"",""205.424"",1"
"25998,1106,846,1,4,7,13,""13"",13,0,70,""+1:08.363"",5706711,65,8,""1:16.374"",""205.562"",1"
"25999,1106,852,213,22,19,14,""14"",14,0,70,""+1:13.423"",5711771,68,14,""1:16.666"",""204.779"",1"
"26000,1106,807,210,27,5,15,""15"",15,0,69,\N,\N,37,19,""1:17.232"",""203.278"",11"
"26001,1106,855,51,24,20,16,""16"",16,0,69,\N,\N,58,17,""1:17.090"",""203.652"",11"
"26002,1106,825,210,20,13,17,""17"",17,0,69,\N,\N,55,7,""1:16.126"",""206.231"",11"
"26003,1106,856,213,21,17,18,""18"",18,0,69,\N,\N,52,13,""1:16.656"",""204.805"",11"
"26004,1106,847,131,63,4,\N,""R"",19,0,53,\N,\N,44,18,""1:17.097"",""203.634"",23"
"26005,1106,858,3,2,18,\N,""R"",20,0,6,\N,\N,4,20,""1:18.437"",""200.155"",5"
"26006,1107,830,9,1,1,1,""1"",1,26,71,""1:25:33.607"",5133607,71,1,""1:07.012"",""231.970"",1"
"26007,1107,844,6,16,2,2,""2"",2,18,71,""+5.155"",5138762,51,5,""1:08.820"",""225.876"",1"
"26008,1107,815,9,11,15,3,""3"",3,15,71,""+17.188"",5150795,52,2,""1:08.111"",""228.227"",1"
"26009,1107,846,1,4,4,4,""4"",4,12,71,""+26.327"",5159934,48,4,""1:08.739"",""226.142"",1"
"26010,1107,4,117,14,7,5,""5"",5,10,71,""+30.317"",5163924,54,8,""1:09.108"",""224.934"",1"
"26011,1107,832,6,55,3,6,""6"",6,8,71,""+31.377"",5164984,50,6,""1:08.880"",""225.679"",1"
"26012,1107,847,131,63,11,7,""7"",7,6,71,""+48.403"",5182010,49,10,""1:09.283"",""224.366"",1"
"26013,1107,1,131,44,5,8,""8"",8,4,71,""+49.196"",5182803,48,9,""1:09.160"",""224.765"",1"
"26014,1107,840,117,18,6,9,""9"",9,2,71,""+59.043"",5192650,57,3,""1:08.463"",""227.054"",1"
"26015,1107,842,214,10,9,10,""10"",10,1,71,""+1:07.667"",5201274,48,7,""1:09.046"",""225.136"",1"
"26016,1107,848,3,23,10,11,""11"",11,0,71,""+1:19.767"",5213374,53,11,""1:09.560"",""223.473"",1"
"26017,1107,855,51,24,17,12,""12"",12,0,70,\N,\N,46,14,""1:09.786"",""222.749"",11"
"26018,1107,858,3,2,18,13,""13"",13,0,70,\N,\N,45,12,""1:09.611"",""223.309"",11"
"26019,1107,839,214,31,12,14,""14"",14,0,70,\N,\N,50,15,""1:09.797"",""222.714"",11"
"26020,1107,822,51,77,14,15,""15"",15,0,70,\N,\N,49,18,""1:09.940"",""222.259"",11"
"26021,1107,857,1,81,13,16,""16"",16,0,70,\N,\N,46,17,""1:09.862"",""222.507"",11"
"26022,1107,856,213,21,0,17,""17"",17,0,70,\N,\N,46,16,""1:09.852"",""222.539"",11"
"26023,1107,825,210,20,0,18,""18"",18,0,70,\N,\N,37,19,""1:10.176"",""221.511"",11"
"26024,1107,852,213,22,16,19,""19"",19,0,70,\N,\N,45,13,""1:09.620"",""223.280"",11"
"26025,1107,807,210,27,8,\N,""R"",20,0,12,\N,\N,7,20,""1:11.066"",""218.737"",75"
"26026,1108,830,9,1,1,1,""1"",1,26,52,""1:25:16.938"",5116938,42,1,""1:30.275"",""234.922"",1"
"26027,1108,846,1,4,2,2,""2"",2,18,52,""+3.798"",5120736,43,2,""1:30.543"",""234.226"",1"
"26028,1108,1,131,44,7,3,""3"",3,15,52,""+6.783"",5123721,43,3,""1:30.545"",""234.221"",1"
"26029,1108,857,1,81,3,4,""4"",4,12,52,""+7.776"",5124714,41,4,""1:30.850"",""233.435"",1"
"26030,1108,847,131,63,6,5,""5"",5,10,52,""+11.206"",5128144,41,6,""1:31.124"",""232.733"",1"
"26031,1108,815,9,11,15,6,""6"",6,8,52,""+12.882"",5129820,51,5,""1:30.914"",""233.271"",1"
"26032,1108,4,117,14,9,7,""7"",7,6,52,""+17.193"",5134131,48,9,""1:31.338"",""232.188"",1"
"26033,1108,848,3,23,8,8,""8"",8,4,52,""+17.878"",5134816,41,8,""1:31.273"",""232.353"",1"
"26034,1108,844,6,16,4,9,""9"",9,2,52,""+18.689"",5135627,48,7,""1:31.255"",""232.399"",1"
"26035,1108,832,6,55,5,10,""10"",10,1,52,""+19.448"",5136386,51,10,""1:31.366"",""232.116"",1"
"26036,1108,858,3,2,14,11,""11"",11,0,52,""+23.632"",5140570,42,13,""1:31.699"",""231.274"",1"
"26037,1108,822,51,77,20,12,""12"",12,0,52,""+25.830"",5142768,52,16,""1:31.852"",""230.888"",1"
"26038,1108,807,210,27,11,13,""13"",13,0,52,""+26.663"",5143601,52,15,""1:31.776"",""231.080"",1"
"26039,1108,840,117,18,12,14,""14"",14,0,52,""+27.483"",5144421,42,11,""1:31.508"",""231.756"",1"
"26040,1108,855,51,24,17,15,""15"",15,0,52,""+29.820"",5146758,48,14,""1:31.769"",""231.097"",1"
"26041,1108,852,213,22,16,16,""16"",16,0,52,""+31.225"",5148163,48,17,""1:32.084"",""230.307"",1"
"26042,1108,856,213,21,18,17,""17"",17,0,52,""+33.128"",5150066,48,18,""1:32.353"",""229.636"",1"
"26043,1108,842,214,10,10,18,""18"",18,0,46,\N,\N,42,12,""1:31.539"",""231.678"",130"
"26044,1108,825,210,20,19,\N,""R"",19,0,31,\N,\N,29,19,""1:33.356"",""227.169"",5"
"26045,1108,839,214,31,13,\N,""R"",20,0,9,\N,\N,4,20,""1:33.941"",""225.754"",44"
"26046,1109,830,9,1,2,1,""1"",1,26,70,""1:38:08.634"",5888634,53,1,""1:20.504"",""195.910"",1"
"26047,1109,846,1,4,3,2,""2"",2,18,70,""+33.731"",5922365,50,4,""1:22.178"",""191.919"",1"
"26048,1109,815,9,11,9,3,""3"",3,15,70,""+37.603"",5926237,53,5,""1:22.295"",""191.647"",1"
"26049,1109,1,131,44,1,4,""4"",4,12,70,""+39.134"",5927768,54,2,""1:21.601"",""193.277"",1"
"26050,1109,857,1,81,4,5,""5"",5,10,70,""+1:02.572"",5951206,45,8,""1:22.736"",""190.625"",1"
"26051,1109,847,131,63,18,6,""6"",6,8,70,""+1:05.825"",5954459,48,3,""1:22.158"",""191.966"",1"
"26052,1109,844,6,16,6,7,""7"",7,6,70,""+1:10.317"",5958951,50,6,""1:22.469"",""191.242"",1"
"26053,1109,832,6,55,11,8,""8"",8,4,70,""+1:11.073"",5959707,54,7,""1:22.584"",""190.976"",1"
"26054,1109,4,117,14,8,9,""9"",9,2,70,""+1:15.709"",5964343,51,9,""1:22.745"",""190.604"",1"
"26055,1109,840,117,18,14,10,""10"",10,1,69,\N,\N,54,11,""1:23.425"",""189.051"",11"
"26056,1109,848,3,23,16,11,""11"",11,0,69,\N,\N,54,18,""1:24.051"",""187.643"",11"
"26057,1109,822,51,77,7,12,""12"",12,0,69,\N,\N,42,14,""1:23.651"",""188.540"",11"
"26058,1109,817,213,3,13,13,""13"",13,0,69,\N,\N,67,17,""1:23.934"",""187.904"",11"
"26059,1109,807,210,27,10,14,""14"",14,0,69,\N,\N,42,13,""1:23.573"",""188.716"",11"
"26060,1109,852,213,22,17,15,""15"",15,0,69,\N,\N,68,10,""1:23.269"",""189.405"",11"
"26061,1109,855,51,24,5,16,""16"",16,0,69,\N,\N,12,15,""1:23.743"",""188.333"",11"
"26062,1109,825,210,20,19,17,""17"",17,0,69,\N,\N,54,16,""1:23.864"",""188.061"",11"
"26063,1109,858,3,2,20,\N,""R"",18,0,67,\N,\N,36,12,""1:23.496"",""188.890"",31"
"26064,1109,839,214,31,12,\N,""R"",19,0,2,\N,\N,\N,0,\N,\N,130"
"26065,1109,842,214,10,15,\N,""R"",20,0,1,\N,\N,\N,0,\N,\N,130"
"26066,1110,830,9,1,6,1,""1"",1,25,44,""1:22:30.450"",4950450,32,2,""1:48.922"",""231.490"",1"
"26067,1110,815,9,11,2,2,""2"",2,18,44,""+22.305"",4972755,31,6,""1:50.308"",""228.581"",1"
"26068,1110,844,6,16,1,3,""3"",3,15,44,""+32.259"",4982709,30,7,""1:50.436"",""228.316"",1"
"26069,1110,1,131,44,3,4,""4"",4,13,44,""+49.671"",5000121,44,1,""1:47.305"",""234.978"",1"
"26070,1110,4,117,14,9,5,""5"",5,10,44,""+56.184"",5006634,42,13,""1:50.938"",""227.283"",1"
"26071,1110,847,131,63,8,6,""6"",6,8,44,""+1:03.101"",5013551,25,11,""1:50.603"",""227.972"",1"
"26072,1110,846,1,4,7,7,""7"",7,6,44,""+1:13.719"",5024169,26,18,""1:51.682"",""225.769"",1"
"26073,1110,839,214,31,14,8,""8"",8,4,44,""+1:14.719"",5025169,27,8,""1:50.439"",""228.310"",1"
"26074,1110,840,117,18,10,9,""9"",9,2,44,""+1:19.340"",5029790,26,16,""1:51.297"",""226.550"",1"
"26075,1110,852,213,22,11,10,""10"",10,1,44,""+1:20.221"",5030671,26,17,""1:51.394"",""226.353"",1"
"26076,1110,842,214,10,12,11,""11"",11,0,44,""+1:23.084"",5033534,25,12,""1:50.911"",""227.339"",1"
"26077,1110,822,51,77,13,12,""12"",12,0,44,""+1:25.191"",5035641,26,10,""1:50.515"",""228.153"",1"
"26078,1110,855,51,24,17,13,""13"",13,0,44,""+1:35.441"",5045891,27,5,""1:50.188"",""228.830"",1"
"26079,1110,848,3,23,15,14,""14"",14,0,44,""+1:36.184"",5046634,35,3,""1:49.841"",""229.553"",1"
"26080,1110,825,210,20,16,15,""15"",15,0,44,""+1:41.754"",5052204,27,14,""1:50.993"",""227.171"",1"
"26081,1110,817,213,3,19,16,""16"",16,0,44,""+1:43.071"",5053521,25,15,""1:50.994"",""227.169"",1"
"26082,1110,858,3,2,18,17,""17"",17,0,44,""+1:44.476"",5054926,37,9,""1:50.486"",""228.213"",1"
"26083,1110,807,210,27,0,18,""18"",18,0,44,""+1:50.450"",5060900,26,4,""1:49.907"",""229.415"",1"
"26084,1110,832,6,55,4,\N,""R"",19,0,23,\N,\N,9,19,""1:53.138"",""222.864"",130"
"26085,1110,857,1,81,5,\N,""R"",20,0,0,\N,\N,\N,0,\N,\N,130"
"26086,1111,830,9,1,1,1,""1"",1,25,72,""2:24:04.411"",8644411,58,2,""1:13.889"",""207.505"",1"
"26087,1111,4,117,14,5,2,""2"",2,19,72,""+3.744"",8648155,56,1,""1:13.837"",""207.651"",1"
"26088,1111,842,214,10,12,3,""3"",3,15,72,""+7.058"",8651469,55,7,""1:14.441"",""205.967"",1"
"26089,1111,815,9,11,7,4,""4"",4,12,72,""+10.068"",8655093,59,4,""1:14.231"",""206.549"",1"
"26090,1111,832,6,55,6,5,""5"",5,10,72,""+12.541"",8656952,54,13,""1:14.934"",""204.612"",1"
"26091,1111,1,131,44,13,6,""6"",6,8,72,""+13.209"",8657620,58,3,""1:13.904"",""207.463"",1"
"26092,1111,846,1,4,2,7,""7"",7,6,72,""+13.232"",8657643,50,6,""1:14.390"",""206.108"",1"
"26093,1111,848,3,23,4,8,""8"",8,4,72,""+15.155"",8659566,55,8,""1:14.468"",""205.892"",1"
"26094,1111,857,1,81,8,9,""9"",9,2,72,""+16.580"",8660991,54,5,""1:14.299"",""206.360"",1"
"26095,1111,839,214,31,16,10,""10"",10,1,72,""+18.346"",8662757,51,10,""1:14.570"",""205.610"",1"
"26096,1111,840,117,18,11,11,""11"",11,0,72,""+20.087"",8664498,37,15,""1:15.171"",""203.966"",1"
"26097,1111,807,210,27,14,12,""12"",12,0,72,""+20.840"",8665251,53,9,""1:14.472"",""205.881"",1"
"26098,1111,859,213,40,19,13,""13"",13,0,72,""+26.147"",8670558,49,12,""1:14.820"",""204.923"",1"
"26099,1111,822,51,77,18,14,""14"",14,0,72,""+27.388"",8671799,49,11,""1:14.698"",""205.258"",1"
"26100,1111,852,213,22,17,15,""15"",15,0,72,""+29.893"",8682344,35,18,""1:16.253"",""201.072"",1"
"26101,1111,825,210,20,0,16,""16"",16,0,72,""+31.410"",8679515,37,17,""1:15.489"",""203.107"",1"
"26102,1111,847,131,63,3,17,""17"",17,0,72,""+55.754"",8700165,54,14,""1:15.124"",""204.094"",1"
"26103,1111,855,51,24,15,\N,""R"",18,0,62,\N,\N,39,16,""1:15.417"",""203.301"",3"
"26104,1111,844,6,16,9,\N,""R"",19,0,41,\N,\N,33,19,""1:17.277"",""198.408"",140"
"26105,1111,858,3,2,10,\N,""R"",20,0,14,\N,\N,13,20,""1:17.399"",""198.095"",3"
"26106,1112,830,9,1,2,1,""1"",1,25,51,""1:13:41.143"",4421143,33,2,""1:25.240"",""244.659"",1"
"26107,1112,815,9,11,5,2,""2"",2,18,51,""+6.064"",4427207,39,4,""1:25.522"",""243.853"",1"
"26108,1112,832,6,55,1,3,""3"",3,15,51,""+11.193"",4432336,30,3,""1:25.501"",""243.912"",1"
"26109,1112,844,6,16,3,4,""4"",4,12,51,""+11.377"",4432520,38,5,""1:25.580"",""243.687"",1"
"26110,1112,847,131,63,4,5,""5"",5,10,51,""+23.028"",4444171,38,9,""1:25.847"",""242.929"",1"
"26111,1112,1,131,44,8,6,""6"",6,8,51,""+42.679"",4463822,29,6,""1:25.582"",""243.682"",1"
"26112,1112,848,3,23,6,7,""7"",7,6,51,""+45.106"",4466249,33,16,""1:26.389"",""241.405"",1"
"26113,1112,846,1,4,9,8,""8"",8,4,51,""+45.449"",4466592,24,14,""1:26.144"",""242.092"",1"
"26114,1112,4,117,14,10,9,""9"",9,2,51,""+46.294"",4467437,43,13,""1:26.105"",""242.201"",1"
"26115,1112,822,51,77,14,10,""10"",10,1,51,""+1:04.056"",4485199,27,12,""1:25.988"",""242.531"",1"
"26116,1112,859,213,40,12,11,""11"",11,0,51,""+1:10.638"",4491781,44,8,""1:25.842"",""242.944"",1"
"26117,1112,857,1,81,7,12,""12"",12,0,51,""+1:13.074"",4494217,43,1,""1:25.072"",""245.142"",1"
"26118,1112,858,3,2,15,13,""13"",13,0,51,""+1:18.557"",4499700,16,18,""1:26.840"",""240.152"",1"
"26119,1112,855,51,24,16,14,""14"",14,0,51,""+1:20.164"",4501307,35,11,""1:25.983"",""242.545"",1"
"26120,1112,842,214,10,17,15,""15"",15,0,51,""+1:22.510"",4503653,44,7,""1:25.758"",""243.181"",1"
"26121,1112,840,117,18,20,16,""16"",16,0,51,""+1:27.266"",4508409,31,17,""1:26.617"",""240.770"",1"
"26122,1112,807,210,27,13,17,""17"",17,0,50,\N,\N,50,10,""1:25.894"",""242.796"",11"
"26123,1112,825,210,20,19,18,""18"",18,0,50,\N,\N,42,15,""1:26.278"",""241.716"",11"
"26124,1112,839,214,31,18,\N,""R"",19,0,39,\N,\N,33,19,""1:26.963"",""239.812"",38"
"26125,1112,852,213,22,11,\N,""R"",20,0,0,\N,\N,\N,0,\N,\N,5"
"26126,1113,832,6,55,1,1,""1"",1,25,62,""1:46:37.418"",6397418,47,7,""1:37.666"",""182.089"",1"
"26127,1113,846,1,4,4,2,""2"",2,18,62,""+0.812"",6398230,46,8,""1:38.046"",""181.384"",1"
"26128,1113,1,131,44,5,3,""3"",3,16,62,""+1.269"",6398687,47,1,""1:35.867"",""185.507"",1"
"26129,1113,844,6,16,3,4,""4"",4,12,62,""+21.177"",6418595,46,11,""1:38.275"",""180.961"",1"
"26130,1113,830,9,1,11,5,""5"",5,10,62,""+21.441"",6418859,61,4,""1:36.575"",""184.147"",1"
"26131,1113,842,214,10,12,6,""6"",6,8,62,""+38.441"",6435859,46,12,""1:38.277"",""180.957"",1"
"26132,1113,857,1,81,17,7,""7"",7,6,62,""+41.479"",6438897,46,13,""1:38.492"",""180.562"",1"
"26133,1113,815,9,11,13,8,""8"",8,4,62,""+59.534"",6456952,61,5,""1:37.108"",""183.136"",1"
"26134,1113,859,213,40,10,9,""9"",9,2,62,""+1:05.918"",6463336,47,15,""1:39.028"",""179.585"",1"
"26135,1113,825,210,20,6,10,""10"",10,1,62,""+1:12.116"",6469534,48,10,""1:38.107"",""181.271"",1"
"26136,1113,848,3,23,14,11,""11"",11,0,62,""+1:13.417"",6470835,46,6,""1:37.342"",""182.696"",1"
"26137,1113,855,51,24,0,12,""12"",12,0,62,""+1:23.649"",6481067,46,16,""1:39.316"",""179.064"",1"
"26138,1113,807,210,27,9,13,""13"",13,0,62,""+1:26.201"",6483619,50,17,""1:39.923"",""177.977"",1"
"26139,1113,858,3,2,18,14,""14"",14,0,62,""+1:26.889"",6484307,45,14,""1:38.531"",""180.491"",1"
"26140,1113,4,117,14,7,15,""15"",15,0,62,""+1:27.603"",6485021,47,3,""1:36.456"",""184.374"",1"
"26141,1113,847,131,63,2,16,""16"",16,0,61,\N,\N,46,2,""1:36.273"",""184.724"",3"
"26142,1113,822,51,77,16,\N,""R"",17,0,51,\N,\N,51,9,""1:38.075"",""181.330"",39"
"26143,1113,839,214,31,8,\N,""R"",18,0,42,\N,\N,33,18,""1:39.930"",""177.964"",6"
"26144,1113,852,213,22,15,\N,""R"",19,0,0,\N,\N,\N,0,\N,\N,4"
"26145,1113,840,117,18,0,\N,""W"",20,0,0,\N,\N,\N,0,\N,\N,54"
"26146,1114,830,9,1,1,1,""1"",1,26,53,""1:30:58.421"",5458421,39,1,""1:34.183"",""221.963"",1"
"26147,1114,846,1,4,3,2,""2"",2,18,53,""+19.387"",5477808,40,2,""1:35.247"",""219.484"",1"
"26148,1114,857,1,81,2,3,""3"",3,15,53,""+36.494"",5494915,38,5,""1:36.328"",""217.021"",1"
"26149,1114,844,6,16,4,4,""4"",4,12,53,""+43.998"",5502419,40,6,""1:36.362"",""216.944"",1"
"26150,1114,1,131,44,7,5,""5"",5,10,53,""+49.376"",5507797,36,3,""1:35.611"",""218.648"",1"
"26151,1114,832,6,55,6,6,""6"",6,8,53,""+50.221"",5508642,40,4,""1:36.187"",""217.339"",1"
"26152,1114,847,131,63,8,7,""7"",7,6,53,""+57.659"",5516080,27,11,""1:37.653"",""214.076"",1"
"26153,1114,4,117,14,10,8,""8"",8,4,53,""+1:14.725"",5533146,28,8,""1:37.203"",""215.067"",1"
"26154,1114,839,214,31,14,9,""9"",9,2,53,""+1:19.678"",5538099,34,10,""1:37.398"",""214.636"",1"
"26155,1114,842,214,10,12,10,""10"",10,1,53,""+1:23.155"",5541576,36,7,""1:36.371"",""216.924"",1"
"26156,1114,859,213,40,11,11,""11"",11,0,52,\N,\N,50,15,""1:38.267"",""212.738"",11"
"26157,1114,852,213,22,9,12,""12"",12,0,52,\N,\N,36,12,""1:37.768"",""213.824"",11"
"26158,1114,855,51,24,19,13,""13"",13,0,52,\N,\N,45,13,""1:37.791"",""213.774"",11"
"26159,1114,807,210,27,18,14,""14"",14,0,52,\N,\N,44,9,""1:37.250"",""214.963"",11"
"26160,1114,825,210,20,15,15,""15"",15,0,52,\N,\N,41,14,""1:37.842"",""213.662"",11"
"26161,1114,848,3,23,13,\N,""R"",16,0,26,\N,\N,15,18,""1:39.185"",""210.769"",130"
"26162,1114,858,3,2,0,\N,""R"",17,0,22,\N,\N,7,16,""1:38.848"",""211.488"",130"
"26163,1114,840,117,18,17,\N,""R"",18,0,20,\N,\N,16,17,""1:39.050"",""211.057"",65"
"26164,1114,815,9,11,5,\N,""R"",19,0,15,\N,\N,8,19,""1:39.704"",""209.672"",130"
"26165,1114,822,51,77,16,\N,""R"",20,0,7,\N,\N,5,20,""2:02.755"",""170.300"",130"
"26166,1115,830,9,1,1,1,""1"",1,26,57,""1:27:39.168"",5259168,56,1,""1:24.319"",""231.364"",1"
"26167,1115,857,1,81,6,2,""2"",2,18,57,""+4.833"",5264001,48,3,""1:24.921"",""229.724"",1"
"26168,1115,846,1,4,10,3,""3"",3,15,57,""+5.969"",5265137,47,2,""1:24.842"",""229.938"",1"
"26169,1115,847,131,63,2,4,""4"",4,12,57,""+34.119"",5293287,35,5,""1:25.770"",""227.450"",1"
"26170,1115,844,6,16,5,5,""5"",5,10,57,""+38.976"",5298144,57,4,""1:24.992"",""229.532"",1"
"26171,1115,4,117,14,4,6,""6"",6,8,57,""+49.032"",5308200,57,6,""1:26.045"",""226.723"",1"
"26172,1115,839,214,31,8,7,""7"",7,6,57,""+1:02.390"",5321558,42,11,""1:26.450"",""225.661"",1"
"26173,1115,822,51,77,9,8,""8"",8,4,57,""+1:06.563"",5325731,54,13,""1:26.652"",""225.135"",1"
"26174,1115,855,51,24,19,9,""9"",9,2,57,""+1:16.127"",5335295,54,9,""1:26.323"",""225.993"",1"
"26175,1115,815,9,11,0,10,""10"",10,1,57,""+1:20.181"",5339349,50,7,""1:26.220"",""226.263"",1"
"26176,1115,840,117,18,16,11,""11"",11,0,57,""+1:21.652"",5340820,55,10,""1:26.352"",""225.917"",1"
"26177,1115,842,214,10,7,12,""12"",12,0,57,""+1:22.300"",5341468,49,8,""1:26.310"",""226.027"",1"
"26178,1115,848,3,23,13,13,""13"",13,0,57,""+1:31.014"",5350182,57,14,""1:26.666"",""225.098"",1"
"26179,1115,825,210,20,18,14,""14"",14,0,56,\N,\N,46,15,""1:27.067"",""224.061"",11"
"26180,1115,852,213,22,11,15,""15"",15,0,56,\N,\N,55,17,""1:27.174"",""223.786"",11"
"26181,1115,807,210,27,14,16,""16"",16,0,56,\N,\N,45,12,""1:26.489"",""225.559"",11"
"26182,1115,859,213,40,17,17,""17"",17,0,56,\N,\N,54,16,""1:27.113"",""223.943"",11"
"26183,1115,858,3,2,15,\N,""R"",18,0,40,\N,\N,31,18,""1:27.983"",""221.729"",139"
"26184,1115,1,131,44,3,\N,""R"",19,0,0,\N,\N,\N,0,\N,\N,4"
"26185,1115,832,6,55,12,\N,""W"",20,0,0,\N,\N,\N,0,\N,\N,95"
"26186,1116,830,9,1,6,1,""1"",1,25,56,""1:35:21.362"",5721362,40,9,""1:40.028"",""198.412"",1"
"26187,1116,846,1,4,2,2,""2"",2,18,56,""+10.730"",5732092,39,8,""1:39.985"",""198.497"",1"
"26188,1116,832,6,55,4,3,""3"",3,15,56,""+15.134"",5736496,51,10,""1:40.034"",""198.400"",1"
"26189,1116,815,9,11,9,4,""4"",4,12,56,""+18.460"",5739822,40,5,""1:39.737"",""198.991"",1"
"26190,1116,847,131,63,5,5,""5"",5,10,56,""+24.999"",5746361,48,3,""1:39.393"",""199.680"",1"
"26191,1116,842,214,10,7,6,""6"",6,8,56,""+47.996"",5769358,47,11,""1:40.412"",""197.653"",1"
"26192,1116,840,117,18,0,7,""7"",7,6,56,""+48.696"",5770058,48,6,""1:39.908"",""198.650"",1"
"26193,1116,852,213,22,11,8,""8"",8,5,56,""+1:14.385"",5795747,56,1,""1:38.139"",""202.231"",1"
"26194,1116,848,3,23,15,9,""9"",9,2,56,""+1:26.714"",5808076,40,15,""1:41.371"",""195.783"",1"
"26195,1116,858,3,2,16,10,""10"",10,1,56,""+1:27.998"",5809360,34,14,""1:41.238"",""196.041"",1"
"26196,1116,807,210,27,0,11,""11"",11,0,56,""+1:29.904"",5811266,45,12,""1:40.925"",""196.648"",1"
"26197,1116,822,51,77,13,12,""12"",12,0,56,""+1:38.601"",5819963,54,18,""1:41.972"",""194.629"",1"
"26198,1116,855,51,24,12,13,""13"",13,0,55,\N,\N,51,17,""1:41.879"",""194.807"",11"
"26199,1116,825,210,20,0,14,""14"",14,0,55,\N,\N,41,16,""1:41.506"",""195.523"",11"
"26200,1116,817,213,3,14,15,""15"",15,0,55,\N,\N,49,2,""1:39.366"",""199.734"",11"
"26201,1116,4,117,14,0,\N,""R"",16,0,49,\N,\N,47,7,""1:39.954"",""198.559"",140"
"26202,1116,857,1,81,10,\N,""R"",17,0,10,\N,\N,5,19,""1:42.705"",""193.240"",21"
"26203,1116,839,214,31,8,\N,""R"",18,0,6,\N,\N,2,20,""1:44.789"",""189.397"",130"
"26204,1116,1,131,44,3,\N,""D"",19,0,56,\N,\N,42,4,""1:39.582"",""199.301"",2"
"26205,1116,844,6,16,1,\N,""D"",20,0,56,\N,\N,\N,0,\N,\N,2"
"26206,1117,830,9,1,3,1,""1"",1,25,71,""2:02:30.814"",7350814,40,2,""1:21.644"",""189.780"",1"
"26207,1117,1,131,44,6,2,""2"",2,19,71,""+13.875"",7364689,71,1,""1:21.334"",""190.503"",1"
"26208,1117,844,6,16,1,3,""3"",3,15,71,""+23.124"",7373938,38,4,""1:22.332"",""188.194"",1"
"26209,1117,832,6,55,2,4,""4"",4,12,71,""+27.154"",7377968,57,6,""1:22.539"",""187.722"",1"
"26210,1117,846,1,4,17,5,""5"",5,10,71,""+33.266"",7384080,71,3,""1:21.944"",""189.085"",1"
"26211,1117,847,131,63,8,6,""6"",6,8,71,""+41.020"",7391834,38,10,""1:22.780"",""187.175"",1"
"26212,1117,817,213,3,4,7,""7"",7,6,71,""+41.570"",7392384,66,7,""1:22.679"",""187.404"",1"
"26213,1117,857,1,81,7,8,""8"",8,4,71,""+43.104"",7393918,53,8,""1:22.760"",""187.220"",1"
"26214,1117,848,3,23,14,9,""9"",9,2,71,""+48.573"",7399387,65,9,""1:22.773"",""187.191"",1"
"26215,1117,839,214,31,15,10,""10"",10,1,71,""+1:02.879"",7413693,66,11,""1:22.976"",""186.733"",1"
"26216,1117,842,214,10,11,11,""11"",11,0,71,""+1:06.208"",7417022,43,16,""1:23.230"",""186.163"",1"
"26217,1117,852,213,22,18,12,""12"",12,0,71,""+1:18.982"",7429796,11,5,""1:22.501"",""187.808"",1"
"26218,1117,807,210,27,12,13,""13"",13,0,71,""+1:20.309"",7431123,43,15,""1:23.222"",""186.181"",1"
"26219,1117,855,51,24,10,14,""14"",14,0,71,""+1:21.676"",7432490,39,19,""1:23.567"",""185.412"",1"
"26220,1117,822,51,77,9,15,""15"",15,0,71,""+1:25.597"",7436411,43,14,""1:23.166"",""186.306"",1"
"26221,1117,858,3,2,19,16,""16"",16,0,70,\N,\N,24,12,""1:23.003"",""186.672"",31"
"26222,1117,840,117,18,0,17,""17"",17,0,66,\N,\N,43,17,""1:23.257"",""186.103"",130"
"26223,1117,4,117,14,13,\N,""R"",18,0,47,\N,\N,40,18,""1:23.531"",""185.492"",54"
"26224,1117,825,210,20,16,\N,""R"",19,0,31,\N,\N,25,13,""1:23.146"",""186.351"",3"
"26225,1117,815,9,11,5,\N,""R"",20,0,1,\N,\N,\N,0,\N,\N,130"
"26226,1118,830,9,1,1,1,""1"",1,25,71,""1:56:48.894"",7008894,68,2,""1:13.422"",""211.277"",1"
"26227,1118,846,1,4,6,2,""2"",2,19,71,""+8.277"",7017171,61,1,""1:12.486"",""214.005"",1"
"26228,1118,4,117,14,4,3,""3"",3,15,71,""+34.155"",7043049,54,10,""1:14.442"",""208.382"",1"
"26229,1118,815,9,11,9,4,""4"",4,12,71,""+34.208"",7043102,55,5,""1:14.124"",""209.276"",1"
"26230,1118,840,117,18,3,5,""5"",5,10,71,""+40.845"",7049739,67,4,""1:14.007"",""209.607"",1"
"26231,1118,832,6,55,7,6,""6"",6,8,71,""+50.188"",7059082,59,9,""1:14.406"",""208.483"",1"
"26232,1118,842,214,10,15,7,""7"",7,6,71,""+56.093"",7064987,48,11,""1:14.521"",""208.161"",1"
"26233,1118,1,131,44,5,8,""8"",8,4,71,""+1:02.859"",7071753,59,12,""1:14.739"",""207.554"",1"
"26234,1118,852,213,22,16,9,""9"",9,2,71,""+1:09.880"",7078774,64,7,""1:14.231"",""208.974"",1"
"26235,1118,839,214,31,14,10,""10"",10,1,70,\N,\N,53,6,""1:14.206"",""209.045"",11"
"26236,1118,858,3,2,19,11,""11"",11,0,70,\N,\N,51,16,""1:15.738"",""204.816"",11"
"26237,1118,807,210,27,11,12,""12"",12,0,70,\N,\N,66,14,""1:15.036"",""206.732"",11"
"26238,1118,817,213,3,17,13,""13"",13,0,70,\N,\N,68,3,""1:13.866"",""210.007"",11"
"26239,1118,857,1,81,10,14,""14"",14,0,69,\N,\N,66,8,""1:14.310"",""208.752"",12"
"26240,1118,847,131,63,8,\N,""R"",15,0,57,\N,\N,55,13,""1:14.934"",""207.014"",25"
"26241,1118,822,51,77,18,\N,""R"",16,0,39,\N,\N,20,15,""1:15.731"",""204.835"",5"
"26242,1118,855,51,24,20,\N,""R"",17,0,22,\N,\N,17,17,""1:16.232"",""203.489"",5"
"26243,1118,825,210,20,12,\N,""R"",18,0,0,\N,\N,\N,0,\N,\N,4"
"26244,1118,848,3,23,13,\N,""R"",19,0,0,\N,\N,\N,0,\N,\N,4"
"26245,1118,844,6,16,0,\N,""W"",20,0,0,\N,\N,\N,0,\N,\N,5"
"26246,1119,830,9,1,2,1,""1"",1,25,50,""1:29:08.289"",5348289,44,2,""1:35.614"",""233.476"",1"
"26247,1119,844,6,16,1,2,""2"",2,18,50,""+2.070"",5350359,50,3,""1:35.669"",""233.342"",1"
"26248,1119,815,9,11,11,3,""3"",3,15,50,""+2.241"",5350530,40,5,""1:35.939"",""232.685"",1"
"26249,1119,839,214,31,16,4,""4"",4,12,50,""+18.665"",5366954,47,10,""1:36.637"",""231.004"",1"
"26250,1119,840,117,18,19,5,""5"",5,10,50,""+20.067"",5368356,45,9,""1:36.584"",""231.131"",1"
"26251,1119,832,6,55,12,6,""6"",6,8,50,""+20.834"",5369123,47,6,""1:35.984"",""232.576"",1"
"26252,1119,1,131,44,10,7,""7"",7,6,50,""+21.755"",5370044,48,4,""1:35.716"",""233.227"",1"
"26253,1119,847,131,63,3,8,""8"",8,4,50,""+23.091"",5371380,44,7,""1:36.071"",""232.365"",1"
"26254,1119,4,117,14,9,9,""9"",9,2,50,""+25.964"",5374253,42,8,""1:36.559"",""231.191"",1"
"26255,1119,857,1,81,18,10,""10"",10,2,50,""+29.496"",5377785,47,1,""1:35.490"",""233.779"",1"
"26256,1119,842,214,10,4,11,""11"",11,0,50,""+34.270"",5382559,37,11,""1:36.913"",""230.346"",1"
"26257,1119,848,3,23,5,12,""12"",12,0,50,""+43.398"",5391687,50,13,""1:37.357"",""229.296"",1"
"26258,1119,825,210,20,8,13,""13"",13,0,50,""+44.825"",5393114,50,15,""1:37.455"",""229.065"",1"
"26259,1119,817,213,3,14,14,""14"",14,0,50,""+48.525"",5396814,50,12,""1:37.108"",""229.884"",1"
"26260,1119,855,51,24,17,15,""15"",15,0,50,""+50.162"",5398451,32,14,""1:37.375"",""229.253"",1"
"26261,1119,858,3,2,6,16,""16"",16,0,50,""+50.882"",5399171,32,19,""1:37.740"",""228.397"",1"
"26262,1119,822,51,77,7,17,""17"",17,0,50,""+1:25.350"",5433639,49,16,""1:37.562"",""228.814"",1"
"26263,1119,852,213,22,20,18,""18"",18,0,46,\N,\N,45,18,""1:37.587"",""228.755"",6"
"26264,1119,807,210,27,13,19,""19"",19,0,45,\N,\N,43,17,""1:37.565"",""228.807"",5"
"26265,1119,846,1,4,15,\N,""R"",20,0,2,\N,\N,2,20,""1:59.327"",""187.079"",3"
"26266,1120,830,9,1,1,1,""1"",1,26,58,""1:27:02.624"",5222624,45,1,""1:26.993"",""218.541"",1"
"26267,1120,844,6,16,2,2,""2"",2,18,58,""+17.993"",5240617,44,8,""1:28.199"",""215.553"",1"
"26268,1120,847,131,63,4,3,""3"",3,15,58,""+20.328"",5242952,45,7,""1:28.187"",""215.582"",1"
"26269,1120,815,9,11,9,4,""4"",4,12,58,""+21.453"",5244077,44,2,""1:27.493"",""217.292"",1"
"26270,1120,846,1,4,5,5,""5"",5,10,58,""+24.284"",5246908,45,6,""1:28.164"",""215.639"",1"
"26271,1120,857,1,81,3,6,""6"",6,8,58,""+31.487"",5254111,38,5,""1:28.138"",""215.702"",1"
"26272,1120,4,117,14,7,7,""7"",7,6,58,""+39.512"",5262136,42,9,""1:28.256"",""215.414"",1"
"26273,1120,852,213,22,6,8,""8"",8,4,58,""+43.088"",5265712,55,16,""1:29.256"",""213.000"",1"
"26274,1120,1,131,44,11,9,""9"",9,2,58,""+44.424"",5267048,52,10,""1:28.372"",""215.131"",1"
"26275,1120,840,117,18,13,10,""10"",10,1,58,""+55.632"",5278256,44,4,""1:28.050"",""215.918"",1"
"26276,1120,817,213,3,15,11,""11"",11,0,58,""+56.229"",5278853,47,11,""1:28.571"",""214.648"",1"
"26277,1120,839,214,31,12,12,""12"",12,0,58,""+1:06.373"",5288997,34,20,""1:30.033"",""211.162"",1"
"26278,1120,842,214,10,10,13,""13"",13,0,58,""+1:10.360"",5292984,35,14,""1:29.016"",""213.575"",1"
"26279,1120,848,3,23,14,14,""14"",14,0,58,""+1:13.184"",5295808,45,3,""1:27.845"",""216.422"",1"
"26280,1120,807,210,27,8,15,""15"",15,0,58,""+1:23.696"",5306320,58,15,""1:29.217"",""213.093"",1"
"26281,1120,858,3,2,20,16,""16"",16,0,58,""+1:27.791"",5310415,43,12,""1:28.580"",""214.626"",1"
"26282,1120,855,51,24,19,17,""17"",17,0,58,""+1:29.422"",5312046,43,13,""1:28.746"",""214.224"",1"
"26283,1120,832,6,55,16,18,""18"",18,0,57,\N,\N,42,17,""1:29.452"",""212.534"",31"
"26284,1120,822,51,77,18,19,""19"",19,0,57,\N,\N,42,18,""1:29.863"",""211.562"",11"
"26285,1120,825,210,20,17,20,""20"",20,0,57,\N,\N,46,19,""1:29.934"",""211.395"",11"
"26286,1121,830,9,1,1,1,""1"",1,26,57,""1:31:44.742"",5504742,39,1,""1:32.608"",""210.383"",1"
"26287,1121,815,9,11,5,2,""2"",2,18,57,""+22.457"",5527199,40,4,""1:34.364"",""206.468"",1"
"26288,1121,832,6,55,4,3,""3"",3,15,57,""+25.110"",5529852,44,6,""1:34.507"",""206.156"",1"
"26289,1121,844,6,16,2,4,""4"",4,12,57,""+39.669"",5544411,36,2,""1:34.090"",""207.069"",1"
"26290,1121,847,131,63,3,5,""5"",5,10,57,""+46.788"",5551530,40,12,""1:35.065"",""204.946"",1"
"26291,1121,846,1,4,7,6,""6"",6,8,57,""+48.458"",5553200,1,5,""1:34.476"",""206.223"",1"
"26292,1121,1,131,44,9,7,""7"",7,6,57,""+50.324"",5555066,39,7,""1:34.722"",""205.688"",1"
"26293,1121,857,1,81,8,8,""8"",8,4,57,""+56.082"",5560824,1,11,""1:34.983"",""205.123"",1"
"26294,1121,4,117,14,6,9,""9"",9,2,57,""+1:14.887"",5579629,48,3,""1:34.199"",""206.830"",1"
"26295,1121,840,117,18,12,10,""10"",10,1,57,""+1:33.216"",5597958,30,16,""1:35.632"",""203.730"",1"
"26296,1121,855,15,24,17,11,""11"",11,0,56,\N,\N,30,14,""1:35.458"",""204.102"",11"
"26297,1121,825,210,20,15,12,""12"",12,0,56,\N,\N,34,15,""1:35.570"",""203.863"",11"
"26298,1121,817,215,3,14,13,""13"",13,0,56,\N,\N,37,13,""1:35.163"",""204.735"",11"
"26299,1121,852,215,22,11,14,""14"",14,0,56,\N,\N,37,18,""1:35.833"",""203.303"",11"
"26300,1121,848,3,23,13,15,""15"",15,0,56,\N,\N,40,17,""1:35.723"",""203.537"",11"
"26301,1121,807,210,27,10,16,""16"",16,0,56,\N,\N,46,10,""1:34.834"",""205.445"",11"
"26302,1121,839,214,31,19,17,""17"",17,0,56,\N,\N,34,20,""1:36.226"",""202.473"",11"
"26303,1121,842,214,10,20,18,""18"",18,0,56,\N,\N,45,9,""1:34.805"",""205.508"",11"
"26304,1121,822,15,77,16,19,""19"",19,0,56,\N,\N,33,19,""1:36.202"",""202.523"",11"
"26305,1121,858,3,2,18,20,""20"",20,0,55,\N,\N,42,8,""1:34.735"",""205.659"",12"
"26306,1122,830,9,1,1,1,""1"",1,25,50,""1:20:43.273"",4843273,50,3,""1:31.773"",""242.188"",1"
"26307,1122,815,9,11,3,2,""2"",2,18,50,""+13.6431"",4862704,37,8,""1:32.273"",""240.876"",1"
"26308,1122,844,6,16,2,3,""3"",3,16,50,""+18.639"",4861912,50,1,""1:31.632"",""242.561"",1"
"26309,1122,857,1,81,5,4,""4"",4,12,50,""+32.007"",4875280,1,10,""1:32.310"",""240.779"",1"
"26310,1122,4,117,14,4,5,""5"",5,10,50,""+35.759"",4879032,43,13,""1:32.387"",""240.579"",1"
"26311,1122,847,131,63,7,6,""6"",6,8,50,""+39.936"",4883209,42,7,""1:32.254"",""240.926"",1"
"26312,1122,860,6,38,11,7,""7"",7,6,50,""+42.679"",4885952,50,5,""1:32.186"",""241.103"",1"
"26313,1122,846,1,4,6,8,""8"",8,4,50,""+45.708"",4888981,1,4,""1:31.944"",""241.738"",1"
"26314,1122,1,131,44,8,9,""9"",9,2,50,""+47.391"",4890664,38,2,""1:31.746"",""242.260"",1"
"26315,1122,807,210,27,15,10,""10"",10,1,50,""+1:16.996"",4920269,49,12,""1:32.366"",""240.633"",1"
"26316,1122,848,3,23,12,11,""11"",11,0,50,""+1:28.354"",4931627,50,9,""1:32.307"",""240.787"",1"
"26317,1122,825,210,20,13,12,""12"",12,0,50,""+1:45.7373"",4955646,47,11,""1:32.338"",""240.706"",1"
"26318,1122,839,214,31,17,13,""13"",13,0,49,\N,\N,48,17,""1:33.481"",""237.763"",11"
"26319,1122,858,3,2,19,14,""14"",14,0,49,\N,\N,44,18,""1:33.523"",""237.657"",11"
"26320,1122,852,215,22,9,15,""15"",15,0,49,\N,\N,49,15,""1:33.026"",""238.926"",11"
"26321,1122,817,215,3,14,16,""16"",16,0,49,\N,\N,47,16,""1:33.323"",""238.166"",11"
"26322,1122,822,15,77,16,17,""17"",17,0,49,\N,\N,49,14,""1:32.706"",""239.751"",11"
"26323,1122,855,15,24,20,18,""18"",18,0,49,\N,\N,49,6,""1:32.208"",""241.046"",11"
"26324,1122,840,117,18,10,\N,""R"",19,0,5,\N,\N,5,19,""1:35.560"",""232.591"",3"
"26325,1122,842,214,10,18,\N,""R"",20,0,1,\N,\N,\N,0,\N,\N,6"
"26326,1123,832,6,55,2,1,""1"",1,25,58,""1:20:26.843"",4826843,48,3,""1:20.031"",""237.418"",1"
"26327,1123,844,6,16,4,2,""2"",2,19,58,""+2.366"",4829209,56,1,""1:19.813"",""238.066"",1"
"26328,1123,846,1,4,3,3,""3"",3,15,58,""+5.904"",4832747,1,2,""1:19.915"",""237.762"",1"
"26329,1123,857,1,81,5,4,""4"",4,12,58,""+35.770"",4862613,1,4,""1:20.199"",""236.920"",1"
"26330,1123,815,9,11,6,5,""5"",5,10,58,""+56.309"",4883152,47,6,""1:20.388"",""236.363"",1"
"26331,1123,840,117,18,9,6,""6"",6,8,58,""+1:33.222"",4920065,49,8,""1:20.930"",""234.780"",1"
"26332,1123,852,215,22,8,7,""7"",7,6,58,""+1:35.601"",4922444,46,11,""1:21.134"",""234.190"",1"
"26333,1123,4,117,14,10,8,""8"",8,4,58,""+1:40.992"",4927835,52,7,""1:20.493"",""236.055"",1"
"26334,1123,807,210,27,16,9,""9"",9,2,58,""+1:44.553"",4931396,46,12,""1:21.145"",""234.158"",1"
"26335,1123,825,210,20,14,10,""10"",10,1,57,\N,\N,44,9,""1:21.082"",""234.340"",11"
"26336,1123,848,3,23,12,11,""11"",11,0,57,\N,\N,46,17,""1:21.618"",""232.801"",11"
"26337,1123,817,215,3,18,12,""12"",12,0,57,\N,\N,46,13,""1:21.239"",""233.887"",11"
"26338,1123,842,214,10,17,13,""13"",13,0,57,\N,\N,51,10,""1:21.090"",""234.317"",11"
"26339,1123,822,15,77,13,14,""14"",14,0,57,\N,\N,48,16,""1:21.422"",""233.361"",11"
"26340,1123,855,15,24,19,15,""15"",15,0,57,\N,\N,49,14,""1:21.327"",""233.634"",11"
"26341,1123,839,214,31,15,16,""16"",16,0,57,\N,\N,45,15,""1:21.354"",""233.557"",11"
"26342,1123,847,131,63,7,17,""17"",17,0,56,\N,\N,53,5,""1:20.284"",""236.669"",3"
"26343,1123,1,131,44,11,\N,""R"",18,0,15,\N,\N,11,18,""1:22.444"",""230.469"",5"
"26344,1123,830,9,1,1,\N,""R"",19,0,3,\N,\N,3,19,""1:23.115"",""228.608"",23"
"26345,1124,830,9,1,1,1,""1"",1,26,53,""1:54:23.566"",6863566,50,1,""1:33.706"",""223.093"",1"
"26346,1124,815,9,11,2,2,""2"",2,18,53,""+12.535"",6876101,35,3,""1:33.945"",""222.525"",1"
"26347,1124,832,6,55,4,3,""3"",3,15,53,""+20.866"",6884432,46,2,""1:33.841"",""222.772"",1"
"26348,1124,844,6,16,8,4,""4"",4,12,53,""+26.522"",6890088,53,9,""1:35.044"",""219.952"",1"
"26349,1124,846,1,4,3,5,""5"",5,10,53,""+29.700"",6893266,1,10,""1:35.186"",""219.624"",1"
"26350,1124,4,117,14,5,6,""6"",6,8,53,""+44.272"",6907838,53,6,""1:34.726"",""220.691"",1"
"26351,1124,847,131,63,9,7,""7"",7,6,53,""+45.951"",6909517,39,5,""1:34.404"",""221.444"",1"
"26352,1124,857,1,81,6,8,""8"",8,4,53,""+47.525"",6911091,1,7,""1:34.802"",""220.514"",1"
"26353,1124,1,131,44,7,9,""9"",9,2,53,""+48.626"",6912192,41,4,""1:33.952"",""222.509"",1"
"26354,1124,852,215,22,10,10,""10"",10,1,52,\N,\N,51,14,""1:36.342"",""216.989"",11"
"26355,1124,807,210,27,12,11,""11"",11,0,52,\N,\N,52,11,""1:35.325"",""219.304"",11"
"26356,1124,840,117,18,16,12,""12"",12,0,52,\N,\N,41,12,""1:35.798"",""218.221"",11"
"26357,1124,825,210,20,18,13,""13"",13,0,52,\N,\N,24,17,""1:36.654"",""216.289"",11"
"26358,1124,822,15,77,13,14,""14"",14,0,52,\N,\N,25,15,""1:36.608"",""216.392"",11"
"26359,1124,839,214,31,15,15,""15"",15,0,52,\N,\N,52,13,""1:36.232"",""217.237"",11"
"26360,1124,842,214,10,17,16,""16"",16,0,52,\N,\N,48,16,""1:36.642"",""216.315"",11"
"26361,1124,858,3,2,19,17,""17"",17,0,52,\N,\N,43,8,""1:34.900"",""220.286"",11"
"26362,1124,855,15,24,20,\N,""R"",18,0,12,\N,\N,9,18,""1:37.160"",""215.162"",6"
"26363,1124,817,215,3,11,\N,""R"",19,0,0,\N,\N,\N,0,\N,\N,3"
"26364,1124,848,3,23,14,\N,""R"",20,0,0,\N,\N,\N,0,\N,\N,3"
"26365,1125,830,9,1,1,1,""1"",1,25,56,""1:40:52.554"",6052554,33,2,""1:38.406"",""199.414"",1"
"26366,1125,846,1,4,4,2,""2"",2,18,56,""+13.773"",6066327,1,4,""1:38.751"",""198.717"",1"
"26367,1125,815,9,11,2,3,""3"",3,15,56,""+19.160"",6071714,33,7,""1:39.388"",""197.444"",1"
"26368,1125,844,6,16,6,4,""4"",4,12,56,""+23.623"",6076177,33,6,""1:39.384"",""197.452"",1"
"26369,1125,832,6,55,7,5,""5"",5,10,56,""+33.983"",6086537,19,10,""1:39.764"",""196.700"",1"
"26370,1125,847,131,63,8,6,""6"",6,8,56,""+38.724"",6091278,39,11,""1:40.112"",""196.016"",1"
"26371,1125,4,117,14,3,7,""7"",7,7,56,""+43.414"",6095968,45,1,""1:37.810"",""200.629"",1"
"26372,1125,857,1,81,5,8,""8"",8,4,56,""+56.198"",6108752,1,9,""1:39.739"",""196.749"",1"
"26373,1125,1,131,44,18,9,""9"",9,2,56,""+57.986"",6110540,34,14,""1:40.835"",""194.610"",1"
"26374,1125,807,210,27,9,10,""10"",10,1,56,""+1:00.476"",6113030,32,13,""1:40.815"",""194.649"",1"
"26375,1125,839,214,31,13,11,""11"",11,0,56,""+1:02.812"",6115366,33,15,""1:40.937"",""194.414"",1"
"26376,1125,848,3,23,14,12,""12"",12,0,56,""+1:05.506"",6118060,34,12,""1:40.790"",""194.697"",1"
"26377,1125,842,214,10,15,13,""13"",13,0,56,""+1:09.223"",6121777,40,5,""1:39.198"",""197.822"",1"
"26378,1125,855,15,24,16,14,""14"",14,0,56,""+1:11.689"",6124243,42,3,""1:38.633"",""198.955"",1"
"26379,1125,840,117,18,11,15,""15"",15,0,56,""+1:22.786"",6135340,37,8,""1:39.444"",""197.333"",1"
"26380,1125,825,210,20,17,16,""16"",16,0,56,""+1:27.533"",6140087,45,18,""1:41.077"",""194.145"",1"
"26381,1125,858,3,2,20,17,""17"",17,0,56,""+1:35.110"",6147664,14,17,""1:41.000"",""194.293"",1"
"26382,1125,817,215,3,12,\N,""R"",18,0,33,\N,\N,16,16,""1:40.994"",""194.304"",31"
"26383,1125,852,215,22,19,\N,""R"",19,0,26,\N,\N,11,20,""1:41.593"",""193.158"",31"
"26384,1125,822,15,77,10,\N,""R"",20,0,19,\N,\N,11,19,""1:41.276"",""193.763"",31"
"26385,1126,846,1,4,5,1,""1"",1,25,57,""1:30:49.876"",5449876,55,5,""1:30.980"",""214.148"",1"
"26386,1126,830,9,1,1,2,""2"",2,18,57,""+7.612"",5457488,48,8,""1:31.261"",""213.488"",1"
"26387,1126,844,6,16,2,3,""3"",3,15,57,""+9.920"",5459796,56,6,""1:31.084"",""213.903"",1"
"26388,1126,815,9,11,4,4,""4"",4,12,57,""+14.650"",5464526,55,3,""1:30.855"",""214.442"",1"
"26389,1126,832,6,55,3,5,""5"",5,10,57,""+16.407"",5466283,55,4,""1:30.928"",""214.270"",1"
"26390,1126,1,131,44,8,6,""6"",6,8,57,""+16.585"",5466461,54,7,""1:31.233"",""213.554"",1"
"26391,1126,852,215,22,10,7,""7"",7,6,57,""+26.185"",5476061,55,10,""1:31.682"",""212.508"",1"
"26392,1126,847,131,63,7,8,""8"",8,4,57,""+34.789"",5484665,43,13,""1:31.921"",""211.955"",1"
"26393,1126,4,117,14,15,9,""9"",9,2,57,""+37.107"",5486983,55,11,""1:31.727"",""212.404"",1"
"26394,1126,839,214,31,13,10,""10"",10,1,57,""+39.746"",5489622,51,16,""1:32.037"",""211.688"",1"
"26395,1126,807,210,27,9,11,""11"",11,0,57,""+40.789"",5490665,56,14,""1:31.941"",""211.909"",1"
"26396,1126,842,214,10,12,12,""12"",12,0,57,""+44.958"",5494834,56,17,""1:32.055"",""211.647"",1"
"26397,1126,857,1,81,6,13,""13"",13,0,57,""+49.756"",5499632,43,1,""1:30.634"",""214.965"",1"
"26398,1126,855,15,24,19,14,""14"",14,0,57,""+49.979"",5499855,56,15,""1:31.991"",""211.794"",1"
"26399,1126,817,215,3,20,15,""15"",15,0,57,""+50.956"",5500832,57,19,""1:32.122"",""211.493"",1"
"26400,1126,822,15,77,16,16,""16"",16,0,57,""+52.356"",5502232,55,18,""1:32.098"",""211.548"",1"
"26401,1126,840,117,18,11,17,""17"",17,0,57,""+55.173"",5505049,57,9,""1:31.588"",""212.726"",1"
"26402,1126,848,3,23,14,18,""18"",18,0,57,""+1:16.091"",5525967,55,2,""1:30.849"",""214.456"",1"
"26403,1126,825,210,20,18,19,""19"",19,0,57,""+1:24.683"",5534559,33,12,""1:31.774"",""212.295"",1"
"26404,1126,858,3,2,17,\N,""R"",20,0,27,\N,\N,15,20,""1:33.452"",""208.483"",4"
"26405,1127,830,9,1,1,1,""1"",1,25,63,""1:25:25.252"",5125252,38,9,""1:20.366"",""219.898"",1"
"26406,1127,846,1,4,2,2,""2"",2,18,63,""+0.725"",5125977,54,6,""1:19.994"",""220.921"",1"
"26407,1127,844,6,16,3,3,""3"",3,15,63,""+7.916"",5133168,27,5,""1:19.935"",""221.084"",1"
"26408,1127,857,1,81,5,4,""4"",4,12,63,""+14.132"",5139384,25,4,""1:19.907"",""221.162"",1"
"26409,1127,832,6,55,4,5,""5"",5,10,63,""+22.325"",5147577,63,7,""1:20.220"",""220.299"",1"
"26410,1127,1,131,44,8,6,""6"",6,8,63,""+35.104"",5160356,43,8,""1:20.331"",""219.994"",1"
"26411,1127,847,131,63,6,7,""7"",7,7,63,""+47.154"",5172406,54,1,""1:18.589"",""224.871"",1"
"26412,1127,815,9,11,11,8,""8"",8,4,63,""+54.776"",5180028,52,3,""1:19.686"",""221.775"",1"
"26413,1127,840,117,18,13,9,""9"",9,2,63,""+1:19.556"",5204808,58,10,""1:20.570"",""219.342"",1"
"26414,1127,852,215,22,7,10,""10"",10,1,62,\N,\N,14,11,""1:20.936"",""218.350"",11"
"26415,1127,807,210,27,10,11,""11"",11,0,62,\N,\N,3,20,""1:21.700"",""216.308"",11"
"26416,1127,825,210,20,18,12,""12"",12,0,62,\N,\N,58,12,""1:21.009"",""218.153"",11"
"26417,1127,817,215,3,9,13,""13"",13,0,62,\N,\N,13,19,""1:21.569"",""216.655"",11"
"26418,1127,839,214,31,12,14,""14"",14,0,62,\N,\N,37,16,""1:21.304"",""217.361"",11"
"26419,1127,855,15,24,17,15,""15"",15,0,62,\N,\N,37,13,""1:21.016"",""218.134"",11"
"26420,1127,842,214,10,15,16,""16"",16,0,62,\N,\N,10,17,""1:21.371"",""217.183"",11"
"26421,1127,858,3,2,19,17,""17"",17,0,62,\N,\N,55,14,""1:21.229"",""217.562"",11"
"26422,1127,822,15,77,16,18,""18"",18,0,62,\N,\N,11,18,""1:21.455"",""216.959"",11"
"26423,1127,4,117,14,20,19,""19"",19,0,62,\N,\N,62,2,""1:19.004"",""223.689"",11"
"26424,1127,848,3,23,14,\N,""R"",20,0,51,\N,\N,48,15,""1:21.274"",""217.442"",31"
"26425,1128,844,6,16,1,1,""1"",1,25,78,""2:23:15.554"",8595554,\N,0,\N,\N,1"
"26426,1128,857,1,81,2,2,""2"",2,18,78,""+7.152"",8602706,\N,0,\N,\N,1"
"26427,1128,832,6,55,3,3,""3"",3,15,78,""+7.585"",8603139,\N,0,\N,\N,1"
"26428,1128,846,1,4,4,4,""4"",4,12,78,""+8.650"",8604204,\N,0,\N,\N,1"
"26429,1128,847,131,63,5,5,""5"",5,10,78,""+13.309"",8608863,\N,0,\N,\N,1"
"26430,1128,830,9,1,6,6,""6"",6,8,78,""+13.853"",8609407,\N,0,\N,\N,1"
"26431,1128,1,131,44,7,7,""7"",7,7,78,""+14.908"",8610462,\N,0,\N,\N,1"
"26432,1128,852,215,22,8,8,""8"",8,4,77,\N,\N,\N,0,\N,\N,11"
"26433,1128,848,3,23,9,9,""9"",9,2,77,\N,\N,\N,0,\N,\N,11"
"26434,1128,842,214,10,10,10,""10"",10,1,77,\N,\N,\N,0,\N,\N,11"
"26435,1128,4,117,14,14,11,""11"",11,0,76,\N,\N,\N,0,\N,\N,12"
"26436,1128,817,215,3,12,12,""12"",12,0,76,\N,\N,\N,0,\N,\N,12"
"26437,1128,822,15,77,17,13,""13"",13,0,76,\N,\N,\N,0,\N,\N,12"
"26438,1128,840,117,18,13,14,""14"",14,0,76,\N,\N,\N,0,\N,\N,12"
"26439,1128,858,3,2,15,15,""15"",15,0,76,\N,\N,\N,0,\N,\N,12"
"26440,1128,855,15,24,18,16,""16"",16,0,76,\N,\N,\N,0,\N,\N,12"
"26441,1128,839,214,31,11,\N,""R"",17,0,0,\N,\N,\N,0,\N,\N,4"
"26442,1128,815,9,11,16,\N,""R"",18,0,0,\N,\N,\N,0,\N,\N,4"
"26443,1128,807,210,27,19,\N,""R"",19,0,0,\N,\N,\N,0,\N,\N,4"
"26444,1128,825,210,20,20,\N,""R"",20,0,0,\N,\N,\N,0,\N,\N,4"
"26445,1129,830,9,1,2,1,""1"",1,25,70,""1:45:47.927"",6347927,70,4,""1:15.569"",""207.751"",1"
"26446,1129,846,1,4,3,2,""2"",2,18,70,""+3.879"",6351806,67,3,""1:15.558"",""207.782"",1"
"26447,1129,847,131,63,1,3,""3"",3,15,70,""+4.317"",6352244,70,2,""1:14.895"",""209.621"",1"
"26448,1129,1,131,44,7,4,""4"",4,13,70,""+4.915"",6352842,70,1,""1:14.856"",""209.730"",1"
"26449,1129,857,1,81,4,5,""5"",5,10,70,""+10.199"",6358126,65,5,""1:16.247"",""205.904"",1"
"26450,1129,4,117,14,6,6,""6"",6,8,70,""+17.510"",6365437,70,6,""1:16.303"",""205.753"",1"
"26451,1129,840,117,18,9,7,""7"",7,6,70,""+23.625"",6371552,70,9,""1:16.762"",""204.523"",1"
"26452,1129,817,215,3,5,8,""8"",8,4,70,""+28.672"",6376599,68,12,""1:17.076"",""203.689"",1"
"26453,1129,842,214,10,15,9,""9"",9,2,70,""+30.021"",6377948,70,11,""1:17.013"",""203.856"",1"
"26454,1129,839,214,31,18,10,""10"",10,1,70,""+30.313"",6378240,70,10,""1:17.012"",""203.859"",1"
"26455,1129,807,210,27,17,11,""11"",11,0,70,""+30.824"",6378751,67,8,""1:16.683"",""204.733"",1"
"26456,1129,825,210,20,14,12,""12"",12,0,70,""+31.253"",6379180,68,7,""1:16.499"",""205.226"",1"
"26457,1129,822,15,77,0,13,""13"",13,0,70,""+40.487"",6388414,65,13,""1:17.250"",""203.231"",1"
"26458,1129,852,215,22,8,14,""14"",14,0,70,""+52.694"",6400621,70,14,""1:17.309"",""203.075"",1"
"26459,1129,855,15,24,0,15,""15"",15,0,69,\N,\N,68,15,""1:17.325"",""203.033"",11"
"26460,1129,832,6,55,12,\N,""R"",16,0,52,\N,\N,51,17,""1:18.957"",""198.837"",4"
"26461,1129,848,3,23,10,\N,""R"",17,0,52,\N,\N,51,18,""1:19.359"",""197.830"",4"
"26462,1129,815,9,11,16,\N,""R"",18,0,51,\N,\N,51,16,""1:18.819"",""199.185"",3"
"26463,1129,844,6,16,11,\N,""R"",19,0,40,\N,\N,39,19,""1:26.012"",""182.528"",5"
"26464,1129,858,3,2,13,\N,""R"",20,0,23,\N,\N,19,20,""1:26.484"",""181.531"",3"
"26465,1130,830,9,1,2,1,""1"",1,25,66,""1:28:20.227"",5300227,54,2,""1:17.776"",""215.557"",1"
"26466,1130,846,1,4,1,2,""2"",2,19,66,""+2.219"",5302446,51,1,""1:17.115"",""217.405"",1"
"26467,1130,1,131,44,3,3,""3"",3,15,66,""+17.790"",5318017,46,4,""1:17.809"",""215.466"",1"
"26468,1130,847,131,63,4,4,""4"",4,12,66,""+22.320"",5322547,50,7,""1:18.290"",""214.142"",1"
"26469,1130,844,6,16,5,5,""5"",5,10,66,""+22.709"",5322936,52,6,""1:17.897"",""215.222"",1"
"26470,1130,832,6,55,6,6,""6"",6,8,66,""+31.028"",5331255,39,9,""1:18.539"",""213.463"",1"
"26471,1130,857,1,81,9,7,""7"",7,6,66,""+33.760"",5333987,56,5,""1:17.874"",""215.286"",1"
"26472,1130,815,9,11,11,8,""8"",8,4,66,""+59.524"",5359751,51,3,""1:17.785"",""215.532"",1"
"26473,1130,842,214,10,7,9,""9"",9,2,66,""+1:02.025"",5362252,51,13,""1:19.045"",""212.096"",1"
"26474,1130,839,214,31,8,10,""10"",10,1,66,""+1:11.889"",5372116,54,12,""1:18.982"",""212.266"",1"
"26475,1130,807,210,27,13,11,""11"",11,0,66,""+1:19.215"",5379442,49,10,""1:18.609"",""213.273"",1"
"26476,1130,4,117,14,10,12,""12"",12,0,65,\N,\N,50,8,""1:18.334"",""214.022"",11"
"26477,1130,855,15,24,15,13,""13"",13,0,65,\N,\N,50,11,""1:18.771"",""212.834"",11"
"26478,1130,840,117,18,14,14,""14"",14,0,65,\N,\N,50,15,""1:19.318"",""211.366"",11"
"26479,1130,817,215,3,18,15,""15"",15,0,65,\N,\N,61,17,""1:19.450"",""211.015"",11"
"26480,1130,822,15,77,12,16,""16"",16,0,65,\N,\N,13,18,""1:19.608"",""210.596"",11"
"26481,1130,825,210,20,16,17,""17"",17,0,65,\N,\N,33,19,""1:19.805"",""210.077"",11"
"26482,1130,848,3,23,0,18,""18"",18,0,65,\N,\N,45,14,""1:19.132"",""211.863"",11"
"26483,1130,852,215,22,17,19,""19"",19,0,65,\N,\N,56,16,""1:19.447"",""211.023"",11"
"26484,1130,858,3,2,19,20,""20"",20,0,64,\N,\N,38,20,""1:20.172"",""209.115"",12"
"26485,1131,847,131,63,3,1,""1"",1,25,71,""1:24:22.798"",5062798,48,5,""1:09.164"",""224.752"",1"
"26486,1131,857,1,81,7,2,""2"",2,18,71,""+1.906"",5064704,56,4,""1:08.697"",""226.280"",1"
"26487,1131,832,6,55,4,3,""3"",3,15,71,""+4.533"",5067331,56,6,""1:09.282"",""224.369"",1"
"26488,1131,1,131,44,5,4,""4"",4,12,71,""+23.142"",5085940,61,7,""1:09.562"",""223.466"",1"
"26489,1131,830,9,1,1,5,""5"",5,10,71,""+37.253"",5100051,68,2,""1:07.719"",""229.548"",1"
"26490,1131,807,210,27,9,6,""6"",6,8,71,""+54.088"",5116886,51,14,""1:10.215"",""221.388"",1"
"26491,1131,815,9,11,8,7,""7"",7,6,71,""+54.672"",5117470,56,11,""1:09.694"",""223.043"",1"
"26492,1131,825,210,20,12,8,""8"",8,4,71,""+1:00.355"",5123153,45,12,""1:10.125"",""221.672"",1"
"26493,1131,817,215,3,11,9,""9"",9,2,71,""+1:01.169"",5123967,49,18,""1:10.426"",""220.725"",1"
"26494,1131,842,214,10,13,10,""10"",10,1,71,""+1:01.766"",5124564,45,9,""1:09.609"",""223.315"",1"
"26495,1131,844,6,16,6,11,""11"",11,0,71,""+1:07.056"",5129854,55,8,""1:09.584"",""223.396"",1"
"26496,1131,839,214,31,10,12,""12"",12,0,71,""+1:08.325"",5131123,45,10,""1:09.649"",""223.187"",1"
"26497,1131,840,117,18,17,13,""13"",13,0,70,\N,\N,54,13,""1:10.143"",""221.615"",11"
"26498,1131,852,215,22,14,14,""14"",14,0,70,\N,\N,54,15,""1:10.318"",""221.064"",11"
"26499,1131,848,3,23,16,15,""15"",15,0,70,\N,\N,41,16,""1:10.364"",""220.919"",11"
"26500,1131,822,15,77,18,16,""16"",16,0,70,\N,\N,48,19,""1:10.449"",""220.653"",11"
"26501,1131,855,15,24,20,17,""17"",17,0,70,\N,\N,54,20,""1:10.470"",""220.587"",11"
"26502,1131,4,117,14,15,18,""18"",18,0,70,\N,\N,70,1,""1:07.694"",""229.633"",11"
"26503,1131,858,3,2,19,19,""19"",19,0,69,\N,\N,60,17,""1:10.406"",""220.788"",12"
"26504,1131,846,1,4,2,20,""20"",20,0,64,\N,\N,53,3,""1:08.016"",""228.546"",17"
"26505,1132,1,131,44,2,1,""1"",1,25,52,""1:22:27.059"",4947059,45,5,""1:29.438"",""237.120"",1"
"26506,1132,830,9,1,4,2,""2"",2,18,52,""+1.465"",4948524,48,3,""1:28.952"",""238.416"",1"
"26507,1132,846,1,4,3,3,""3"",3,15,52,""+7.547"",4954606,43,4,""1:29.262"",""237.588"",1"
"26508,1132,857,1,81,5,4,""4"",4,12,52,""+12.429"",4959488,51,2,""1:28.748"",""238.964"",1"
"26509,1132,832,6,55,7,5,""5"",5,11,52,""+47.318"",4994377,52,1,""1:28.293"",""240.195"",1"
"26510,1132,807,210,27,6,6,""6"",6,8,52,""+55.722"",5002781,43,10,""1:29.836"",""236.070"",1"
"26511,1132,840,117,18,8,7,""7"",7,6,52,""+56.569"",5003628,46,11,""1:29.897"",""235.909"",1"
"26512,1132,4,117,14,10,8,""8"",8,4,52,""+1:03.577"",5010636,47,7,""1:29.710"",""236.401"",1"
"26513,1132,848,3,23,9,9,""9"",9,2,52,""+1:08.387"",5015446,52,8,""1:29.718"",""236.380"",1"
"26514,1132,852,215,22,13,10,""10"",10,1,52,""+1:19.303"",5026362,43,14,""1:30.229"",""235.041"",1"
"26515,1132,858,3,2,12,11,""11"",11,0,52,""+1:28.960"",5036019,42,12,""1:29.972"",""235.713"",1"
"26516,1132,825,210,20,17,12,""12"",12,0,52,""+1:30.153"",5037212,42,13,""1:30.093"",""235.396"",1"
"26517,1132,817,215,3,15,13,""13"",13,0,51,\N,\N,47,15,""1:30.735"",""233.731"",11"
"26518,1132,844,6,16,11,14,""14"",14,0,51,\N,\N,43,9,""1:29.748"",""236.301"",11"
"26519,1132,822,15,77,16,15,""15"",15,0,51,\N,\N,44,18,""1:31.277"",""232.343"",11"
"26520,1132,839,214,31,18,16,""16"",16,0,50,\N,\N,46,16,""1:30.875"",""233.371"",12"
"26521,1132,815,9,11,0,17,""17"",17,0,50,\N,\N,50,6,""1:29.707"",""236.409"",12"
"26522,1132,855,15,24,14,18,""18"",18,0,50,\N,\N,43,17,""1:31.014"",""233.014"",12"
"26523,1132,847,131,63,1,\N,""R"",19,0,33,\N,\N,3,19,""1:31.298"",""232.289"",34"
"26524,1132,842,214,10,19,\N,""W"",20,0,0,\N,\N,\N,0,\N,\N,6"
"26525,1133,857,1,81,2,1,""1"",1,25,70,""1:38:01.989"",5881989,51,8,""1:21.716"",""193.005"",1"
"26526,1133,846,1,4,1,2,""2"",2,18,70,""+2.141"",5884130,50,7,""1:21.712"",""193.014"",1"
"26527,1133,1,131,44,5,3,""3"",3,15,70,""+14.880"",5896869,54,9,""1:22.153"",""191.978"",1"
"26528,1133,844,6,16,6,4,""4"",4,12,70,""+19.686"",5901675,29,10,""1:22.182"",""191.910"",1"
"26529,1133,830,9,1,3,5,""5"",5,10,70,""+21.349"",5903338,51,3,""1:20.908"",""194.932"",1"
"26530,1133,832,6,55,4,6,""6"",6,8,70,""+23.073"",5905062,53,5,""1:21.441"",""193.656"",1"
"26531,1133,815,9,11,16,7,""7"",7,6,70,""+39.792"",5921781,49,4,""1:21.096"",""194.480"",1"
"26532,1133,847,131,63,17,8,""8"",8,5,70,""+42.368"",5924357,55,1,""1:20.305"",""196.396"",1"
"26533,1133,852,215,22,10,9,""9"",9,2,70,""+1:17.259"",5959248,57,18,""1:23.533"",""188.806"",1"
"26534,1133,840,117,18,8,10,""10"",10,1,70,""+1:17.976"",5959965,48,11,""1:22.338"",""191.547"",1"
"26535,1133,4,117,14,7,11,""11"",11,0,70,""+1:22.460"",5964449,52,14,""1:23.063"",""189.875"",1"
"26536,1133,817,215,3,9,12,""12"",12,0,69,\N,\N,30,12,""1:22.640"",""190.847"",11"
"26537,1133,807,210,27,11,13,""13"",13,0,69,\N,\N,54,16,""1:23.461"",""188.969"",11"
"26538,1133,848,3,23,13,14,""14"",14,0,69,\N,\N,31,20,""1:23.930"",""187.913"",11"
"26539,1133,825,210,20,15,15,""15"",15,0,69,\N,\N,50,19,""1:23.553"",""188.761"",11"
"26540,1133,822,15,77,12,16,""16"",16,0,69,\N,\N,52,13,""1:22.792"",""190.496"",11"
"26541,1133,858,3,2,14,17,""17"",17,0,69,\N,\N,65,2,""1:20.561"",""195.772"",11"
"26542,1133,839,214,31,19,18,""18"",18,0,69,\N,\N,66,6,""1:21.610"",""193.255"",11"
"26543,1133,855,15,24,18,19,""19"",19,0,69,\N,\N,38,17,""1:23.487"",""188.910"",11"
"26544,1133,842,214,10,0,\N,""R"",20,0,33,\N,\N,31,15,""1:23.340"",""189.244"",9"
"26545,1134,1,131,44,3,1,""1"",1,25,44,""+0.526"",526,33,6,""1:46.653"",""236.415"",1"
"26546,1134,857,1,81,5,2,""2"",2,18,44,""+1.173"",1699,32,3,""1:45.840"",""238.231"",1"
"26547,1134,844,6,16,1,3,""3"",3,15,44,""+8.549"",9075,33,8,""1:47.013"",""235.619"",1"
"26548,1134,830,9,1,11,4,""4"",4,12,44,""+9.226"",9752,32,4,""1:46.128"",""237.584"",1"
"26549,1134,846,1,4,4,5,""5"",5,10,44,""+9.850"",10376,31,2,""1:45.563"",""238.856"",1"
"26550,1134,832,6,55,7,6,""6"",6,8,44,""+19.795"",20321,44,5,""1:46.364"",""237.057"",1"
"26551,1134,815,9,11,2,7,""7"",7,7,44,""+43.195"",43721,44,1,""1:44.701"",""240.822"",1"
"26552,1134,4,117,14,8,8,""8"",8,4,44,""+49.963"",50489,42,17,""1:48.051"",""233.356"",1"
"26553,1134,839,214,31,9,9,""9"",9,2,44,""+52.552"",53078,43,7,""1:46.957"",""235.743"",1"
"26554,1134,817,215,3,13,10,""10"",10,1,44,""+54.926"",55452,37,12,""1:47.435"",""234.694"",1"
"26555,1134,840,117,18,15,11,""11"",11,0,44,""+1:03.011"",63537,44,18,""1:48.105"",""233.239"",1"
"26556,1134,848,3,23,10,12,""12"",12,0,44,""+1:03.651"",64177,44,16,""1:47.996"",""233.475"",1"
"26557,1134,842,214,10,12,13,""13"",13,0,44,""+1:04.365"",64891,30,11,""1:47.418"",""234.731"",1"
"26558,1134,825,210,20,17,14,""14"",14,0,44,""+1:06.631"",67157,44,14,""1:47.848"",""233.795"",1"
"26559,1134,822,15,77,14,15,""15"",15,0,44,""+1:10.638"",71164,37,9,""1:47.019"",""235.606"",1"
"26560,1134,852,215,22,20,16,""16"",16,0,44,""+1:16.737"",77263,44,15,""1:47.969"",""233.533"",1"
"26561,1134,858,3,2,18,17,""17"",17,0,44,""+1:26.057"",86583,43,13,""1:47.490"",""234.574"",1"
"26562,1134,807,210,27,16,18,""18"",18,0,44,""+1:28.833"",89359,44,19,""1:48.954"",""231.422"",1"
"26563,1134,855,15,24,19,\N,""R"",19,0,5,\N,\N,2,20,""1:52.099"",""224.929"",31"
"26564,1134,847,131,63,6,\N,""D"",20,0,44,""1:19:57.040"",4797566,44,10,""1:47.113"",""235.399"",2"
"26565,1135,846,1,4,1,1,""1"",1,26,72,""1:30:45.519"",5445519,72,1,""1:13.817"",""207.708"",1"
"26566,1135,830,9,1,2,2,""2"",2,18,72,""+22.896"",5468415,30,9,""1:14.752"",""205.110"",1"
"26567,1135,844,6,16,6,3,""3"",3,15,72,""+25.439"",5470958,62,7,""1:14.585"",""205.569"",1"
"26568,1135,857,1,81,3,4,""4"",4,12,72,""+27.337"",5472856,36,5,""1:14.237"",""206.533"",1"
"26569,1135,832,6,55,10,5,""5"",5,10,72,""+32.137"",5477656,40,4,""1:14.117"",""206.867"",1"
"26570,1135,815,9,11,5,6,""6"",6,8,72,""+39.542"",5485061,69,8,""1:14.587"",""205.563"",1"
"26571,1135,847,131,63,4,7,""7"",7,6,72,""+44.617"",5490136,57,3,""1:13.927"",""207.399"",1"
"26572,1135,1,131,44,14,8,""8"",8,4,72,""+49.599"",5495118,62,2,""1:13.878"",""207.536"",1"
"26573,1135,842,214,10,9,9,""9"",9,2,71,\N,\N,54,11,""1:14.855"",""204.828"",11"
"26574,1135,4,117,14,7,10,""10"",10,1,71,\N,\N,34,10,""1:14.758"",""205.093"",11"
"26575,1135,807,210,27,12,11,""11"",11,0,71,\N,\N,59,18,""1:15.657"",""202.656"",11"
"26576,1135,817,215,3,13,12,""12"",12,0,71,\N,\N,52,13,""1:15.222"",""203.828"",11"
"26577,1135,840,117,18,8,13,""13"",13,0,71,\N,\N,51,14,""1:15.255"",""203.739"",11"
"26578,1135,848,3,23,19,14,""14"",14,0,71,\N,\N,71,6,""1:14.434"",""205.986"",11"
"26579,1135,839,214,31,15,15,""15"",15,0,71,\N,\N,50,15,""1:15.390"",""203.374"",11"
"26580,1135,858,3,2,18,16,""16"",16,0,71,\N,\N,26,16,""1:15.539"",""202.973"",11"
"26581,1135,852,215,22,11,17,""17"",17,0,71,\N,\N,16,17,""1:15.552"",""202.938"",11"
"26582,1135,825,210,20,0,18,""18"",18,0,71,\N,\N,42,12,""1:14.954"",""204.557"",11"
"26583,1135,822,15,77,16,19,""19"",19,0,70,\N,\N,45,20,""1:15.822"",""202.215"",12"
"26584,1135,855,15,24,17,20,""20"",20,0,70,\N,\N,67,19,""1:15.724"",""202.477"",12"
"26585,1136,844,6,16,4,1,""1"",1,25,53,""1:14:40.727"",4480727,33,10,""1:23.226"",""250.580"",1"
"26586,1136,857,1,81,2,2,""2"",2,18,53,""+2.664"",4483391,53,4,""1:21.943"",""254.503"",1"
"26587,1136,846,1,4,1,3,""3"",3,16,53,""+6.153"",4486880,53,1,""1:21.432"",""256.100"",1"
"26588,1136,832,6,55,5,4,""4"",4,12,53,""+15.621"",4496348,53,9,""1:23.219"",""250.601"",1"
"26589,1136,1,131,44,6,5,""5"",5,10,53,""+22.820"",4503547,53,2,""1:21.512"",""255.849"",1"
"26590,1136,830,9,1,7,6,""6"",6,8,53,""+37.932"",4518659,43,3,""1:21.745"",""255.120"",1"
"26591,1136,847,131,63,3,7,""7"",7,6,53,""+39.715"",4520442,49,5,""1:22.036"",""254.215"",1"
"26592,1136,815,9,11,8,8,""8"",8,4,53,""+54.148"",4534875,47,8,""1:22.971"",""251.350"",1"
"26593,1136,848,3,23,9,9,""9"",9,2,53,""+1:07.456"",4548183,53,16,""1:23.918"",""248.514"",1"
"26594,1136,825,210,20,13,10,""10"",10,1,53,""+1:08.302"",4549029,51,12,""1:23.437"",""249.946"",1"
"26595,1136,4,117,14,11,11,""11"",11,0,53,""+1:08.495"",4549222,46,7,""1:22.944"",""251.432"",1"
"26596,1136,861,3,43,18,12,""12"",12,0,53,""+1:21.308"",4562035,53,14,""1:23.728"",""249.077"",1"
"26597,1136,817,215,3,12,13,""13"",13,0,53,""+1:33.452"",4574179,52,17,""1:24.219"",""247.625"",1"
"26598,1136,839,214,31,15,14,""14"",14,0,52,\N,\N,52,18,""1:24.343"",""247.261"",11"
"26599,1136,842,214,10,14,15,""15"",15,0,52,\N,\N,51,15,""1:23.755"",""248.997"",11"
"26600,1136,822,15,77,19,16,""16"",16,0,52,\N,\N,52,13,""1:23.609"",""249.432"",11"
"26601,1136,807,210,27,10,17,""17"",17,0,52,\N,\N,44,11,""1:23.275"",""250.432"",11"
"26602,1136,855,15,24,20,18,""18"",18,0,52,\N,\N,17,19,""1:25.092"",""245.085"",11"
"26603,1136,840,117,18,17,19,""19"",19,0,52,\N,\N,52,6,""1:22.232"",""253.609"",11"
"26604,1136,852,215,22,16,\N,""R"",20,0,7,\N,\N,4,20,""1:26.198"",""241.940"",25"
"26605,1137,857,1,81,2,1,""1"",1,25,51,""1:32:58.007"",5578007,47,9,""1:47.060"",""201.856"",1"
"26606,1137,844,6,16,1,2,""2"",2,18,51,""+10.910"",5588917,44,10,""1:47.067"",""201.843"",1"
"26607,1137,847,131,63,5,3,""3"",3,15,51,""+31.328"",5609335,45,2,""1:46.628"",""202.674"",1"
"26608,1137,846,1,4,15,4,""4"",4,13,51,""+36.143"",5614150,42,1,""1:45.255"",""205.318"",1"
"26609,1137,830,9,1,6,5,""5"",5,10,51,""+1:17.098"",5655105,42,3,""1:46.798"",""202.352"",1"
"26610,1137,4,117,14,7,6,""6"",6,8,51,""+1:25.468"",5663475,48,8,""1:47.057"",""201.862"",1"
"26611,1137,848,3,23,9,7,""7"",7,6,51,""+1:27.396"",5665403,43,5,""1:46.947"",""202.070"",1"
"26612,1137,861,3,43,8,8,""8"",8,4,51,""+1:29.541"",5667548,44,12,""1:47.274"",""201.454"",1"
"26613,1137,1,131,44,0,9,""9"",9,2,51,""+1:32.401"",5670408,48,11,""1:47.236"",""201.525"",1"
"26614,1137,860,210,50,10,10,""10"",10,1,51,""+1:33.127"",5671134,47,7,""1:47.048"",""201.879"",1"
"26615,1137,807,210,27,12,11,""11"",11,0,51,""+1:33.465"",5671472,42,14,""1:47.691"",""200.674"",1"
"26616,1137,842,214,10,18,12,""12"",12,0,51,""+1:57.189"",5695196,47,15,""1:48.018"",""200.066"",1"
"26617,1137,817,215,3,14,13,""13"",13,0,51,""+2:26.907"",5724914,39,17,""1:48.380"",""199.398"",1"
"26618,1137,855,15,24,17,14,""14"",14,0,51,""+2:28.841"",5726848,43,13,""1:47.644"",""200.761"",1"
"26619,1137,839,214,31,0,15,""15"",15,0,50,\N,\N,35,19,""1:48.831"",""198.572"",11"
"26620,1137,822,15,77,16,16,""16"",16,0,50,\N,\N,41,18,""1:48.418"",""199.328"",11"
"26621,1137,815,9,11,4,17,""17"",17,0,49,\N,\N,46,6,""1:47.013"",""201.945"",31"
"26622,1137,832,6,55,3,18,""18"",18,0,49,\N,\N,46,4,""1:46.866"",""202.223"",31"
"26623,1137,840,117,18,13,19,""19"",19,0,45,\N,\N,31,16,""1:48.148"",""199.826"",31"
"26624,1137,852,215,22,11,\N,""R"",20,0,14,\N,\N,8,20,""1:50.887"",""194.890"",31"
"26625,1138,846,1,4,1,1,""1"",1,25,62,""1:40:52.571"",6052571,48,2,""1:34.925"",""187.347"",1"
"26626,1138,830,9,1,2,2,""2"",2,18,62,""+20.945"",6073516,59,5,""1:35.967"",""185.313"",1"
"26627,1138,857,1,81,5,3,""3"",3,15,62,""+41.823"",6094394,48,4,""1:35.745"",""185.743"",1"
"26628,1138,847,131,63,4,4,""4"",4,12,62,""+1:01.040"",6113611,30,10,""1:37.047"",""183.251"",1"
"26629,1138,844,6,16,9,5,""5"",5,10,62,""+1:02.430"",6115001,46,3,""1:35.371"",""186.471"",1"
"26630,1138,1,131,44,3,6,""6"",6,8,62,""+1:25.248"",6137819,43,12,""1:37.393"",""182.600"",1"
"26631,1138,832,6,55,10,7,""7"",7,6,62,""+1:36.039"",6148610,15,7,""1:36.561"",""184.173"",1"
"26632,1138,4,117,14,7,8,""8"",8,4,61,\N,\N,54,18,""1:37.741"",""181.950"",11"
"26633,1138,807,210,27,6,9,""9"",9,2,61,\N,\N,35,15,""1:37.470"",""182.456"",11"
"26634,1138,815,9,11,13,10,""10"",10,1,61,\N,\N,33,16,""1:37.477"",""182.443"",11"
"26635,1138,861,3,43,12,11,""11"",11,0,61,\N,\N,35,11,""1:37.262"",""182.846"",11"
"26636,1138,852,215,22,8,12,""12"",12,0,61,\N,\N,53,6,""1:36.393"",""184.494"",11"
"26637,1138,839,214,31,15,13,""13"",13,0,61,\N,\N,48,20,""1:37.964"",""181.536"",11"
"26638,1138,840,117,18,17,14,""14"",14,0,61,\N,\N,36,19,""1:37.851"",""181.745"",11"
"26639,1138,855,15,24,20,15,""15"",15,0,61,\N,\N,47,14,""1:37.461"",""182.472"",11"
"26640,1138,822,15,77,19,16,""16"",16,0,61,\N,\N,46,17,""1:37.524"",""182.355"",11"
"26641,1138,842,214,10,18,17,""17"",17,0,61,\N,\N,46,9,""1:36.927"",""183.478"",11"
"26642,1138,817,215,3,16,18,""18"",18,0,61,\N,\N,60,1,""1:34.486"",""188.218"",11"
"26643,1138,825,210,20,14,19,""19"",19,0,57,\N,\N,52,13,""1:37.425"",""182.540"",3"
"26644,1138,848,3,23,11,\N,""R"",20,0,15,\N,\N,13,8,""1:36.888"",""183.552"",131"
"26645,1139,844,6,16,4,1,""1"",1,25,56,""1:35:09.639"",5709639,39,6,""1:37.834"",""202.861"",1"
"26646,1139,832,6,55,3,2,""2"",2,18,56,""+8.562"",5718201,42,5,""1:37.763"",""203.009"",1"
"26647,1139,830,9,1,2,3,""3"",3,15,56,""+19.412"",5729051,42,9,""1:38.117"",""202.276"",1"
"26648,1139,846,1,4,1,4,""4"",4,12,56,""+20.354"",5729993,55,4,""1:37.679"",""203.183"",1"
"26649,1139,857,1,81,5,5,""5"",5,10,56,""+21.921"",5731560,42,7,""1:37.883"",""202.760"",1"
"26650,1139,847,131,63,20,6,""6"",6,8,56,""+56.295"",5765934,42,3,""1:37.656"",""203.231"",1"
"26651,1139,815,9,11,9,7,""7"",7,6,56,""+59.072"",5768711,45,13,""1:38.514"",""201.461"",1"
"26652,1139,807,210,27,11,8,""8"",8,4,56,""+1:02.957"",5772596,51,12,""1:38.404"",""201.686"",1"
"26653,1139,859,215,30,19,9,""9"",9,2,56,""+1:10.563"",5780202,54,8,""1:38.091"",""202.330"",1"
"26654,1139,861,3,43,15,10,""10"",10,1,56,""+1:11.979"",5781618,46,2,""1:37.611"",""203.325"",1"
"26655,1139,825,210,20,8,11,""11"",11,0,56,""+1:19.782"",5789421,56,10,""1:38.210"",""202.085"",1"
"26656,1139,842,214,10,6,12,""12"",12,0,56,""+1:30.558"",5800197,55,11,""1:38.311"",""201.877"",1"
"26657,1139,4,117,14,7,13,""13"",13,0,55,\N,\N,52,17,""1:39.261"",""199.945"",11"
"26658,1139,852,215,22,10,14,""14"",14,0,55,\N,\N,54,15,""1:39.193"",""200.082"",11"
"26659,1139,840,117,18,13,15,""15"",15,0,55,\N,\N,54,16,""1:39.214"",""200.040"",11"
"26660,1139,848,3,23,14,16,""16"",16,0,55,\N,\N,54,14,""1:39.084"",""200.302"",11"
"26661,1139,822,15,77,16,17,""17"",17,0,55,\N,\N,53,19,""1:40.575"",""197.333"",11"
"26662,1139,839,214,31,12,18,""18"",18,0,55,\N,\N,53,1,""1:37.330"",""203.912"",11"
"26663,1139,855,15,24,18,19,""19"",19,0,55,\N,\N,53,18,""1:39.272"",""199.923"",11"
"26664,1139,1,131,44,17,\N,""R"",20,0,1,\N,\N,\N,0,\N,\N,20"
"26665,1140,832,6,55,1,1,""1"",1,25,71,""1:40:55.800"",6055800,62,7,""1:20.137"",""193.348"",1"
"26666,1140,846,1,4,3,2,""2"",2,18,71,""+4.705"",6060505,68,4,""1:19.691"",""194.430"",1"
"26667,1140,844,6,16,4,3,""3"",3,16,71,""+34.387"",6090187,71,1,""1:18.336"",""197.794"",1"
"26668,1140,1,131,44,6,4,""4"",4,12,71,""+44.780"",6100580,31,8,""1:20.371"",""192.785"",1"
"26669,1140,847,131,63,5,5,""5"",5,10,71,""+48.536"",6104336,63,11,""1:20.731"",""191.926"",1"
"26670,1140,830,9,1,2,6,""6"",6,8,71,""+59.558"",6115358,53,13,""1:20.872"",""191.591"",1"
"26671,1140,825,210,20,7,7,""7"",7,6,71,""+1:03.642"",6119442,61,9,""1:20.637"",""192.150"",1"
"26672,1140,857,1,81,17,8,""8"",8,4,71,""+1:04.928"",6120728,65,5,""1:20.064"",""193.525"",1"
"26673,1140,807,210,27,10,9,""9"",9,2,70,\N,\N,69,12,""1:20.748"",""191.885"",11"
"26674,1140,842,214,10,8,10,""10"",10,1,70,\N,\N,67,15,""1:21.274"",""190.643"",11"
"26675,1140,840,117,18,14,11,""11"",11,0,70,\N,\N,55,16,""1:21.311"",""190.557"",11"
"26676,1140,861,3,43,16,12,""12"",12,0,70,\N,\N,50,6,""1:20.090"",""193.462"",11"
"26677,1140,839,214,31,0,13,""13"",13,0,70,\N,\N,70,10,""1:20.659"",""192.097"",11"
"26678,1140,822,15,77,15,14,""14"",14,0,70,\N,\N,57,14,""1:21.085"",""191.088"",11"
"26679,1140,855,15,24,19,15,""15"",15,0,70,\N,\N,56,17,""1:21.553"",""189.991"",11"
"26680,1140,859,215,30,12,16,""16"",16,0,70,\N,\N,67,3,""1:19.502"",""194.893"",11"
"26681,1140,815,9,11,18,17,""17"",17,0,70,\N,\N,70,2,""1:19.209"",""195.614"",11"
"26682,1140,4,117,14,13,\N,""R"",18,0,15,\N,\N,7,18,""1:22.722"",""187.306"",23"
"26683,1140,848,3,23,9,\N,""R"",19,0,0,\N,\N,\N,0,\N,\N,4"
"26684,1140,852,215,22,11,\N,""R"",20,0,0,\N,\N,\N,0,\N,\N,4"
"26685,1141,830,9,1,17,1,""1"",1,26,69,""2:06:54.430"",7614430,67,1,""1:20.472"",""192.767"",1"
"26686,1141,839,214,31,4,2,""2"",2,18,69,""+19.477"",7633907,64,7,""1:21.771"",""189.705"",1"
"26687,1141,842,214,10,13,3,""3"",3,15,69,""+22.532"",7636962,66,5,""1:21.645"",""189.998"",1"
"26688,1141,847,131,63,2,4,""4"",4,12,69,""+23.265"",7637695,66,6,""1:21.645"",""189.998"",1"
"26689,1141,844,6,16,6,5,""5"",5,10,69,""+30.177"",7644607,60,4,""1:21.631"",""190.030"",1"
"26690,1141,846,1,4,1,6,""6"",6,8,69,""+31.372"",7645802,67,2,""1:21.517"",""190.296"",1"
"26691,1141,852,215,22,3,7,""7"",7,6,69,""+42.056"",7656486,69,8,""1:21.828"",""189.573"",1"
"26692,1141,857,1,81,8,8,""8"",8,4,69,""+44.943"",7659373,69,3,""1:21.532"",""190.261"",1"
"26693,1141,859,215,30,5,9,""9"",9,2,69,""+50.452"",7664882,67,10,""1:22.123"",""188.892"",1"
"26694,1141,1,131,44,14,10,""10"",10,1,69,""+50.753"",7665183,69,9,""1:22.041"",""189.081"",1"
"26695,1141,815,9,11,12,11,""11"",11,0,69,""+51.531"",7665961,67,11,""1:22.143"",""188.846"",1"
"26696,1141,860,210,50,15,12,""12"",12,0,69,""+57.085"",7671515,64,13,""1:22.494"",""188.042"",1"
"26697,1141,822,15,77,11,13,""13"",13,0,69,""+1:03.588"",7678018,67,14,""1:22.877"",""187.173"",1"
"26698,1141,4,117,14,9,14,""14"",14,0,69,""+1:18.049"",7692479,59,12,""1:22.293"",""188.502"",1"
"26699,1141,855,15,24,19,15,""15"",15,0,69,""+1:19.649"",7694079,65,15,""1:23.058"",""186.765"",1"
"26700,1141,832,6,55,0,\N,""R"",16,0,38,\N,\N,19,17,""1:24.201"",""184.230"",3"
"26701,1141,861,3,43,16,\N,""R"",17,0,30,\N,\N,21,18,""1:24.296"",""184.022"",3"
"26702,1141,848,3,23,7,\N,""W"",18,0,0,\N,\N,\N,0,\N,\N,54"
"26703,1141,840,117,18,10,\N,""W"",19,0,0,\N,\N,\N,0,\N,\N,54"
"26704,1141,807,210,27,17,\N,""D"",20,0,0,\N,\N,21,16,""1:23.764"",""185.191"",2"
"26705,1142,847,131,63,1,1,""1"",1,25,50,""1:22:05.969"",4925969,46,4,""1:35.717"",""233.225"",1"
"26706,1142,1,131,44,10,2,""2"",2,18,50,""+7.313"",4933282,41,2,""1:35.480"",""233.803"",1"
"26707,1142,832,6,55,2,3,""3"",3,15,50,""+11.906"",4937875,44,5,""1:35.875"",""232.840"",1"
"26708,1142,844,6,16,4,4,""4"",4,12,50,""+14.283"",4940252,40,3,""1:35.674"",""233.329"",1"
"26709,1142,830,9,1,5,5,""5"",5,10,50,""+16.582"",4942551,43,6,""1:36.248"",""231.938"",1"
"26710,1142,846,1,4,6,6,""6"",6,9,50,""+43.385"",4969354,50,1,""1:34.876"",""235.292"",1"
"26711,1142,857,1,81,8,7,""7"",7,6,50,""+51.365"",4977334,44,13,""1:36.598"",""231.097"",1"
"26712,1142,807,210,27,9,8,""8"",8,4,50,""+59.808"",4985777,48,12,""1:36.585"",""231.129"",1"
"26713,1142,852,215,22,7,9,""9"",9,2,50,""+1:02.808"",4988777,48,16,""1:36.957"",""230.242"",1"
"26714,1142,815,9,11,15,10,""10"",10,1,50,""+1:03.114"",4989083,42,8,""1:36.326"",""231.750"",1"
"26715,1142,4,117,14,16,11,""11"",11,0,50,""+1:09.195"",4995164,39,10,""1:36.553"",""231.205"",1"
"26716,1142,825,210,20,12,12,""12"",12,0,50,""+1:09.803"",4995772,49,11,""1:36.557"",""231.196"",1"
"26717,1142,855,15,24,13,13,""13"",13,0,50,""+1:14.085"",5000054,46,7,""1:36.324"",""231.755"",1"
"26718,1142,861,3,43,0,14,""14"",14,0,50,""+1:15.172"",5001141,37,15,""1:36.867"",""230.456"",1"
"26719,1142,840,117,18,18,15,""15"",15,0,50,""+1:24.102"",5010071,43,18,""1:37.179"",""229.716"",1"
"26720,1142,859,215,30,14,16,""16"",16,0,50,""+1:31.005"",5016974,45,17,""1:36.980"",""230.187"",1"
"26721,1142,839,214,31,11,17,""17"",17,0,49,\N,\N,47,9,""1:36.511"",""231.306"",11"
"26722,1142,822,15,77,19,18,""18"",18,0,49,\N,\N,46,14,""1:36.601"",""231.090"",11"
"26723,1142,848,3,23,17,\N,""R"",19,0,25,\N,\N,21,19,""1:38.008"",""227.773"",21"
"26724,1142,842,214,10,3,\N,""R"",20,0,15,\N,\N,13,20,""1:38.314"",""227.064"",5"
"26725,1143,830,9,1,2,1,""1"",1,25,57,""1:31:05.323"",5465323,55,2,""1:22.905"",""235.310"",1"
"26726,1143,844,6,16,5,2,""2"",2,18,57,""+6.031"",5471354,53,4,""1:23.242"",""234.357"",1"
"26727,1143,857,1,81,4,3,""3"",3,15,57,""+6.819"",5472142,51,3,""1:23.218"",""234.425"",1"
"26728,1143,847,131,63,1,4,""4"",4,12,57,""+14.104"",5479427,50,5,""1:23.355"",""234.039"",1"
"26729,1143,842,214,10,11,5,""5"",5,10,57,""+16.782"",5482105,56,8,""1:23.705"",""233.061"",1"
"26730,1143,832,6,55,7,6,""6"",6,8,57,""+17.476"",5482799,52,6,""1:23.465"",""233.731"",1"
"26731,1143,4,117,14,8,7,""7"",7,6,57,""+19.867"",5485190,57,7,""1:23.667"",""233.167"",1"
"26732,1143,855,15,24,12,8,""8"",8,4,57,""+25.360"",5490683,57,10,""1:23.889"",""232.550"",1"
"26733,1143,825,210,20,10,9,""9"",9,2,57,""+32.177"",5497500,55,11,""1:24.259"",""231.528"",1"
"26734,1143,846,1,4,3,10,""10"",10,2,57,""+35.762"",5501085,56,1,""1:22.384"",""236.798"",1"
"26735,1143,822,15,77,13,11,""11"",11,0,57,""+50.243"",5515566,53,13,""1:25.533"",""228.080"",1"
"26736,1143,1,131,44,6,12,""12"",12,0,57,""+56.122"",5521445,52,9,""1:23.865"",""232.616"",1"
"26737,1143,852,215,22,14,13,""13"",13,0,57,""+1:01.100"",5526423,47,17,""1:26.144"",""226.462"",1"
"26738,1143,859,215,30,17,14,""14"",14,0,57,""+1:02.656"",5527979,46,16,""1:26.076"",""226.641"",1"
"26739,1143,848,3,23,16,15,""15"",15,0,56,\N,\N,47,14,""1:25.559"",""228.011"",11"
"26740,1143,807,210,27,18,\N,""R"",16,0,39,\N,\N,33,15,""1:25.767"",""227.458"",20"
"26741,1143,815,9,11,9,\N,""R"",17,0,38,\N,\N,31,12,""1:25.288"",""228.735"",20"
"26742,1143,840,117,18,15,\N,""R"",18,0,8,\N,\N,6,18,""1:30.935"",""214.531"",130"
"26743,1143,861,3,43,19,\N,""R"",19,0,0,\N,\N,\N,0,\N,\N,4"
"26744,1143,839,214,31,20,\N,""R"",20,0,0,\N,\N,\N,0,\N,\N,4"
"26745,1144,846,1,4,1,1,""1"",1,25,58,""1:26:33.291"",5193291,52,3,""1:27.438"",""217.429"",1"
"26746,1144,832,6,55,3,2,""2"",2,18,58,""+5.832"",5199123,55,5,""1:27.765"",""216.619"",1"
"26747,1144,844,6,16,19,3,""3"",3,15,58,""+31.928"",5225219,51,9,""1:28.018"",""215.996"",1"
"26748,1144,1,131,44,16,4,""4"",4,12,58,""+36.483"",5229774,44,2,""1:27.278"",""217.828"",1"
"26749,1144,847,131,63,6,5,""5"",5,10,58,""+37.538"",5230829,56,10,""1:28.195"",""215.563"",1"
"26750,1144,830,9,1,4,6,""6"",6,8,58,""+49.847"",5243138,56,6,""1:27.765"",""216.619"",1"
"26751,1144,842,214,10,5,7,""7"",7,6,58,""+1:12.560"",5265851,30,16,""1:29.251"",""213.012"",1"
"26752,1144,807,210,27,7,8,""8"",8,4,58,""+1:15.554"",5268845,17,14,""1:29.152"",""213.249"",1"
"26753,1144,4,117,14,8,9,""9"",9,2,58,""+1:22.373"",5275664,51,7,""1:27.948"",""216.168"",1"
"26754,1144,857,1,81,2,10,""10"",10,1,58,""+1:23.821"",5277112,51,4,""1:27.690"",""216.804"",1"
"26755,1144,848,3,23,18,11,""11"",11,0,57,\N,\N,46,18,""1:29.438"",""212.567"",11"
"26756,1144,852,215,22,11,12,""12"",12,0,57,\N,\N,41,15,""1:29.200"",""213.134"",11"
"26757,1144,855,15,24,15,13,""13"",13,0,57,\N,\N,56,8,""1:27.982"",""216.085"",11"
"26758,1144,840,117,18,13,14,""14"",14,0,57,\N,\N,42,11,""1:28.604"",""214.568"",11"
"26759,1144,862,214,61,17,15,""15"",15,0,57,\N,\N,56,13,""1:29.121"",""213.323"",11"
"26760,1144,825,210,20,14,16,""16"",16,0,57,\N,\N,57,1,""1:25.637"",""222.002"",11"
"26761,1144,859,215,30,12,17,""17"",17,0,55,\N,\N,52,12,""1:28.751"",""214.212"",5"
"26762,1144,822,15,77,9,\N,""R"",18,0,30,\N,\N,14,19,""1:29.482"",""212.462"",130"
"26763,1144,861,3,43,20,\N,""R"",19,0,26,\N,\N,5,17,""1:29.411"",""212.631"",5"
"26764,1144,815,9,11,10,\N,""R"",20,0,0,\N,\N,\N,0,\N,\N,4"
