year;raceId;driverId;constructorId;grid;driverStandPos;driverPoints;constructorStandPos;constructorPoints;driverAvgCircuit;constructorAvgCircuit;driverForm;constructorForm;circuitId;round;podium
2000;158;21;22;9;5.000;2.000;4.000;2.000;11.000;9.000;14.000;12.800;1;1;0
2000;158;22;6;4;2.000;6.000;1.000;16.000;13.250;8.500;6.000;4.400;1;1;1
2000;158;23;3;11;3.000;4.000;2.000;4.000;13.333;7.667;6.600;13.000;1;1;1
2000;158;25;22;14;7.000;0.000;4.000;2.000;9.000;8.556;14.400;9.600;1;1;0
2000;158;30;6;3;1.000;10.000;1.000;16.000;10.000;7.778;9.200;2.000;1;1;1
2000;158;35;16;8;4.000;3.000;3.000;4.000;11.250;14.000;10.800;12.000;1;1;0
2000;158;41;16;16;6.000;1.000;3.000;4.000;9.000;10.667;15.000;11.200;1;1;0
2000;158;48;18;18;8.000;0.000;5.000;0.000;13.000;13.000;14.200;13.800;1;1;0
2000;159;15;17;12;6.000;3.000;3.000;7.000;17.000;16.278;15.200;14.600;18;2;0
2000;159;21;22;5;2.000;8.000;2.000;8.000;9.667;8.450;12.800;8.800;18;2;1
2000;159;22;6;4;3.000;6.000;1.000;26.000;14.714;7.176;4.400;1.800;18;2;0
2000;159;23;3;11;4.000;6.000;4.000;7.000;15.000;8.821;6.200;9.400;18;2;0
2000;159;25;22;13;11.000;0.000;2.000;8.000;5.500;8.143;13.000;7.600;18;2;0
2000;159;30;6;3;1.000;20.000;1.000;26.000;2.625;7.400;6.400;4.600;18;2;1
2000;159;35;16;10;7.000;3.000;5.000;4.000;9.000;16.500;8.600;10.000;18;2;0
2000;159;37;21;16;12.000;0.000;6.000;0.000;10.000;13.417;14.600;16.800;18;2;0
2000;159;41;16;8;8.000;1.000;5.000;4.000;20.000;16.667;12.400;9.600;18;2;0
2000;159;48;18;18;13.000;0.000;7.000;0.000;9.000;15.300;12.600;14.000;18;2;0
2000;159;49;17;7;5.000;4.000;3.000;7.000;12.500;15.632;8.600;11.200;18;2;1
2000;159;50;21;14;10.000;0.000;6.000;0.000;18.000;13.000;15.600;14.800;18;2;0
2000;160;14;1;3;7.000;4.000;2.000;10.000;7.000;8.553;15.800;12.400;21;3;1
2000;160;15;17;8;9.000;3.000;4.000;7.000;19.333;13.889;12.800;11.000;21;3;0
2000;160;21;22;19;3.000;8.000;3.000;8.000;11.500;11.536;9.000;8.800;21;3;0
2000;160;22;6;4;2.000;9.000;1.000;39.000;16.143;9.875;6.600;4.400;21;3;0
2000;160;23;3;5;5.000;6.000;5.000;7.000;13.667;10.500;6.800;9.000;21;3;0
2000;160;25;22;11;13.000;0.000;3.000;8.000;19.500;11.517;13.200;9.000;21;3;0
2000;160;30;6;2;1.000;30.000;1.000;39.000;7.375;9.732;5.600;4.600;21;3;1
2000;160;35;16;9;6.000;5.000;6.000;6.000;12.250;14.000;10.400;9.600;21;3;0
2000;160;37;21;13;16.000;0.000;8.000;0.000;19.000;13.577;13.400;13.600;21;3;0
2000;160;48;18;21;18.000;0.000;10.000;0.000;9.000;15.655;10.800;12.000;21;3;0
2000;160;49;17;6;8.000;4.000;4.000;7.000;8.667;13.947;9.000;10.200;21;3;0
2000;160;50;21;16;14.000;0.000;8.000;0.000;16.667;13.667;14.000;13.800;21;3;0
2000;160;57;1;1;4.000;6.000;2.000;10.000;11.125;8.410;8.000;12.800;21;3;1
2000;160;63;15;12;12.000;1.000;7.000;1.000;13.600;11.000;11.200;15.200;21;3;0
2000;160;64;15;10;17.000;0.000;7.000;1.000;12.400;10.667;15.800;14.200;21;3;0
2000;160;65;19;17;21.000;0.000;9.000;0.000;14.222;7.000;9.200;15.600;21;3;0
2000;161;14;1;4;2.000;14.000;2.000;26.000;5.500;10.149;13.200;9.400;9;4;1
2000;161;15;17;11;9.000;4.000;5.000;8.000;11.000;12.056;15.400;11.600;9;4;0
2000;161;21;22;12;6.000;8.000;4.000;8.000;7.500;7.808;8.600;9.800;9;4;0
2000;161;22;6;1;4.000;9.000;1.000;43.000;9.857;10.287;6.800;4.400;9;4;0
2000;161;23;3;7;5.000;9.000;3.000;12.000;4.667;9.750;9.400;10.600;9;4;0
2000;161;25;22;20;13.000;0.000;4.000;8.000;5.667;7.778;10.800;9.800;9;4;0
2000;161;30;6;5;1.000;34.000;1.000;43.000;12.250;10.407;1.400;8.200;9;4;1
2000;161;35;16;10;7.000;5.000;6.000;6.000;7.000;18.000;9.400;9.800;9;4;0
2000;161;37;21;19;18.000;0.000;8.000;0.000;20.000;14.136;14.200;12.600;9;4;0
2000;161;41;16;16;12.000;1.000;6.000;6.000;17.000;17.333;11.600;11.800;9;4;0
2000;161;48;18;21;17.000;0.000;10.000;0.000;15.000;14.815;13.800;14.000;9;4;0
2000;161;49;17;2;8.000;4.000;5.000;8.000;11.167;11.737;9.800;10.000;9;4;0
2000;161;50;21;8;15.000;0.000;8.000;0.000;11.500;14.435;14.000;13.200;9;4;0
2000;161;55;20;15;22.000;0.000;11.000;0.000;10.545;12.429;13.000;18.400;9;4;0
2000;161;57;1;3;3.000;12.000;2.000;26.000;9.375;9.958;7.400;6.200;9;4;1
2000;161;63;15;18;11.000;1.000;7.000;1.000;12.750;11.786;11.000;13.800;9;4;0
2000;161;64;15;13;16.000;0.000;7.000;1.000;14.800;11.533;13.000;13.000;9;4;0
2000;161;65;19;14;20.000;0.000;9.000;0.000;12.333;13.000;11.000;11.600;9;4;0
2000;162;14;1;4;3.000;20.000;2.000;42.000;10.333;8.500;10.200;4.400;4;5;1
2000;162;15;17;7;9.000;4.000;4.000;9.000;10.000;12.944;12.200;12.600;4;5;0
2000;162;21;22;13;6.000;8.000;5.000;8.000;13.500;7.444;7.800;11.200;4;5;0
2000;162;22;6;3;4.000;13.000;1.000;49.000;12.429;8.500;9.800;5.800;4;5;1
2000;162;23;3;5;5.000;12.000;3.000;15.000;11.000;8.737;6.800;12.600;4;5;0
2000;162;25;22;18;13.000;0.000;5.000;8.000;7.000;7.526;11.000;9.000;4;5;0
2000;162;30;6;1;1.000;36.000;1.000;49.000;2.778;8.211;1.600;6.200;4;5;0
2000;162;35;16;6;8.000;5.000;6.000;6.000;6.000;11.000;10.200;12.200;4;5;0
2000;162;37;21;22;18.000;0.000;8.000;0.000;11.000;16.833;15.600;16.000;4;5;0
2000;162;48;18;20;17.000;0.000;10.000;0.000;20.000;16.056;14.800;14.600;4;5;0
2000;162;49;17;8;7.000;5.000;4.000;9.000;11.000;12.895;12.000;14.400;4;5;0
2000;162;50;21;11;15.000;0.000;8.000;0.000;10.000;17.429;15.800;18.800;4;5;0
2000;162;55;20;17;22.000;0.000;11.000;0.000;9.556;12.714;13.600;16.200;4;5;0
2000;162;57;1;2;2.000;22.000;2.000;42.000;10.375;8.158;7.200;2.000;4;5;1
2000;162;63;15;12;11.000;1.000;7.000;1.000;13.800;12.077;12.000;10.800;4;5;0
2000;162;64;15;15;16.000;0.000;7.000;1.000;16.600;11.714;12.600;8.000;4;5;0
2000;162;65;19;14;20.000;0.000;9.000;0.000;12.750;11.000;12.600;10.600;4;5;0
2000;163;14;1;1;3.000;24.000;2.000;52.000;7.800;11.133;7.200;1.600;20;6;1
2000;163;15;17;6;9.000;4.000;5.000;9.000;11.500;12.900;10.400;12.600;20;6;0
2000;163;21;22;7;6.000;10.000;4.000;10.000;13.250;8.800;6.800;8.800;20;6;0
2000;163;22;6;4;4.000;16.000;1.000;62.000;7.200;8.782;8.800;6.400;20;6;0
2000;163;23;3;5;5.000;12.000;3.000;15.000;14.667;9.412;6.600;8.000;20;6;0
2000;163;25;22;14;15.000;0.000;4.000;10.000;14.000;8.455;11.000;8.000;20;6;0
2000;163;30;6;2;1.000;46.000;1.000;62.000;5.750;8.727;2.200;7.000;20;6;1
2000;163;35;16;9;8.000;5.000;6.000;6.000;5.000;9.000;12.200;14.800;20;6;0
2000;163;37;21;12;13.000;1.000;8.000;1.000;12.000;12.000;17.200;19.200;20;6;0
2000;163;41;16;18;12.000;1.000;6.000;6.000;8.000;11.000;10.800;15.400;20;6;0
2000;163;48;18;20;19.000;0.000;10.000;0.000;6.000;13.091;14.000;14.200;20;6;0
2000;163;49;17;10;7.000;5.000;5.000;9.000;12.600;13.636;12.400;12.400;20;6;0
2000;163;50;21;13;17.000;0.000;8.000;1.000;13.667;11.455;15.800;17.600;20;6;0
2000;163;55;20;17;20.000;0.000;11.000;0.000;10.200;11.167;16.400;16.400;20;6;0
2000;163;57;1;3;2.000;28.000;2.000;52.000;6.800;10.871;7.200;1.800;20;6;1
2000;163;63;15;19;11.000;1.000;7.000;1.000;12.400;14.600;10.600;11.200;20;6;0
2000;163;64;15;15;14.000;0.000;7.000;1.000;14.400;15.000;14.800;13.400;20;6;0
2000;163;65;19;16;22.000;0.000;9.000;0.000;7.800;16.000;13.800;13.000;20;6;0
2000;164;14;1;3;2.000;34.000;2.000;63.000;15.000;10.217;4.000;2.000;6;7;1
2000;164;15;17;2;9.000;4.000;5.000;9.000;12.667;14.556;11.600;15.200;6;7;0
2000;164;21;22;8;5.000;14.000;4.000;14.000;8.250;11.286;6.800;9.000;6;7;1
2000;164;22;6;6;4.000;22.000;1.000;68.000;13.000;7.862;9.200;3.200;6;7;1
2000;164;23;3;9;6.000;12.000;3.000;15.000;13.667;9.733;9.600;14.000;6;7;0
2000;164;25;22;12;16.000;0.000;4.000;14.000;11.000;11.000;12.000;7.800;6;7;0
2000;164;30;6;1;1.000;46.000;1.000;68.000;6.875;7.809;2.200;3.000;6;7;0
2000;164;35;16;17;8.000;5.000;6.000;6.000;11.250;16.000;14.400;14.800;6;7;0
2000;164;37;21;16;14.000;1.000;9.000;1.000;19.000;13.656;14.400;16.800;6;7;0
2000;164;48;18;21;20.000;0.000;10.000;0.000;20.000;16.704;15.200;13.200;6;7;0
2000;164;49;17;4;7.000;5.000;5.000;9.000;11.667;14.579;13.600;14.800;6;7;0
2000;164;50;21;15;17.000;0.000;9.000;1.000;18.000;13.909;15.600;16.800;6;7;0
2000;164;55;20;7;22.000;0.000;11.000;0.000;9.100;10.143;15.000;12.600;6;7;0
2000;164;57;1;5;3.000;29.000;2.000;63.000;12.875;10.066;4.200;1.800;6;7;0
2000;164;63;15;13;11.000;3.000;8.000;3.000;8.400;12.857;12.400;13.200;6;7;0
2000;164;64;15;19;15.000;0.000;8.000;3.000;12.800;12.333;13.800;12.000;6;7;0
2000;164;65;19;11;21.000;0.000;7.000;3.000;12.000;4.000;11.600;11.000;6;7;0
2000;165;14;1;2;2.000;34.000;2.000;66.000;10.000;10.833;2.000;2.600;7;8;0
2000;165;15;17;7;9.000;5.000;5.000;10.000;19.333;12.444;13.800;14.400;7;8;0
2000;165;21;22;10;5.000;18.000;3.000;18.000;3.750;11.615;7.000;10.000;7;8;1
2000;165;22;6;3;4.000;28.000;1.000;84.000;12.429;9.878;6.600;4.800;7;8;1
2000;165;23;3;12;6.000;12.000;4.000;15.000;13.333;10.318;11.400;14.800;7;8;0
2000;165;25;22;14;17.000;0.000;3.000;18.000;13.333;11.296;12.000;8.600;7;8;0
2000;165;30;6;1;1.000;56.000;1.000;84.000;4.875;9.690;4.400;4.200;7;8;1
2000;165;35;16;6;8.000;5.000;6.000;6.000;11.250;16.500;12.400;11.200;7;8;0
2000;165;37;21;9;15.000;1.000;9.000;3.000;16.000;15.069;17.200;14.800;7;8;0
2000;165;41;16;8;14.000;1.000;6.000;6.000;19.000;16.000;13.000;12.600;7;8;0
2000;165;48;18;20;20.000;0.000;10.000;0.000;8.000;14.815;16.400;14.800;7;8;0
2000;165;49;17;5;7.000;5.000;5.000;10.000;15.000;12.105;15.000;14.400;7;8;0
2000;165;50;21;13;13.000;2.000;9.000;3.000;16.000;15.133;16.400;14.600;7;8;0
2000;165;55;20;17;22.000;0.000;11.000;0.000;10.900;14.429;14.800;14.800;7;8;0
2000;165;57;1;4;3.000;32.000;2.000;66.000;15.625;10.744;2.600;3.800;7;8;0
2000;165;63;15;15;11.000;3.000;8.000;3.000;12.500;14.429;9.000;13.800;7;8;0
2000;165;64;15;19;16.000;0.000;8.000;3.000;11.400;14.667;12.800;13.000;7;8;0
2000;165;65;19;11;21.000;0.000;7.000;3.000;15.400;13.000;11.000;10.600;7;8;0
2000;166;14;1;2;2.000;44.000;2.000;82.000;8.200;11.056;2.800;4.000;8;9;1
2000;166;15;17;9;8.000;6.000;5.000;11.000;12.000;12.833;12.000;14.400;8;9;0
2000;166;21;22;14;5.000;18.000;3.000;18.000;12.500;9.500;5.400;9.400;8;9;0
2000;166;22;6;3;4.000;32.000;1.000;88.000;9.714;8.833;6.200;3.600;8;9;1
2000;166;23;3;5;6.000;14.000;4.000;17.000;8.667;4.579;10.800;13.600;8;9;0
2000;166;25;22;17;17.000;0.000;3.000;18.000;11.667;9.474;12.000;8.800;8;9;0
2000;166;30;6;1;1.000;56.000;1.000;88.000;6.750;8.526;4.400;4.000;8;9;0
2000;166;35;16;7;7.000;8.000;6.000;9.000;6.250;12.000;14.400;11.200;8;9;0
2000;166;37;21;13;15.000;1.000;9.000;3.000;11.000;14.500;17.400;14.400;8;9;0
2000;166;41;16;19;14.000;1.000;6.000;9.000;9.000;9.333;12.200;9.400;8;9;0
2000;166;48;18;21;20.000;0.000;10.000;0.000;17.000;16.167;15.400;14.600;8;9;0
2000;166;49;17;8;9.000;5.000;5.000;11.000;7.667;12.474;14.800;11.600;8;9;0
2000;166;50;21;20;13.000;2.000;9.000;3.000;18.250;14.857;14.600;14.400;8;9;0
2000;166;55;20;18;22.000;0.000;11.000;0.000;9.556;12.571;15.000;15.200;8;9;0
2000;166;57;1;4;3.000;38.000;2.000;82.000;10.000;10.526;3.000;3.800;8;9;1
2000;166;63;15;12;11.000;3.000;8.000;3.000;12.750;12.929;11.400;11.200;8;9;0
2000;166;64;15;15;16.000;0.000;8.000;3.000;18.000;12.733;13.200;11.800;8;9;0
2000;166;65;19;11;21.000;0.000;7.000;3.000;12.889;13.000;13.400;12.200;8;9;0
2000;167;14;1;2;2.000;50.000;1.000;98.000;2.000;9.261;2.800;4.000;70;10;1
2000;167;15;17;5;8.000;6.000;6.000;11.000;10.667;5.500;12.000;10.000;70;10;0
2000;167;21;22;8;5.000;18.000;4.000;18.000;10.333;10.000;5.800;11.800;70;10;0
2000;167;22;6;3;4.000;36.000;2.000;92.000;16.000;8.949;2.800;6.800;70;10;1
2000;167;23;3;19;6.000;14.000;3.000;19.000;10.667;11.724;11.000;8.600;70;10;0
2000;167;25;22;14;17.000;0.000;4.000;18.000;7.000;11.091;13.800;12.200;70;10;0
2000;167;30;6;4;1.000;56.000;2.000;92.000;4.500;8.800;7.000;5.000;70;10;0
2000;167;35;16;7;7.000;11.000;5.000;12.000;9.000;17.500;12.000;12.400;70;10;0
2000;167;37;21;12;15.000;1.000;9.000;3.000;18.000;15.769;16.600;14.000;70;10;0
2000;167;41;16;6;14.000;1.000;5.000;12.000;15.000;13.000;12.800;10.600;70;10;0
2000;167;48;18;20;19.000;0.000;10.000;0.000;11.000;16.000;15.600;16.000;70;10;0
2000;167;49;17;15;9.000;5.000;6.000;11.000;8.000;7.714;12.800;12.200;70;10;0
2000;167;50;21;10;13.000;2.000;9.000;3.000;12.500;15.815;14.200;15.200;70;10;0
2000;167;55;20;17;22.000;0.000;11.000;0.000;17.667;13.571;15.800;16.000;70;10;0
2000;167;57;1;1;3.000;48.000;1.000;98.000;8.333;9.106;3.000;3.200;70;10;1
2000;167;63;15;9;11.000;4.000;7.000;4.000;15.667;10.667;11.800;13.000;70;10;0
2000;167;64;15;11;16.000;0.000;7.000;4.000;12.667;10.000;13.200;11.000;70;10;0
2000;167;65;19;16;18.000;0.000;8.000;3.000;10.000;11.000;15.200;16.000;70;10;0
2000;168;14;1;1;2.000;54.000;1.000;108.000;7.667;9.978;2.800;2.000;10;11;1
2000;168;15;17;6;9.000;6.000;6.000;11.000;11.333;11.722;13.800;14.800;10;11;0
2000;168;21;22;3;5.000;18.000;4.000;18.000;12.333;10.000;8.400;13.600;10;11;0
2000;168;22;6;18;4.000;46.000;2.000;102.000;15.857;10.000;2.800;8.600;10;11;1
2000;168;23;3;14;6.000;14.000;3.000;22.000;5.000;9.186;13.000;7.200;10;11;0
2000;168;25;22;7;17.000;0.000;4.000;18.000;9.000;10.414;13.800;16.200;10;11;0
2000;168;30;6;2;1.000;56.000;2.000;102.000;4.000;9.809;10.000;8.600;10;11;0
2000;168;35;16;9;7.000;11.000;5.000;12.000;10.250;18.000;9.000;10.200;10;11;0
2000;168;37;21;5;14.000;2.000;8.000;4.000;12.000;13.533;15.800;15.400;10;11;0
2000;168;41;16;12;15.000;1.000;5.000;12.000;15.000;14.667;13.800;10.200;10;11;0
2000;168;48;18;22;19.000;0.000;10.000;0.000;9.000;18.286;14.400;13.200;10;11;0
2000;168;49;17;17;11.000;5.000;6.000;11.000;11.667;11.579;15.400;12.400;10;11;0
2000;168;50;21;11;13.000;2.000;8.000;4.000;15.750;13.290;14.200;15.600;10;11;0
2000;168;55;20;20;22.000;0.000;11.000;0.000;8.727;10.571;15.000;13.800;10;11;0
2000;168;57;1;4;3.000;54.000;1.000;108.000;13.125;9.830;3.000;1.800;10;11;1
2000;168;63;15;15;10.000;6.000;7.000;6.000;12.200;13.786;11.600;9.200;10;11;0
2000;168;64;15;19;16.000;0.000;7.000;6.000;19.600;13.200;10.600;8.200;10;11;0
2000;168;65;19;8;18.000;0.000;9.000;3.000;14.375;10.000;14.000;12.400;10;11;0
2000;169;14;1;2;3.000;58.000;1.000;122.000;8.500;9.821;2.800;2.000;11;12;1
2000;169;15;17;12;10.000;6.000;5.000;12.000;11.000;12.333;11.400;13.800;11;12;0
2000;169;21;22;7;5.000;18.000;4.000;18.000;14.667;10.571;11.800;17.800;11;12;0
2000;169;22;6;5;4.000;49.000;2.000;111.000;15.143;12.143;2.200;12.200;11;12;0
2000;169;23;3;4;6.000;16.000;3.000;24.000;7.667;6.448;10.800;7.800;11;12;0
2000;169;25;22;11;17.000;0.000;4.000;18.000;11.500;10.897;14.800;18.200;11;12;0
2000;169;30;6;1;2.000;62.000;2.000;111.000;8.286;11.862;14.000;9.800;11;12;1
2000;169;35;16;16;7.000;11.000;6.000;12.000;5.750;15.500;7.600;12.400;11;12;0
2000;169;37;21;15;14.000;2.000;8.000;4.000;15.000;12.438;15.800;15.000;11;12;0
2000;169;41;16;18;15.000;1.000;6.000;12.000;13.000;14.333;14.200;10.400;11;12;0
2000;169;48;18;21;19.000;0.000;10.000;0.000;17.000;16.500;14.800;13.200;11;12;0
2000;169;49;17;6;9.000;6.000;5.000;12.000;10.333;12.053;14.000;13.800;11;12;0
2000;169;50;21;20;13.000;2.000;8.000;4.000;12.000;12.647;13.600;14.200;11;12;0
2000;169;55;20;14;22.000;0.000;11.000;0.000;13.273;11.714;17.000;16.600;11;12;0
2000;169;57;1;3;1.000;64.000;1.000;122.000;10.429;9.586;3.000;2.200;11;12;1
2000;169;63;15;9;11.000;6.000;7.000;6.000;15.800;13.214;8.800;9.800;11;12;0
2000;169;64;15;13;16.000;0.000;7.000;6.000;17.400;13.000;12.800;9.600;11;12;0
2000;169;65;19;17;18.000;0.000;9.000;3.000;13.000;8.000;15.800;11.200;11;12;0
2000;170;14;1;5;3.000;61.000;1.000;135.000;10.667;8.065;3.200;2.000;13;13;0
2000;170;15;17;2;10.000;6.000;5.000;13.000;11.000;12.833;9.800;10.800;13;13;0
2000;170;21;22;11;6.000;18.000;4.000;18.000;7.333;7.643;15.200;16.000;13;13;0
2000;170;22;6;10;4.000;49.000;2.000;117.000;16.000;10.319;2.600;9.600;13;13;0
2000;170;23;3;6;5.000;20.000;3.000;30.000;8.333;8.212;9.000;6.000;13;13;1
2000;170;25;22;19;18.000;0.000;4.000;18.000;15.500;8.103;13.000;18.200;13;13;0
2000;170;30;6;4;2.000;68.000;2.000;117.000;7.000;10.400;12.000;9.200;13;13;1
2000;170;35;16;7;7.000;11.000;6.000;12.000;8.750;17.000;8.600;12.400;13;13;0
2000;170;37;21;16;14.000;2.000;8.000;4.000;17.000;12.400;14.600;13.400;13;13;0
2000;170;41;16;13;15.000;1.000;6.000;12.000;19.000;13.667;14.400;11.200;13;13;0
2000;170;48;18;21;19.000;0.000;10.000;0.000;16.000;16.793;14.000;14.200;13;13;0
2000;170;49;17;8;9.000;7.000;5.000;13.000;9.167;13.316;13.200;11.400;13;13;0
2000;170;50;21;20;13.000;2.000;8.000;4.000;12.750;12.571;14.000;13.000;13;13;0
2000;170;55;20;17;22.000;0.000;11.000;0.000;14.400;15.429;18.000;18.800;13;13;0
2000;170;57;1;1;1.000;74.000;1.000;135.000;10.875;7.938;2.000;2.600;13;13;1
2000;170;63;15;18;11.000;6.000;7.000;6.000;10.800;13.000;9.800;12.200;13;13;0
2000;170;64;15;15;16.000;0.000;7.000;6.000;12.200;12.733;13.400;12.200;13;13;0
2000;170;65;19;9;17.000;0.000;9.000;3.000;13.000;10.000;17.600;13.200;13;13;0
2000;171;14;1;5;3.000;61.000;1.000;141.000;11.500;10.524;2.600;2.200;14;14;0
2000;171;15;17;6;10.000;6.000;5.000;13.000;13.000;11.944;13.000;10.800;14;14;0
2000;171;21;22;9;6.000;18.000;4.000;20.000;11.000;10.071;18.800;16.400;14;14;0
2000;171;22;6;2;4.000;49.000;2.000;127.000;10.429;9.552;5.800;9.400;14;14;0
2000;171;23;3;7;5.000;24.000;3.000;34.000;7.000;9.705;6.800;7.400;14;14;1
2000;171;25;22;13;14.000;2.000;4.000;20.000;18.000;10.103;13.800;15.200;14;14;0
2000;171;30;6;1;2.000;78.000;2.000;127.000;6.857;9.600;12.200;8.600;14;14;1
2000;171;35;16;4;7.000;11.000;6.000;13.000;8.750;12.500;7.000;12.000;14;14;0
2000;171;37;21;10;16.000;2.000;7.000;7.000;14.000;15.700;14.400;14.800;14;14;0
2000;171;41;16;17;15.000;2.000;6.000;13.000;17.000;13.000;15.200;11.800;14;14;0
2000;171;48;18;21;19.000;0.000;10.000;0.000;20.000;17.690;13.600;14.800;14;14;0
2000;171;49;17;8;9.000;7.000;5.000;13.000;7.833;12.316;10.200;12.000;14;14;0
2000;171;50;21;11;12.000;5.000;7.000;7.000;16.500;15.871;16.000;16.200;14;14;0
2000;171;55;20;19;22.000;0.000;11.000;0.000;11.273;13.286;18.000;19.000;14;14;0
2000;171;57;1;3;1.000;80.000;1.000;141.000;9.250;10.641;1.400;5.400;14;14;1
2000;171;63;15;15;11.000;6.000;8.000;6.000;11.200;13.000;8.000;13.400;14;14;0
2000;171;64;15;16;17.000;0.000;8.000;6.000;15.800;12.600;13.600;11.200;14;14;0
2000;171;65;19;18;18.000;0.000;9.000;3.000;15.000;20.000;14.800;13.200;14;14;0
2000;173;14;1;3;3.000;67.000;2.000;153.000;10.400;7.500;6.600;9.000;22;16;1
2000;173;15;17;15;10.000;6.000;6.000;17.000;16.500;11.167;15.800;14.000;22;16;0
2000;173;21;22;12;6.000;18.000;4.000;20.000;9.667;9.500;18.200;11.200;22;16;0
2000;173;22;6;4;4.000;58.000;1.000;156.000;13.286;10.462;8.400;4.600;22;16;0
2000;173;23;3;6;5.000;24.000;3.000;36.000;11.333;8.778;6.600;11.800;22;16;0
2000;173;25;22;11;15.000;2.000;4.000;20.000;9.500;9.667;11.200;11.400;22;16;0
2000;173;30;6;1;1.000;98.000;1.000;156.000;9.000;10.222;5.400;5.000;22;16;1
2000;173;35;16;9;7.000;15.000;5.000;18.000;11.250;10.500;9.000;8.400;22;16;0
2000;173;37;21;13;16.000;2.000;7.000;7.000;13.000;13.571;15.000;14.800;22;16;0
2000;173;41;16;18;14.000;3.000;5.000;18.000;12.000;9.000;10.600;7.200;22;16;0
2000;173;48;18;21;19.000;0.000;10.000;0.000;18.000;16.038;13.200;12.400;22;16;0
2000;173;49;17;8;9.000;11.000;6.000;17.000;5.167;11.263;9.600;15.400;22;16;0
2000;173;50;21;14;12.000;5.000;7.000;7.000;14.000;13.467;12.800;14.200;22;16;0
2000;173;55;20;17;22.000;0.000;11.000;0.000;13.818;16.714;17.000;13.000;22;16;0
2000;173;57;1;2;2.000;86.000;2.000;153.000;6.556;7.333;5.000;9.400;22;16;1
2000;173;63;15;19;11.000;6.000;8.000;6.000;13.600;11.071;10.200;10.800;22;16;0
2000;173;64;15;20;18.000;0.000;8.000;6.000;15.400;11.000;12.800;10.600;22;16;0
2000;173;65;19;10;17.000;0.000;9.000;3.000;11.800;8.000;14.600;12.800;22;16;0
2000;174;14;1;3;3.000;73.000;2.000;162.000;16.000;9.500;6.600;6.200;2;17;1
2000;174;15;17;9;10.000;6.000;6.000;17.000;20.000;13.500;16.600;15.600;2;17;0
2000;174;21;22;13;6.000;18.000;4.000;20.000;11.000;9.500;16.600;13.000;2;17;0
2000;174;22;6;4;4.000;62.000;1.000;170.000;5.000;1.500;9.000;1.800;2;17;1
2000;174;23;3;8;5.000;24.000;3.000;36.000;17.000;15.000;8.600;15.200;2;17;0
2000;174;25;22;5;15.000;2.000;4.000;20.000;8.000;9.333;11.600;13.800;2;17;0
2000;174;30;6;1;1.000;108.000;1.000;170.000;2.000;2.000;1.400;2.200;2;17;1
2000;174;35;16;6;7.000;17.000;5.000;20.000;12.000;15.500;8.600;6.200;2;17;0
2000;174;37;21;14;16.000;2.000;7.000;7.000;14.000;16.000;16.200;14.400;2;17;0
2000;174;41;16;11;14.000;3.000;5.000;20.000;19.000;12.000;9.400;6.000;2;17;0
2000;174;48;18;21;19.000;0.000;10.000;0.000;9.000;12.000;13.200;13.400;2;17;0
2000;174;49;17;10;9.000;11.000;6.000;17.000;6.000;13.000;11.000;14.000;2;17;0
2000;174;55;20;18;22.000;0.000;11.000;0.000;7.000;20.000;17.400;16.400;2;17;0
2000;174;57;1;2;2.000;89.000;2.000;162.000;3.000;7.000;5.000;6.200;2;17;0
2000;174;64;15;20;18.000;0.000;8.000;6.000;13.000;9.333;11.400;11.400;2;17;0
2000;174;65;19;12;17.000;0.000;9.000;4.000;4.000;6.000;12.000;7.800;2;17;0
2001;141;2;15;10;4.000;3.000;3.000;4.000;9.000;12.700;16.200;11.800;1;1;0
2001;141;14;1;6;2.000;6.000;2.000;6.000;11.200;9.800;6.400;6.000;1;1;1
2001;141;21;22;17;13.000;0.000;10.000;0.000;9.800;8.909;14.400;12.600;1;1;0
2001;141;22;6;2;3.000;4.000;1.000;14.000;11.000;7.100;8.800;2.000;1;1;1
2001;141;30;6;1;1.000;10.000;1.000;14.000;8.200;6.727;1.200;2.400;1;1;1
2001;141;44;16;9;7.000;0.000;5.000;0.000;9.000;11.400;14.600;10.800;1;1;0
2001;141;49;17;4;5.000;2.000;4.000;2.000;7.000;14.727;13.600;16.000;1;1;0
2001;141;50;21;15;10.000;0.000;8.000;0.000;17.333;14.375;13.800;16.400;1;1;0
2001;141;55;20;14;9.000;0.000;7.000;0.000;16.000;10.875;15.200;16.800;1;1;0
2001;141;56;19;12;11.000;0.000;6.000;0.000;9.800;17.000;10.600;8.600;1;1;0
2001;142;2;15;11;5.000;3.000;4.000;4.000;20.000;12.500;13.000;10.200;2;2;0
2001;142;14;1;8;3.000;10.000;2.000;11.000;9.000;6.250;6.000;5.400;2;2;1
2001;142;15;17;5;12.000;0.000;3.000;5.000;17.000;14.500;16.400;14.400;2;2;0
2001;142;18;22;17;14.000;0.000;10.000;0.000;18.000;8.750;14.600;12.400;2;2;0
2001;142;21;22;16;18.000;0.000;10.000;0.000;10.000;9.200;12.800;10.800;2;2;0
2001;142;22;6;2;2.000;10.000;1.000;30.000;4.000;1.750;5.800;1.800;2;2;1
2001;142;23;3;3;6.000;2.000;5.000;2.000;16.500;15.250;13.800;16.800;2;2;0
2001;142;30;6;1;1.000;20.000;1.000;30.000;1.500;1.800;1.000;2.000;2;2;1
2001;142;44;16;10;10.000;0.000;7.000;0.000;20.000;13.400;13.400;12.400;2;2;0
2001;142;49;17;9;4.000;5.000;3.000;5.000;12.500;13.200;13.400;12.000;2;2;0
2001;142;50;21;18;9.000;0.000;6.000;0.000;10.000;15.500;12.800;16.600;2;2;0
2001;142;55;20;13;13.000;0.000;9.000;0.000;9.000;18.500;13.200;16.800;2;2;0
2001;142;56;19;12;15.000;0.000;8.000;0.000;3.500;10.000;10.800;9.800;2;2;0
2001;142;57;1;4;7.000;1.000;2.000;11.000;3.500;5.600;8.800;5.600;2;2;0
2001;142;60;20;19;17.000;0.000;9.000;0.000;13.000;16.600;14.800;14.400;2;2;0
2001;143;2;15;9;4.000;7.000;3.000;8.000;19.000;14.625;13.800;14.200;18;3;1
2001;143;14;1;5;2.000;20.000;2.000;21.000;9.667;9.027;3.000;6.400;18;3;1
2001;143;15;17;7;7.000;2.000;4.000;7.000;13.750;15.000;14.200;10.400;18;3;0
2001;143;18;22;20;17.000;0.000;7.000;1.000;6.000;8.682;13.800;12.000;18;3;0
2001;143;21;22;18;9.000;1.000;7.000;1.000;7.750;8.739;13.600;12.600;18;3;0
2001;143;22;6;6;3.000;10.000;1.000;36.000;14.750;7.222;2.800;1.600;18;3;0
2001;143;23;3;2;8.000;2.000;6.000;2.000;12.500;8.690;14.200;14.600;18;3;0
2001;143;30;6;1;1.000;26.000;1.000;36.000;2.444;7.595;1.000;5.600;18;3;1
2001;143;35;16;12;13.000;0.000;5.000;3.000;10.600;14.750;10.000;15.600;18;3;0
2001;143;44;16;11;6.000;3.000;5.000;3.000;10.667;13.200;15.400;14.000;18;3;0
2001;143;49;17;8;5.000;5.000;4.000;7.000;11.143;14.524;10.200;7.600;18;3;0
2001;143;50;21;17;12.000;0.000;8.000;0.000;15.800;12.571;13.400;13.200;18;3;0
2001;143;55;20;15;14.000;0.000;9.000;0.000;7.727;14.000;12.600;12.600;18;3;0
2001;143;56;19;13;18.000;0.000;10.000;0.000;12.714;15.333;10.400;13.400;18;3;0
2001;143;57;1;3;10.000;1.000;2.000;21.000;7.556;8.816;9.600;5.800;18;3;0
2001;143;58;18;22;16.000;0.000;11.000;0.000;20.000;15.130;16.600;15.600;18;3;0
2001;143;60;20;21;20.000;0.000;9.000;0.000;10.000;13.333;15.200;12.000;18;3;0
2001;144;2;15;12;5.000;7.000;5.000;8.000;19.000;10.500;12.600;12.000;21;4;0
2001;144;14;1;1;2.000;26.000;2.000;30.000;6.333;8.250;2.200;9.800;21;4;1
2001;144;15;17;5;8.000;4.000;4.000;10.000;18.250;14.350;10.800;6.600;21;4;0
2001;144;18;22;21;17.000;0.000;7.000;1.000;20.000;11.433;11.600;11.000;21;4;0
2001;144;21;22;19;10.000;1.000;7.000;1.000;11.400;11.452;11.400;10.800;21;4;0
2001;144;22;6;6;3.000;14.000;1.000;40.000;14.625;9.524;6.600;5.400;21;4;1
2001;144;23;3;3;4.000;12.000;3.000;12.000;14.500;10.659;13.800;13.600;21;4;1
2001;144;30;6;4;1.000;26.000;1.000;40.000;6.667;9.372;1.200;5.800;21;4;0
2001;144;35;16;11;13.000;0.000;6.000;3.000;10.800;11.250;10.600;11.000;21;4;0
2001;144;44;16;8;9.000;3.000;6.000;3.000;10.667;12.400;14.400;13.000;21;4;0
2001;144;49;17;9;6.000;6.000;4.000;10.000;10.571;13.905;11.800;6.600;21;4;0
2001;144;50;21;17;12.000;0.000;8.000;0.000;16.000;13.679;13.200;16.600;21;4;0
2001;144;55;20;14;14.000;0.000;9.000;0.000;10.000;15.375;11.600;13.000;21;4;0
2001;144;56;19;13;19.000;0.000;10.000;0.000;6.500;9.333;12.000;14.800;21;4;0
2001;144;57;1;2;7.000;4.000;2.000;30.000;10.111;8.098;10.200;6.800;21;4;0
2001;144;60;20;20;21.000;0.000;9.000;0.000;13.000;14.667;15.200;10.400;21;4;0
2001;145;2;15;10;5.000;8.000;5.000;9.000;16.000;12.400;10.400;12.800;4;5;0
2001;145;14;1;3;2.000;28.000;2.000;32.000;9.143;7.800;2.000;7.000;4;5;0
2001;145;15;17;6;6.000;7.000;4.000;13.000;10.500;12.550;9.200;6.200;4;5;0
2001;145;18;22;21;18.000;0.000;7.000;1.000;17.000;7.650;13.000;11.800;4;5;0
2001;145;21;22;19;13.000;1.000;7.000;1.000;12.600;8.000;11.800;11.800;4;5;0
2001;145;22;6;4;3.000;14.000;1.000;50.000;11.250;8.050;6.400;9.200;4;5;0
2001;145;23;3;5;4.000;12.000;3.000;18.000;9.250;8.500;10.600;12.600;4;5;0
2001;145;30;6;1;1.000;36.000;1.000;50.000;3.000;8.476;4.800;12.400;4;5;1
2001;145;35;16;7;9.000;4.000;6.000;7.000;8.600;12.250;12.800;11.400;4;5;1
2001;145;44;16;11;11.000;3.000;6.000;7.000;11.167;10.400;12.000;7.800;4;5;0
2001;145;49;17;8;8.000;6.000;4.000;13.000;10.286;12.143;9.000;6.200;4;5;0
2001;145;50;21;17;14.000;0.000;8.000;0.000;12.000;17.500;13.000;17.200;4;5;0
2001;145;55;20;15;15.000;0.000;9.000;0.000;10.600;13.333;9.200;12.000;4;5;0
2001;145;56;19;13;20.000;0.000;10.000;0.000;10.143;15.000;13.400;16.000;4;5;0
2001;145;57;1;2;10.000;4.000;2.000;32.000;9.333;7.667;10.600;6.800;4;5;0
2001;146;2;15;6;5.000;8.000;5.000;12.000;15.000;9.875;7.400;10.600;70;6;0
2001;146;14;1;7;2.000;38.000;2.000;42.000;2.000;8.938;2.600;8.400;70;6;1
2001;146;15;17;5;6.000;7.000;4.000;13.000;13.250;9.125;7.600;9.600;70;6;0
2001;146;18;22;21;19.000;0.000;8.000;1.000;5.000;11.000;12.400;12.600;70;6;0
2001;146;21;22;19;14.000;1.000;8.000;1.000;13.250;11.077;12.800;13.800;70;6;0
2001;146;22;6;4;3.000;18.000;1.000;60.000;12.750;9.073;9.200;8.400;70;6;1
2001;146;23;3;3;4.000;12.000;3.000;18.000;11.500;11.800;11.200;10.400;70;6;0
2001;146;30;6;1;1.000;42.000;1.000;60.000;9.667;8.929;4.800;8.600;70;6;1
2001;146;35;16;12;10.000;4.000;6.000;9.000;7.750;13.000;12.400;7.800;70;6;0
2001;146;44;16;10;9.000;5.000;6.000;9.000;15.500;12.000;9.400;8.600;70;6;0
2001;146;49;17;11;8.000;6.000;4.000;13.000;10.750;10.111;9.600;11.000;70;6;0
2001;146;50;21;16;13.000;1.000;7.000;1.000;14.333;15.893;13.400;16.600;70;6;0
2001;146;54;20;17;17.000;0.000;10.000;0.000;11.000;13.875;11.600;12.400;70;6;0
2001;146;55;20;20;16.000;0.000;10.000;0.000;17.250;13.556;9.000;11.800;70;6;0
2001;146;56;19;13;15.000;0.000;9.000;0.000;8.000;10.333;15.800;15.600;70;6;0
2001;146;57;1;8;12.000;4.000;2.000;42.000;6.500;8.776;11.600;4.200;70;6;0
2001;146;58;18;22;18.000;0.000;11.000;0.000;20.000;15.071;14.400;15.800;70;6;0
2001;147;2;15;16;5.000;8.000;6.000;12.000;8.000;12.562;8.400;9.400;6;7;0
2001;147;14;1;1;2.000;40.000;2.000;44.000;12.667;10.000;2.400;8.000;6;7;0
2001;147;15;17;8;7.000;7.000;4.000;13.000;13.250;14.350;8.000;14.400;6;7;0
2001;147;18;22;17;17.000;0.000;9.000;1.000;20.000;11.300;12.000;15.400;6;7;0
2001;147;21;22;10;16.000;1.000;9.000;1.000;7.200;11.161;14.200;13.600;6;7;0
2001;147;22;6;4;3.000;24.000;1.000;76.000;11.625;7.847;9.200;8.400;6;7;1
2001;147;23;3;5;4.000;12.000;3.000;18.000;13.750;9.826;11.400;13.600;6;7;0
2001;147;30;6;2;1.000;52.000;1.000;76.000;7.444;7.795;5.000;5.000;6;7;1
2001;147;35;16;9;6.000;7.000;5.000;12.000;10.400;13.000;10.200;6.200;6;7;0
2001;147;44;16;12;10.000;5.000;5.000;12.000;8.833;11.200;9.000;5.400;6;7;0
2001;147;49;17;13;9.000;6.000;4.000;13.000;11.429;14.429;13.000;16.400;6;7;0
2001;147;50;21;19;14.000;1.000;8.000;1.000;16.250;13.824;12.600;13.000;6;7;0
2001;147;55;20;11;15.000;1.000;10.000;1.000;9.818;11.667;9.200;11.800;6;7;0
2001;147;56;19;6;11.000;4.000;7.000;4.000;6.667;10.333;15.000;15.400;6;7;1
2001;147;57;1;3;13.000;4.000;2.000;44.000;12.111;9.921;12.400;8.200;6;7;0
2001;148;2;15;11;5.000;8.000;4.000;15.000;20.000;14.375;9.400;10.600;7;8;0
2001;148;14;1;3;2.000;40.000;2.000;48.000;9.571;10.591;2.800;11.000;7;8;0
2001;148;15;17;4;9.000;7.000;5.000;13.000;16.000;12.550;9.600;18.400;7;8;0
2001;148;18;22;20;18.000;0.000;10.000;1.000;11.000;11.214;11.200;13.600;7;8;0
2001;148;21;22;18;16.000;1.000;10.000;1.000;3.600;11.448;14.200;14.400;7;8;0
2001;148;22;6;5;3.000;24.000;1.000;82.000;11.125;9.488;9.200;1.800;7;8;0
2001;148;23;3;2;4.000;22.000;3.000;28.000;13.500;10.400;12.600;13.400;7;8;1
2001;148;30;6;1;1.000;58.000;1.000;82.000;4.444;9.659;5.000;5.000;7;8;1
2001;148;35;16;9;7.000;7.000;6.000;12.000;12.000;14.000;7.800;8.800;7;8;0
2001;148;37;19;14;17.000;1.000;7.000;5.000;16.500;17.500;16.800;11.800;7;8;0
2001;148;41;17;12;19.000;0.000;5.000;13.000;13.500;12.476;9.600;16.200;7;8;0
2001;148;44;16;6;12.000;5.000;6.000;12.000;10.333;14.000;8.800;10.200;7;8;0
2001;148;50;21;13;15.000;1.000;9.000;1.000;12.333;14.806;12.800;12.000;7;8;0
2001;148;55;20;16;14.000;3.000;8.000;3.000;11.636;14.222;8.600;10.400;7;8;0
2001;148;56;19;15;13.000;4.000;7.000;5.000;12.571;13.667;11.600;9.400;7;8;0
2001;148;57;1;8;6.000;8.000;2.000;48.000;14.333;10.622;15.000;11.600;7;8;1
2001;149;14;1;5;2.000;44.000;2.000;53.000;7.000;10.594;5.000;12.000;20;9;1
2001;149;15;17;7;10.000;7.000;5.000;13.000;14.667;14.167;10.800;14.000;20;9;0
2001;149;18;22;20;18.000;0.000;10.000;1.000;10.000;8.750;12.800;16.400;20;9;0
2001;149;21;22;15;17.000;1.000;10.000;1.000;11.600;9.077;17.400;15.000;20;9;0
2001;149;22;6;4;3.000;26.000;1.000;94.000;6.667;8.640;8.400;4.800;20;9;0
2001;149;23;3;2;4.000;25.000;3.000;37.000;15.500;9.889;10.200;12.600;20;9;0
2001;149;30;6;1;1.000;68.000;1.000;94.000;4.800;8.600;5.000;5.400;20;9;1
2001;149;35;16;11;8.000;7.000;6.000;12.000;7.000;11.500;9.200;11.200;20;9;0
2001;149;37;19;16;16.000;1.000;7.000;5.000;9.000;13.500;15.600;11.000;20;9;0
2001;149;44;16;13;12.000;5.000;6.000;12.000;13.400;11.000;10.600;12.000;20;9;0
2001;149;49;17;8;11.000;6.000;5.000;13.000;13.833;14.538;15.000;13.400;20;9;0
2001;149;50;21;19;15.000;1.000;9.000;1.000;14.500;11.917;11.400;11.800;20;9;0
2001;149;55;20;14;14.000;3.000;8.000;3.000;10.000;11.000;8.000;9.600;20;9;0
2001;149;56;19;12;13.000;4.000;7.000;5.000;11.333;11.667;12.800;11.200;20;9;0
2001;149;57;1;6;6.000;9.000;2.000;53.000;6.000;10.364;11.200;8.400;20;9;0
2001;149;58;18;22;21.000;0.000;11.000;0.000;19.000;12.857;13.200;13.400;20;9;0
2001;150;2;15;9;6.000;9.000;4.000;16.000;12.000;12.625;14.800;12.200;8;10;0
2001;150;14;1;3;2.000;47.000;2.000;56.000;7.000;10.100;5.200;8.600;8;10;0
2001;150;15;17;5;8.000;9.000;5.000;15.000;10.500;12.200;13.600;13.800;8;10;0
2001;150;18;22;17;18.000;0.000;10.000;1.000;8.000;9.900;13.000;15.800;8;10;0
2001;150;21;22;16;17.000;1.000;10.000;1.000;11.800;10.190;16.400;16.000;8;10;0
2001;150;22;6;8;4.000;30.000;1.000;108.000;8.875;8.900;8.800;5.200;8;10;1
2001;150;23;3;1;3.000;31.000;3.000;43.000;7.750;4.600;10.800;8.800;8;10;1
2001;150;30;6;2;1.000;78.000;1.000;108.000;7.778;8.619;1.400;5.600;8;10;1
2001;150;35;16;10;9.000;7.000;6.000;12.000;5.800;12.500;7.600;15.400;8;10;0
2001;150;37;19;14;16.000;1.000;7.000;5.000;14.000;17.000;13.200;9.000;8;10;0
2001;150;44;16;11;12.000;5.000;6.000;12.000;11.000;14.200;13.200;15.600;8;10;0
2001;150;49;17;7;11.000;6.000;5.000;15.000;7.571;11.857;16.400;12.000;8;10;0
2001;150;50;21;18;15.000;1.000;9.000;1.000;18.600;15.500;10.400;14.000;8;10;0
2001;150;55;20;19;14.000;3.000;8.000;3.000;10.000;12.444;9.200;10.000;8;10;0
2001;150;56;19;12;13.000;4.000;7.000;5.000;10.857;16.000;11.200;11.200;8;10;0
2001;150;57;1;4;7.000;9.000;2.000;56.000;9.111;9.810;11.600;5.600;8;10;0
2001;150;58;18;22;21.000;0.000;11.000;0.000;20.000;16.286;15.000;16.200;8;10;0
2001;151;2;15;9;7.000;10.000;4.000;19.000;18.000;11.500;14.800;8.800;9;11;0
2001;151;14;1;3;2.000;47.000;2.000;66.000;4.857;9.796;5.000;7.600;9;11;0
2001;151;15;17;4;9.000;9.000;5.000;15.000;9.750;12.000;13.800;11.400;9;11;0
2001;151;18;22;18;18.000;0.000;10.000;1.000;5.000;7.821;13.200;14.600;9;11;0
2001;151;21;22;19;17.000;1.000;10.000;1.000;7.400;8.069;15.800;13.200;9;11;0
2001;151;22;6;6;3.000;34.000;1.000;118.000;11.125;10.317;6.000;2.400;9;11;1
2001;151;23;3;10;4.000;31.000;3.000;46.000;4.500;9.595;7.400;8.600;9;11;0
2001;151;30;6;1;1.000;84.000;1.000;118.000;11.222;10.229;1.400;2.600;9;11;1
2001;151;35;16;12;10.000;7.000;6.000;12.000;8.800;17.750;11.200;14.600;9;11;0
2001;151;37;19;13;16.000;1.000;7.000;5.000;20.000;12.500;11.800;13.600;9;11;0
2001;151;44;16;11;12.000;5.000;6.000;12.000;10.800;15.800;13.600;13.600;9;11;0
2001;151;49;17;5;11.000;6.000;5.000;15.000;12.000;12.381;16.800;14.000;9;11;0
2001;151;50;21;17;15.000;1.000;9.000;1.000;13.600;14.750;10.600;16.800;9;11;0
2001;151;55;20;14;14.000;3.000;8.000;3.000;10.500;12.778;9.600;13.400;9;11;0
2001;151;56;19;15;13.000;4.000;7.000;5.000;14.571;12.333;11.200;11.800;9;11;0
2001;151;57;1;2;5.000;19.000;2.000;66.000;8.556;9.980;14.200;10.800;9;11;1
2001;151;58;18;20;21.000;0.000;11.000;0.000;10.000;14.833;14.800;16.800;9;11;0
2001;152;2;15;7;8.000;10.000;4.000;19.000;12.000;13.500;14.200;6.800;10;12;0
2001;152;14;1;5;2.000;47.000;2.000;66.000;7.000;9.667;8.600;10.400;10;12;0
2001;152;15;17;10;10.000;9.000;6.000;15.000;10.750;11.650;14.200;11.600;10;12;0
2001;152;18;22;18;16.000;2.000;7.000;6.000;4.000;10.633;13.800;13.200;10;12;0
2001;152;21;22;17;14.000;4.000;7.000;6.000;14.750;10.452;14.400;12.000;10;12;0
2001;152;22;6;6;4.000;40.000;1.000;124.000;14.000;10.042;6.000;2.000;10;12;1
2001;152;23;3;2;3.000;41.000;3.000;56.000;5.500;9.136;7.000;8.800;10;12;1
2001;152;30;6;4;1.000;84.000;1.000;124.000;6.125;9.878;1.400;2.200;10;12;0
2001;152;35;16;12;7.000;11.000;5.000;16.000;9.800;14.750;11.200;16.000;10;12;1
2001;152;37;19;9;18.000;1.000;8.000;5.000;9.000;15.000;11.600;12.000;10;12;0
2001;152;41;17;15;19.000;0.000;6.000;15.000;15.000;11.619;8.600;10.200;10;12;0
2001;152;44;16;13;12.000;5.000;5.000;16.000;9.400;12.400;16.800;12.400;10;12;0
2001;152;50;21;20;17.000;1.000;10.000;1.000;15.400;13.312;11.400;15.400;10;12;0
2001;152;55;20;14;15.000;4.000;9.000;4.000;9.583;12.111;9.800;13.400;10;12;0
2001;152;56;19;11;13.000;4.000;8.000;5.000;11.857;17.333;11.600;15.000;10;12;0
2001;152;57;1;3;5.000;19.000;2.000;66.000;11.889;9.714;10.200;11.600;10;12;0
2001;152;58;18;22;22.000;0.000;11.000;0.000;20.000;17.710;16.000;16.000;10;12;0
2001;153;2;15;7;8.000;11.000;4.000;20.000;20.000;13.375;14.000;11.200;11;13;0
2001;153;14;1;2;2.000;51.000;2.000;72.000;7.714;9.300;10.000;14.600;11;13;1
2001;153;15;17;5;10.000;9.000;6.000;15.000;10.000;11.750;13.200;13.200;11;13;0
2001;153;18;22;17;16.000;2.000;7.000;6.000;9.000;10.900;13.400;9.600;11;13;0
2001;153;21;22;15;14.000;4.000;7.000;6.000;16.000;11.161;12.200;11.200;11;13;0
2001;153;22;6;3;3.000;46.000;1.000;140.000;13.750;11.533;6.000;4.600;11;13;1
2001;153;23;3;4;4.000;44.000;3.000;59.000;7.000;6.400;5.000;11.000;11;13;0
2001;153;30;6;1;1.000;94.000;1.000;140.000;7.500;11.226;4.200;4.800;11;13;1
2001;153;35;16;10;7.000;11.000;5.000;16.000;7.000;14.250;11.000;9.600;11;13;0
2001;153;37;19;13;18.000;1.000;8.000;5.000;15.500;13.000;12.400;15.800;11;13;0
2001;153;44;16;11;12.000;5.000;5.000;16.000;7.800;13.200;14.200;9.600;11;13;0
2001;153;49;20;16;11.000;6.000;9.000;4.000;9.714;13.000;13.800;12.600;11;13;0
2001;153;50;21;21;17.000;1.000;10.000;1.000;12.200;12.667;11.600;12.200;11;13;0
2001;153;55;17;12;15.000;4.000;6.000;15.000;14.000;12.000;9.800;15.000;11;13;0
2001;153;56;19;14;13.000;4.000;8.000;5.000;13.143;12.333;14.600;14.400;11;13;0
2001;153;57;1;6;5.000;21.000;2.000;72.000;9.250;9.097;10.200;10.800;11;13;0
2001;153;58;18;22;22.000;0.000;11.000;0.000;12.000;16.516;16.200;15.800;11;13;0
2001;154;2;15;14;8.000;11.000;4.000;20.000;20.000;12.625;11.200;11.200;13;14;0
2001;154;14;1;9;2.000;57.000;2.000;81.000;9.714;7.727;8.200;8.000;13;14;1
2001;154;15;17;16;10.000;9.000;6.000;16.000;13.750;12.950;14.400;13.000;13;14;0
2001;154;18;22;15;16.000;2.000;7.000;10.000;5.000;8.267;13.600;10.800;13;14;0
2001;154;21;22;8;11.000;8.000;7.000;10.000;10.750;8.484;10.400;11.200;13;14;1
2001;154;22;6;5;3.000;48.000;1.000;152.000;16.250;10.312;3.000;4.400;13;14;0
2001;154;23;3;2;4.000;44.000;3.000;59.000;7.000;8.059;5.600;6.200;13;14;0
2001;154;30;6;3;1.000;104.000;1.000;152.000;6.444;10.258;4.000;5.000;13;14;1
2001;154;35;16;6;7.000;11.000;5.000;16.000;8.400;13.250;10.000;11.200;13;14;0
2001;154;37;19;10;18.000;1.000;8.000;5.000;16.500;9.000;13.400;16.400;13;14;0
2001;154;44;16;11;13.000;5.000;5.000;16.000;13.600;12.200;14.800;8.600;13;14;0
2001;154;49;20;4;12.000;6.000;9.000;4.000;8.714;15.875;12.200;13.600;13;14;0
2001;154;50;21;19;17.000;1.000;10.000;1.000;13.200;12.682;12.000;12.600;13;14;0
2001;154;55;17;13;14.000;5.000;6.000;16.000;14.818;13.000;10.800;14.400;13;14;0
2001;154;56;19;17;15.000;4.000;8.000;5.000;11.429;11.667;14.800;18.000;13;14;0
2001;154;57;1;7;5.000;24.000;2.000;81.000;9.778;7.559;10.600;8.200;13;14;0
2001;154;58;18;22;22.000;0.000;11.000;0.000;20.000;16.875;17.400;15.600;13;14;0
2001;155;2;15;8;8.000;11.000;4.000;20.000;13.000;12.312;11.400;13.400;14;15;0
2001;155;14;1;6;2.000;57.000;2.000;81.000;12.429;10.508;8.000;6.600;14;15;0
2001;155;15;17;5;10.000;9.000;6.000;16.000;14.500;12.700;13.400;13.400;14;15;0
2001;155;18;22;11;17.000;2.000;7.000;10.000;15.000;9.933;14.000;10.800;14;15;0
2001;155;21;22;14;11.000;8.000;7.000;10.000;11.000;10.290;8.800;14.200;14;15;0
2001;155;22;6;2;3.000;54.000;1.000;161.000;11.250;9.545;3.000;4.800;14;15;1
2001;155;23;3;4;4.000;48.000;3.000;73.000;6.000;9.556;6.200;9.800;14;15;1
2001;155;30;6;3;1.000;107.000;1.000;161.000;6.125;9.497;4.000;2.200;14;15;0
2001;155;35;16;15;7.000;12.000;5.000;17.000;9.800;11.250;9.800;10.200;14;15;0
2001;155;37;19;10;16.000;3.000;8.000;7.000;17.500;19.000;15.200;17.600;14;15;0
2001;155;44;16;17;13.000;5.000;5.000;17.000;15.400;10.200;12.800;10.000;14;15;0
2001;155;49;20;12;12.000;6.000;9.000;4.000;9.571;13.125;11.200;14.200;14;15;0
2001;155;50;21;19;18.000;1.000;10.000;1.000;14.000;15.500;10.800;12.400;14;15;0
2001;155;55;17;16;14.000;5.000;6.000;16.000;11.333;13.143;9.000;13.800;14;15;0
2001;155;56;19;13;15.000;4.000;8.000;7.000;11.000;14.333;17.400;15.000;14;15;0
2001;155;57;1;7;6.000;24.000;2.000;81.000;8.444;10.652;10.200;6.800;14;15;0
2001;156;2;15;6;8.000;12.000;4.000;21.000;9.000;14.000;12.400;12.400;19;16;0
2001;156;14;1;7;2.000;61.000;2.000;95.000;5.000;12.000;11.200;9.800;19;16;1
2001;156;15;17;8;9.000;12.000;5.000;19.000;20.000;12.500;16.800;12.000;19;16;0
2001;156;18;22;10;17.000;2.000;7.000;10.000;20.000;13.500;15.000;12.400;19;16;0
2001;156;21;22;12;11.000;8.000;7.000;10.000;17.000;12.000;8.600;11.600;19;16;0
2001;156;22;6;5;3.000;54.000;1.000;167.000;2.000;11.333;2.800;2.600;19;16;0
2001;156;23;3;2;4.000;48.000;3.000;73.000;15.000;18.000;6.400;7.000;19;16;0
2001;156;30;6;1;1.000;113.000;1.000;167.000;1.000;12.250;4.600;5.400;19;16;1
2001;156;35;16;18;7.000;12.000;6.000;17.000;4.000;5.000;6.800;10.000;19;16;0
2001;156;37;19;16;16.000;3.000;8.000;9.000;16.000;9.000;13.400;16.600;19;16;0
2001;156;49;20;15;13.000;6.000;9.000;4.000;3.000;11.000;10.800;15.800;19;16;0
2001;156;50;21;20;18.000;1.000;10.000;1.000;18.000;17.000;11.600;14.600;19;16;0
2001;156;55;17;9;15.000;5.000;5.000;19.000;13.000;9.667;8.200;10.800;19;16;0
2001;156;56;19;14;12.000;6.000;8.000;9.000;7.000;10.000;17.600;14.600;19;16;0
2001;156;57;1;4;5.000;34.000;2.000;95.000;19.000;9.000;9.400;9.400;19;16;1
2001;157;2;15;10;8.000;12.000;4.000;21.000;18.000;11.000;12.400;13.000;22;17;0
2001;157;14;1;7;2.000;65.000;2.000;102.000;9.167;7.143;8.000;9.200;22;17;1
2001;157;15;17;8;9.000;12.000;5.000;19.000;15.333;11.700;13.600;9.400;22;17;0
2001;157;18;22;9;17.000;2.000;7.000;10.000;5.000;10.000;13.800;10.200;22;17;0
2001;157;21;22;6;11.000;8.000;7.000;10.000;10.750;9.897;7.600;11.000;22;17;0
2001;157;22;6;4;3.000;56.000;1.000;179.000;12.125;9.893;5.200;4.800;22;17;0
2001;157;23;3;3;4.000;49.000;3.000;80.000;12.750;9.071;7.000;11.600;22;17;0
2001;157;30;6;1;1.000;123.000;1.000;179.000;8.200;9.724;4.600;5.600;22;17;1
2001;157;35;16;14;7.000;12.000;6.000;17.000;10.200;9.000;8.400;10.600;22;17;0
2001;157;37;19;16;16.000;3.000;8.000;9.000;12.500;7.500;13.400;12.200;22;17;0
2001;157;44;16;17;14.000;5.000;6.000;17.000;11.833;9.200;10.800;10.400;22;17;0
2001;157;49;20;15;13.000;6.000;9.000;4.000;7.286;17.250;11.200;14.600;22;17;0
2001;157;50;21;21;18.000;1.000;10.000;1.000;16.000;14.000;13.000;14.600;22;17;0
2001;157;55;17;11;15.000;5.000;5.000;19.000;14.417;11.524;7.400;9.800;22;17;0
2001;157;56;19;13;12.000;6.000;8.000;9.000;5.625;11.000;16.800;11.800;22;17;0
2001;157;57;1;5;5.000;37.000;2.000;102.000;6.100;7.000;9.400;9.000;22;17;0
2002;124;8;1;5;3.000;4.000;3.000;4.000;6.000;9.750;15.200;5.800;1;1;1
2002;124;30;6;2;1.000;10.000;1.000;10.000;7.000;6.923;1.800;7.600;1;1;1
2002;124;31;3;6;2.000;6.000;2.000;6.000;15.000;9.308;9.000;12.400;1;1;1
2002;124;37;19;20;8.000;0.000;4.000;3.000;13.000;15.500;12.600;14.800;1;1;0
2002;124;56;19;19;4.000;3.000;4.000;3.000;10.000;14.000;17.200;12.600;1;1;0
2002;125;2;15;7;7.000;2.000;6.000;3.000;19.000;14.833;12.600;17.800;2;2;0
2002;125;8;1;5;4.000;4.000;3.000;4.000;20.000;5.667;14.400;4.000;2;2;0
2002;125;18;4;8;5.000;3.000;5.000;3.000;14.500;20.000;14.400;17.600;2;2;0
2002;125;21;17;9;17.000;0.000;10.000;0.000;11.667;11.286;11.000;13.800;2;2;0
2002;125;23;3;4;3.000;10.000;1.000;22.000;12.667;14.167;10.400;8.800;2;2;1
2002;125;30;6;1;1.000;14.000;2.000;14.000;1.333;3.429;1.800;7.200;2;2;1
2002;125;31;3;2;2.000;12.000;1.000;22.000;19.000;12.286;7.800;5.400;2;2;1
2002;125;35;16;13;14.000;0.000;9.000;0.000;11.000;14.667;10.000;13.000;2;2;0
2002;125;37;19;17;13.000;0.000;4.000;3.000;17.000;12.500;12.000;11.000;2;2;0
2002;125;49;21;11;16.000;0.000;11.000;0.000;9.667;14.500;11.600;13.000;2;2;0
2002;125;56;19;20;6.000;3.000;4.000;3.000;9.000;12.000;13.600;12.000;2;2;0
2002;126;2;15;9;9.000;2.000;6.000;3.000;11.000;13.833;10.000;13.800;18;3;0
2002;126;8;1;5;5.000;4.000;3.000;8.000;12.000;9.154;14.200;10.800;18;3;0
2002;126;14;1;4;6.000;4.000;3.000;8.000;8.429;9.225;11.000;12.400;18;3;1
2002;126;18;4;7;4.000;6.000;4.000;6.000;8.000;12.400;12.200;15.000;18;3;0
2002;126;21;17;14;18.000;0.000;10.000;0.000;7.400;14.130;13.000;12.200;18;3;0
2002;126;23;3;3;2.000;16.000;1.000;30.000;12.600;9.065;9.200;4.600;18;3;1
2002;126;30;6;2;1.000;24.000;2.000;24.000;2.400;7.795;2.200;10.800;18;3;1
2002;126;31;3;1;3.000;14.000;1.000;30.000;16.000;8.844;5.000;4.600;18;3;0
2002;126;35;16;15;15.000;0.000;9.000;0.000;10.000;11.667;10.000;14.600;18;3;0
2002;126;37;19;11;14.000;0.000;5.000;3.000;9.000;15.250;10.600;11.600;18;3;0
2002;126;49;21;18;17.000;0.000;11.000;0.000;11.125;13.312;12.000;13.400;18;3;0
2002;126;56;19;13;7.000;3.000;5.000;3.000;13.000;13.800;12.800;9.200;18;3;0
2002;127;2;15;7;9.000;2.000;6.000;3.000;13.000;10.833;10.600;11.800;21;4;0
2002;127;8;1;5;7.000;4.000;3.000;9.000;20.000;8.000;15.200;12.400;21;4;0
2002;127;14;1;6;6.000;5.000;3.000;9.000;5.714;8.140;7.600;13.400;21;4;0
2002;127;15;4;8;18.000;0.000;4.000;8.000;15.600;12.000;12.600;13.000;21;4;0
2002;127;18;4;9;4.000;8.000;4.000;8.000;16.000;11.769;8.800;10.800;21;4;0
2002;127;21;17;15;20.000;0.000;10.000;0.000;12.167;13.826;15.400;14.600;21;4;0
2002;127;22;6;2;5.000;6.000;1.000;40.000;13.333;9.591;14.000;8.000;21;4;1
2002;127;23;3;3;2.000;20.000;2.000;37.000;11.800;10.512;9.000;2.400;21;4;1
2002;127;30;6;1;1.000;34.000;1.000;40.000;7.900;9.422;1.600;8.200;21;4;1
2002;127;31;3;4;3.000;17.000;2.000;37.000;14.000;10.341;5.800;2.600;21;4;0
2002;127;35;16;10;13.000;0.000;9.000;0.000;11.833;11.667;10.800;15.600;21;4;0
2002;127;37;19;22;16.000;0.000;5.000;3.000;17.500;10.750;11.200;9.000;21;4;0
2002;127;49;21;13;19.000;0.000;11.000;0.000;10.000;13.800;12.600;16.200;21;4;0
2002;127;56;19;18;8.000;3.000;5.000;3.000;7.714;11.800;10.400;11.400;21;4;0
2002;128;2;15;8;7.000;5.000;5.000;8.000;11.000;11.765;11.400;10.800;4;5;0
2002;128;8;1;5;8.000;4.000;3.000;13.000;8.000;7.727;13.600;11.000;4;5;0
2002;128;14;1;7;4.000;9.000;3.000;13.000;8.625;8.174;8.200;10.600;4;5;1
2002;128;18;4;6;5.000;8.000;4.000;8.000;16.000;10.000;8.000;8.600;4;5;0
2002;128;21;17;12;20.000;0.000;11.000;0.000;12.833;12.739;17.600;17.200;4;5;0
2002;128;22;6;2;6.000;6.000;1.000;50.000;11.889;8.136;11.400;5.600;4;5;0
2002;128;23;3;3;3.000;20.000;2.000;43.000;11.200;8.682;5.600;3.200;4;5;0
2002;128;30;6;1;1.000;44.000;1.000;50.000;2.818;8.652;1.400;9.000;4;5;1
2002;128;31;3;4;2.000;23.000;2.000;43.000;2.000;8.783;3.000;5.000;4;5;1
2002;128;35;16;15;14.000;0.000;10.000;0.000;7.667;9.833;9.000;14.200;4;5;0
2002;128;37;19;16;17.000;0.000;6.000;3.000;17.667;15.750;12.000;12.000;4;5;0
2002;128;49;21;10;13.000;1.000;9.000;1.000;11.750;17.200;14.200;17.600;4;5;0
2002;128;56;19;22;9.000;3.000;6.000;3.000;11.125;16.400;12.000;12.600;4;5;0
2002;129;2;15;5;7.000;5.000;5.000;8.000;12.000;9.200;10.400;8.600;70;6;0
2002;129;8;1;6;8.000;4.000;3.000;14.000;4.000;9.020;13.000;8.800;70;6;0
2002;129;14;1;8;5.000;10.000;3.000;14.000;1.800;9.235;8.200;12.200;70;6;0
2002;129;15;4;16;20.000;0.000;4.000;8.000;14.200;10.733;14.000;8.000;70;6;0
2002;129;18;4;13;6.000;8.000;4.000;8.000;8.500;10.875;9.000;9.800;70;6;0
2002;129;21;17;15;12.000;2.000;8.000;2.000;14.600;11.818;17.600;17.800;70;6;0
2002;129;22;6;1;4.000;12.000;1.000;66.000;10.800;8.767;14.400;5.000;70;6;1
2002;129;23;3;2;3.000;23.000;2.000;50.000;13.000;12.094;6.600;5.000;70;6;0
2002;129;30;6;3;1.000;54.000;1.000;66.000;7.750;8.614;1.400;5.200;70;6;1
2002;129;31;3;4;2.000;27.000;2.000;50.000;14.000;11.848;3.000;4.800;70;6;1
2002;129;35;16;17;15.000;0.000;11.000;0.000;7.800;10.833;8.400;12.000;70;6;0
2002;129;37;19;19;18.000;0.000;6.000;3.000;16.000;9.500;12.200;13.800;70;6;0
2002;129;49;21;11;14.000;1.000;10.000;1.000;13.000;15.600;13.000;14.200;70;6;0
2002;129;56;19;20;9.000;3.000;6.000;3.000;7.750;12.000;10.800;16.800;70;6;0
2002;130;2;15;15;7.000;5.000;5.000;8.000;15.000;12.944;9.800;10.400;6;7;0
2002;130;8;1;6;8.000;4.000;3.000;24.000;10.000;10.062;16.400;10.600;6;7;0
2002;130;14;1;2;4.000;20.000;3.000;24.000;11.571;10.200;7.600;13.200;6;7;1
2002;130;15;4;7;11.000;3.000;4.000;11.000;13.800;13.000;13.800;9.400;6;7;0
2002;130;18;4;8;6.000;8.000;4.000;11.000;14.000;12.438;6.400;9.200;6;7;0
2002;130;21;17;11;9.000;4.000;6.000;4.000;8.500;14.696;15.200;15.200;6;7;0
2002;130;22;6;5;5.000;12.000;1.000;72.000;10.556;7.735;11.800;5.000;6;7;0
2002;130;23;3;4;2.000;27.000;2.000;54.000;13.200;10.083;4.200;4.800;6;7;1
2002;130;30;6;3;1.000;60.000;1.000;72.000;6.800;7.728;1.400;6.200;6;7;1
2002;130;31;3;1;3.000;27.000;2.000;54.000;20.000;9.939;3.200;4.600;6;7;0
2002;130;35;16;14;16.000;0.000;11.000;0.000;9.333;12.667;8.400;12.600;6;7;0
2002;130;37;19;17;19.000;0.000;7.000;3.000;19.667;8.500;15.000;16.600;6;7;0
2002;130;49;21;12;15.000;2.000;10.000;2.000;11.750;13.528;13.000;13.000;6;7;0
2002;130;56;19;19;10.000;3.000;7.000;3.000;6.143;8.800;13.000;16.000;6;7;0
2002;130;59;21;21;21.000;0.000;10.000;2.000;9.000;13.324;17.400;11.800;6;7;0
2002;131;2;15;7;9.000;5.000;5.000;8.000;20.000;14.111;10.400;12.400;7;8;0
2002;131;8;1;5;7.000;7.000;3.000;33.000;4.000;10.457;16.600;9.800;7;8;0
2002;131;14;1;8;4.000;26.000;3.000;33.000;9.875;10.319;3.800;10.000;7;8;1
2002;131;15;4;10;10.000;4.000;4.000;12.000;15.000;14.357;10.200;10.400;7;8;0
2002;131;18;4;13;6.000;8.000;4.000;12.000;14.500;13.800;8.800;9.200;7;8;0
2002;131;21;17;6;8.000;6.000;6.000;6.000;6.667;12.130;13.600;11.600;7;8;0
2002;131;22;6;3;5.000;16.000;1.000;86.000;11.778;9.489;10.400;2.600;7;8;1
2002;131;23;3;4;2.000;27.000;2.000;54.000;11.000;10.319;4.600;5.800;7;8;0
2002;131;30;6;2;1.000;70.000;1.000;86.000;4.200;9.348;1.200;3.000;7;8;1
2002;131;31;3;1;3.000;27.000;2.000;54.000;16.000;10.250;6.200;6.800;7;8;0
2002;131;35;16;9;16.000;0.000;11.000;0.000;12.333;13.833;10.400;14.800;7;8;0
2002;131;37;19;16;19.000;0.000;7.000;3.000;13.000;15.500;15.000;14.000;7;8;0
2002;131;44;16;11;20.000;0.000;11.000;0.000;10.714;15.000;15.800;16.600;7;8;0
2002;131;49;21;19;15.000;2.000;10.000;2.000;15.857;14.667;12.000;13.000;7;8;0
2002;131;56;19;14;11.000;3.000;7.000;3.000;13.625;16.400;11.600;15.200;7;8;0
2002;131;59;21;17;22.000;0.000;10.000;2.000;15.000;14.618;16.000;12.600;7;8;0
2002;132;2;15;9;9.000;5.000;5.000;9.000;17.000;14.214;10.000;12.400;20;9;0
2002;132;8;1;6;6.000;11.000;3.000;37.000;10.000;10.235;15.000;6.400;20;9;1
2002;132;14;1;5;5.000;26.000;3.000;37.000;6.429;10.029;3.600;5.800;20;9;0
2002;132;15;4;7;10.000;4.000;4.000;14.000;15.750;17.600;8.400;9.600;20;9;0
2002;132;18;4;8;7.000;10.000;4.000;14.000;11.500;16.000;11.000;9.800;20;9;0
2002;132;21;17;18;8.000;6.000;6.000;6.000;11.500;14.867;10.200;11.400;20;9;0
2002;132;22;6;4;4.000;26.000;1.000;102.000;6.429;8.516;6.800;2.800;20;9;1
2002;132;23;3;2;2.000;30.000;2.000;57.000;13.200;9.200;5.600;9.200;20;9;0
2002;132;30;6;3;1.000;76.000;1.000;102.000;4.167;8.435;1.200;2.800;20;9;1
2002;132;31;3;1;3.000;27.000;2.000;57.000;2.000;8.952;8.400;9.400;20;9;0
2002;132;35;16;19;16.000;0.000;11.000;0.000;7.333;12.667;12.800;16.200;20;9;0
2002;132;37;19;16;19.000;0.000;7.000;3.000;8.667;10.500;17.400;14.400;20;9;0
2002;132;44;16;12;20.000;0.000;11.000;0.000;14.667;12.571;13.800;15.000;20;9;0
2002;132;49;21;15;15.000;2.000;10.000;2.000;14.429;12.786;10.800;14.600;20;9;0
2002;132;56;19;17;12.000;3.000;7.000;3.000;10.714;10.400;13.800;13.400;20;9;0
2002;132;59;21;21;22.000;0.000;10.000;2.000;20.000;12.800;16.200;13.000;20;9;0
2002;133;2;15;10;8.000;6.000;5.000;10.000;12.000;10.833;9.400;9.600;9;10;0
2002;133;8;1;5;6.000;11.000;3.000;37.000;5.000;9.804;12.800;6.200;9;10;0
2002;133;14;1;6;5.000;26.000;3.000;37.000;6.625;9.885;6.600;8.800;9;10;0
2002;133;15;4;7;10.000;4.000;4.000;14.000;11.800;13.667;8.200;10.000;9;10;0
2002;133;18;4;12;7.000;10.000;4.000;14.000;10.000;13.800;11.000;9.800;9;10;0
2002;133;21;17;17;9.000;6.000;6.000;6.000;8.333;12.174;10.800;13.200;9;10;0
2002;133;22;6;2;2.000;32.000;1.000;118.000;10.222;10.131;6.600;1.800;9;10;1
2002;133;23;3;4;4.000;30.000;2.000;61.000;7.000;9.641;5.800;12.800;9;10;0
2002;133;30;6;3;1.000;86.000;1.000;118.000;10.300;10.035;1.400;1.800;9;10;1
2002;133;31;3;1;3.000;31.000;2.000;61.000;4.000;9.600;11.600;11.000;9;10;1
2002;133;35;16;9;12.000;3.000;7.000;5.000;8.667;16.667;13.800;13.200;9;10;0
2002;133;37;19;21;20.000;0.000;8.000;3.000;18.000;11.500;16.200;15.200;9;10;0
2002;133;44;16;13;14.000;2.000;7.000;5.000;12.500;14.857;12.600;11.000;9;10;0
2002;133;49;21;16;17.000;2.000;11.000;2.000;11.375;14.538;9.800;14.000;9;10;0
2002;133;56;19;19;13.000;3.000;8.000;3.000;13.875;11.400;15.000;15.600;9;10;0
2002;133;59;21;18;22.000;0.000;11.000;2.000;14.000;14.667;16.000;15.200;9;10;0
2002;134;2;15;10;8.000;6.000;5.000;10.000;9.000;11.944;9.800;7.400;8;11;0
2002;134;8;1;4;6.000;17.000;3.000;47.000;7.000;10.364;12.000;10.000;8;11;1
2002;134;14;1;6;5.000;30.000;3.000;47.000;6.571;10.000;8.000;10.000;8;11;1
2002;134;18;4;7;7.000;11.000;4.000;15.000;12.000;13.000;11.000;10.600;8;11;0
2002;134;21;17;16;9.000;6.000;6.000;6.000;11.667;11.957;8.800;15.200;8;11;0
2002;134;22;6;3;3.000;32.000;1.000;128.000;8.222;8.273;3.000;1.400;8;11;0
2002;134;23;3;5;4.000;32.000;2.000;66.000;6.600;5.136;5.200;10.200;8;11;0
2002;134;30;6;2;1.000;96.000;1.000;128.000;7.100;8.739;1.400;5.000;8;11;1
2002;134;31;3;1;2.000;34.000;2.000;66.000;19.000;5.130;11.800;8.000;8;11;0
2002;134;35;16;13;12.000;3.000;7.000;5.000;8.333;13.333;13.200;7.600;8;11;0
2002;134;37;19;15;20.000;0.000;8.000;3.000;14.000;16.500;14.600;15.000;8;11;0
2002;134;44;16;11;14.000;2.000;7.000;5.000;10.667;13.714;11.000;9.200;8;11;0
2002;134;49;21;16;17.000;2.000;11.000;2.000;7.625;15.700;12.200;15.800;8;11;0
2002;134;56;19;9;13.000;3.000;8.000;3.000;11.750;15.000;15.600;13.200;8;11;0
2002;134;59;21;16;22.000;0.000;11.000;2.000;20.000;16.091;16.200;15.600;8;11;0
2002;135;2;15;10;8.000;7.000;5.000;11.000;16.500;14.111;8.000;8.400;10;12;0
2002;135;8;1;5;6.000;17.000;3.000;49.000;17.000;9.900;8.400;10.000;10;12;0
2002;135;14;1;9;5.000;32.000;3.000;49.000;7.625;9.922;7.400;8.000;10;12;0
2002;135;15;4;8;10.000;4.000;4.000;15.000;10.800;12.462;9.200;10.200;10;12;0
2002;135;18;4;13;7.000;11.000;4.000;15.000;4.500;12.643;10.800;12.200;10;12;0
2002;135;21;17;6;9.000;6.000;6.000;6.000;12.600;11.826;12.200;13.600;10;12;0
2002;135;22;6;3;4.000;35.000;1.000;141.000;12.667;9.980;6.400;5.000;10;12;0
2002;135;23;3;2;3.000;36.000;2.000;76.000;4.600;9.065;5.400;8.000;10;12;1
2002;135;30;6;1;1.000;106.000;1.000;141.000;7.111;9.863;1.400;5.400;10;12;1
2002;135;31;3;4;2.000;40.000;2.000;76.000;14.000;8.936;12.000;4.600;10;12;1
2002;135;35;16;11;12.000;3.000;7.000;5.000;8.667;11.500;14.400;10.200;10;12;0
2002;135;37;19;20;20.000;0.000;8.000;3.000;13.333;17.500;12.000;13.600;10;12;0
2002;135;44;16;7;14.000;2.000;7.000;5.000;9.000;12.143;10.800;11.600;10;12;0
2002;135;49;21;15;17.000;2.000;11.000;2.000;11.857;13.029;14.000;17.200;10;12;0
2002;135;56;19;16;13.000;3.000;8.000;3.000;12.625;18.200;15.000;14.000;10;12;0
2002;135;59;21;18;22.000;0.000;11.000;2.000;8.000;13.229;16.200;19.000;10;12;0
2002;136;2;15;8;8.000;7.000;5.000;11.000;13.500;12.611;7.600;8.600;11;13;0
2002;136;8;1;11;6.000;20.000;3.000;54.000;7.000;8.969;6.800;6.200;11;13;0
2002;136;14;1;10;5.000;34.000;3.000;54.000;7.125;8.818;8.200;5.000;11;13;0
2002;136;18;4;9;7.000;11.000;4.000;15.000;14.000;8.000;11.000;11.800;11;13;0
2002;136;21;17;5;9.000;7.000;6.000;7.000;15.400;11.826;13.200;13.600;11;13;0
2002;136;22;6;1;2.000;45.000;1.000;157.000;12.444;10.906;5.800;5.200;11;13;1
2002;136;23;3;3;3.000;40.000;2.000;80.000;6.400;6.375;5.400;3.400;11;13;1
2002;136;30;6;2;1.000;112.000;1.000;157.000;6.778;10.606;1.200;5.200;11;13;1
2002;136;31;3;4;4.000;40.000;2.000;80.000;8.000;6.273;9.000;3.400;11;13;0
2002;136;35;16;13;12.000;3.000;7.000;5.000;7.333;13.667;14.000;13.600;11;13;0
2002;136;37;19;15;20.000;0.000;8.000;3.000;14.000;14.750;14.200;14.200;11;13;0
2002;136;44;16;12;14.000;2.000;7.000;5.000;9.167;14.571;10.600;16.600;11;13;0
2002;136;56;19;16;13.000;3.000;8.000;3.000;14.250;14.400;15.600;13.400;11;13;0
2002;137;2;15;18;8.000;7.000;5.000;11.000;19.000;13.278;7.000;8.600;13;14;0
2002;137;8;1;2;6.000;20.000;3.000;57.000;19.000;7.457;6.800;5.600;13;14;0
2002;137;14;1;6;5.000;37.000;3.000;57.000;8.750;7.694;8.800;8.200;13;14;0
2002;137;15;4;7;11.000;4.000;4.000;15.000;13.800;6.750;11.800;12.800;13;14;0
2002;137;18;4;10;7.000;11.000;4.000;15.000;10.000;8.800;11.600;15.000;13;14;0
2002;137;21;17;14;9.000;7.000;6.000;7.000;9.200;12.609;13.400;9.000;13;14;0
2002;137;22;6;3;2.000;51.000;1.000;173.000;15.000;10.163;5.400;1.800;13;14;1
2002;137;23;3;4;4.000;42.000;2.000;86.000;7.000;8.250;4.600;4.600;13;14;0
2002;137;30;6;1;1.000;122.000;1.000;173.000;5.900;10.081;1.400;2.000;13;14;1
2002;137;31;3;5;3.000;44.000;2.000;86.000;16.000;8.162;8.000;4.800;13;14;1
2002;137;35;16;12;13.000;3.000;7.000;5.000;8.333;12.000;13.600;15.800;13;14;0
2002;137;37;19;11;20.000;0.000;8.000;4.000;16.667;13.750;12.800;15.400;13;14;0
2002;137;44;16;15;14.000;2.000;7.000;5.000;13.167;11.429;11.400;14.000;13;14;0
2002;137;56;19;8;10.000;4.000;8.000;4.000;12.500;13.800;15.800;15.800;13;14;0
2002;138;2;15;15;10.000;7.000;5.000;11.000;12.000;11.944;7.600;9.600;14;15;0
2002;138;8;1;6;6.000;20.000;3.000;57.000;7.000;10.761;9.400;6.800;14;15;0
2002;138;14;1;7;5.000;37.000;3.000;57.000;13.375;10.824;5.400;8.800;14;15;0
2002;138;15;4;11;9.000;7.000;4.000;20.000;16.000;13.143;13.600;15.800;14;15;0
2002;138;18;4;17;7.000;13.000;4.000;20.000;18.000;12.533;14.400;13.200;14;15;0
2002;138;21;17;12;11.000;7.000;7.000;7.000;10.800;12.870;11.600;10.400;14;15;0
2002;138;22;6;4;2.000;61.000;1.000;189.000;10.222;9.462;5.600;1.400;14;15;1
2002;138;23;3;3;4.000;42.000;2.000;86.000;5.400;9.234;4.800;4.800;14;15;0
2002;138;30;6;2;1.000;128.000;1.000;189.000;5.889;9.409;1.200;1.400;14;15;1
2002;138;31;3;1;3.000;44.000;2.000;86.000;1.000;9.458;4.600;8.400;14;15;0
2002;138;35;16;9;13.000;3.000;8.000;6.000;9.167;10.000;12.800;13.200;14;15;0
2002;138;37;19;8;20.000;0.000;6.000;8.000;13.333;15.500;13.600;12.800;14;15;0
2002;138;44;16;16;14.000;3.000;8.000;6.000;14.333;9.857;12.000;12.200;14;15;0
2002;138;56;19;5;8.000;8.000;6.000;8.000;12.000;16.000;13.200;14.000;14;15;1
2002;138;62;18;20;19.000;0.000;9.000;2.000;15.000;16.941;15.200;17.400;14;15;0
2002;139;2;15;10;10.000;7.000;5.000;11.000;7.500;14.000;8.400;11.800;19;16;0
2002;139;8;1;6;6.000;20.000;3.000;61.000;20.000;7.000;9.600;9.400;19;16;0
2002;139;14;1;3;5.000;41.000;3.000;61.000;4.000;9.000;4.800;11.800;19;16;1
2002;139;18;4;14;7.000;13.000;4.000;22.000;15.000;5.000;13.000;10.000;19;16;0
2002;139;21;17;9;11.000;7.000;8.000;7.000;12.500;9.400;11.800;11.000;19;16;0
2002;139;22;6;2;2.000;71.000;1.000;205.000;8.500;10.200;5.400;1.600;19;16;1
2002;139;23;3;5;4.000;42.000;2.000;89.000;17.500;18.500;7.200;10.600;19;16;0
2002;139;30;6;1;1.000;134.000;1.000;205.000;1.500;8.667;1.400;1.400;19;16;1
2002;139;31;3;4;3.000;47.000;2.000;89.000;18.000;18.000;6.800;11.600;19;16;0
2002;139;35;16;7;12.000;4.000;7.000;7.000;10.000;9.250;13.800;9.400;19;16;0
2002;139;37;19;17;20.000;0.000;6.000;8.000;14.000;8.750;15.000;12.000;19;16;0
2002;139;44;16;12;14.000;3.000;7.000;7.000;11.000;8.600;12.200;8.200;19;16;0
2002;139;49;15;11;17.000;2.000;5.000;11.000;6.500;13.000;16.800;12.200;19;16;0
2002;139;56;19;13;9.000;8.000;6.000;8.000;6.000;11.000;10.400;12.200;19;16;0
2002;139;62;18;20;19.000;0.000;9.000;2.000;19.000;17.000;15.000;17.200;19;16;0
2002;140;2;15;12;10.000;7.000;5.000;11.000;13.500;11.444;8.800;12.800;22;17;0
2002;140;8;1;4;6.000;24.000;3.000;65.000;20.000;6.900;12.600;9.200;22;17;1
2002;140;14;1;3;5.000;41.000;3.000;65.000;8.286;6.774;4.800;9.000;22;17;0
2002;140;18;4;10;7.000;14.000;4.000;23.000;6.000;14.000;13.400;7.200;22;17;0
2002;140;21;17;8;11.000;7.000;6.000;9.000;12.000;11.696;8.800;8.600;22;17;0
2002;140;22;6;2;2.000;77.000;1.000;221.000;11.333;9.433;1.800;1.400;22;17;1
2002;140;23;3;5;4.000;42.000;2.000;92.000;11.400;8.733;9.400;11.400;22;17;0
2002;140;30;6;1;1.000;144.000;1.000;221.000;7.545;9.194;1.600;1.600;22;17;1
2002;140;31;3;6;3.000;50.000;2.000;92.000;2.000;8.806;6.800;13.000;22;17;0
2002;140;35;16;9;12.000;4.000;8.000;7.000;10.167;9.833;11.800;9.000;22;17;0
2002;140;37;19;17;21.000;0.000;7.000;8.000;14.333;13.250;17.200;11.400;22;17;0
2002;140;44;16;16;14.000;3.000;8.000;7.000;12.000;10.571;11.200;9.600;22;17;0
2002;140;56;19;14;9.000;8.000;7.000;8.000;7.222;13.000;10.000;12.600;22;17;0
2002;140;62;18;20;20.000;0.000;9.000;2.000;16.000;15.645;14.600;15.200;22;17;0
2003;108;4;4;10;7.000;2.000;3.000;6.000;12.000;17.000;17.000;7.600;1;1;0
2003;108;8;1;15;3.000;6.000;1.000;16.000;4.500;9.214;11.000;9.600;1;1;1
2003;108;14;1;11;1.000;10.000;1.000;16.000;9.571;8.800;7.400;8.800;1;1;1
2003;108;15;4;12;5.000;4.000;3.000;6.000;13.333;13.667;9.600;8.000;1;1;0
2003;108;18;16;8;10.000;0.000;6.000;0.000;15.000;11.875;11.200;11.200;1;1;0
2003;108;23;3;9;8.000;1.000;2.000;9.000;12.833;8.786;11.000;9.800;1;1;0
2003;108;30;6;1;4.000;5.000;4.000;5.000;6.143;7.400;1.600;5.200;1;1;0
2003;108;31;3;3;2.000;8.000;2.000;9.000;8.500;8.733;7.200;8.600;1;1;1
2003;108;35;16;6;9.000;0.000;6.000;0.000;11.143;11.667;11.600;12.000;1;1;0
2003;108;49;15;4;6.000;3.000;5.000;3.000;7.286;12.600;16.800;12.600;1;1;0
2003;108;50;18;20;11.000;0.000;7.000;0.000;15.500;12.071;14.200;15.200;1;1;0
2003;109;2;15;6;11.000;1.000;5.000;4.000;14.333;12.500;10.200;12.000;2;2;0
2003;109;4;4;1;5.000;8.000;3.000;16.000;13.000;13.000;14.800;8.000;2;2;1
2003;109;8;1;7;1.000;16.000;1.000;26.000;20.000;9.000;10.800;5.600;2;2;1
2003;109;14;1;4;2.000;10.000;1.000;26.000;10.250;8.111;6.600;5.200;2;2;0
2003;109;15;4;2;7.000;8.000;3.000;16.000;16.000;9.667;9.000;7.000;2;2;0
2003;109;18;16;9;10.000;2.000;6.000;2.000;11.000;14.625;9.600;12.600;2;2;0
2003;109;22;6;5;4.000;8.000;2.000;16.000;6.000;3.375;5.200;5.800;2;2;1
2003;109;23;3;17;8.000;6.000;4.000;14.000;9.750;11.000;12.000;5.800;2;2;0
2003;109;30;6;3;6.000;8.000;2.000;16.000;1.750;3.222;2.000;5.800;2;2;0
2003;109;31;3;8;3.000;8.000;4.000;14.000;10.500;10.222;5.400;5.800;2;2;0
2003;109;35;16;12;12.000;0.000;6.000;2.000;10.250;13.778;9.400;11.600;2;2;0
2003;109;49;15;13;9.000;3.000;5.000;4.000;10.000;12.000;15.400;11.000;2;2;0
2003;109;50;18;18;14.000;0.000;8.000;0.000;8.500;14.125;14.000;14.200;2;2;0
2003;110;2;15;12;13.000;1.000;6.000;8.000;12.000;13.950;9.800;11.400;18;3;0
2003;110;4;4;10;3.000;14.000;2.000;23.000;19.000;11.000;11.000;5.200;18;3;1
2003;110;8;1;4;1.000;24.000;1.000;39.000;12.000;9.073;7.800;8.200;18;3;1
2003;110;14;1;2;2.000;15.000;1.000;39.000;7.750;8.905;9.400;5.000;18;3;0
2003;110;15;4;5;5.000;9.000;2.000;23.000;12.500;9.857;6.600;4.600;18;3;0
2003;110;17;19;3;14.000;0.000;8.000;0.000;11.000;12.667;15.600;13.800;18;3;0
2003;110;18;16;11;12.000;2.000;7.000;5.000;6.667;12.250;7.200;12.600;18;3;0
2003;110;21;17;8;4.000;10.000;5.000;10.000;9.833;14.458;11.800;14.600;18;3;1
2003;110;22;6;1;7.000;8.000;3.000;16.000;16.000;7.625;5.200;6.600;18;3;0
2003;110;23;3;6;9.000;8.000;4.000;16.000;10.833;8.727;11.800;6.000;18;3;0
2003;110;30;6;7;8.000;8.000;3.000;16.000;2.273;7.707;3.000;8.600;18;3;0
2003;110;31;3;9;6.000;8.000;4.000;16.000;10.500;8.676;7.200;6.600;18;3;0
2003;110;35;16;13;11.000;3.000;7.000;5.000;10.000;12.222;11.800;11.600;18;3;0
2003;110;49;15;14;10.000;7.000;6.000;8.000;12.000;14.238;13.600;11.600;18;3;0
2003;110;50;18;19;17.000;0.000;10.000;0.000;16.000;14.654;14.600;14.200;18;3;0
2003;111;2;15;11;13.000;1.000;6.000;8.000;12.000;10.650;11.800;9.600;21;4;0
2003;111;4;4;8;4.000;17.000;3.000;26.000;20.000;11.286;9.000;4.800;21;4;0
2003;111;8;1;6;1.000;32.000;1.000;51.000;17.000;8.091;5.200;5.200;21;4;1
2003;111;14;1;12;2.000;19.000;1.000;51.000;5.750;7.956;8.800;5.400;21;4;0
2003;111;15;4;16;9.000;9.000;3.000;26.000;14.500;10.933;7.400;5.000;21;4;0
2003;111;17;19;5;15.000;0.000;9.000;0.000;11.000;12.000;14.200;13.600;21;4;0
2003;111;18;16;9;12.000;3.000;7.000;6.000;12.333;11.500;8.600;10.800;21;4;0
2003;111;21;17;17;7.000;10.000;5.000;10.000;13.143;14.042;10.400;13.400;21;4;0
2003;111;22;6;3;5.000;14.000;2.000;32.000;12.200;9.239;7.200;7.400;21;4;1
2003;111;23;3;2;6.000;13.000;4.000;23.000;10.333;10.200;9.200;8.000;21;4;0
2003;111;30;6;1;3.000;18.000;2.000;32.000;7.273;9.106;5.400;7.200;21;4;1
2003;111;31;3;4;8.000;10.000;4.000;23.000;9.000;10.065;7.400;8.400;21;4;0
2003;111;35;16;7;11.000;3.000;7.000;6.000;11.143;11.111;11.200;10.600;21;4;0
2003;111;44;7;10;14.000;0.000;8.000;0.000;10.875;16.667;15.400;13.400;21;4;0
2003;111;49;15;14;10.000;7.000;6.000;8.000;10.889;10.619;10.600;10.400;21;4;0
2003;111;50;18;20;18.000;0.000;10.000;0.000;17.000;15.886;13.800;15.200;21;4;0
2003;112;2;15;14;15.000;1.000;6.000;8.000;8.667;11.000;12.000;11.000;4;5;0
2003;112;4;4;3;3.000;25.000;3.000;34.000;13.000;11.000;6.000;7.000;4;5;1
2003;112;8;1;20;1.000;32.000;1.000;51.000;13.000;7.958;2.200;6.200;4;5;0
2003;112;14;1;8;5.000;19.000;1.000;51.000;8.000;8.440;9.200;6.600;4;5;0
2003;112;15;4;4;9.000;9.000;3.000;34.000;9.333;8.000;9.000;6.400;4;5;0
2003;112;17;19;12;14.000;2.000;9.000;2.000;20.000;16.000;13.600;13.800;4;5;0
2003;112;18;16;5;13.000;3.000;7.000;6.000;14.667;9.875;8.600;13.200;4;5;0
2003;112;21;17;17;8.000;10.000;5.000;11.000;13.429;12.917;12.000;12.200;4;5;0
2003;112;22;6;2;4.000;20.000;2.000;48.000;12.700;8.333;7.600;7.000;4;5;1
2003;112;23;3;7;6.000;17.000;4.000;32.000;11.167;8.500;6.800;9.000;4;5;0
2003;112;30;6;1;2.000;28.000;2.000;48.000;2.667;8.120;5.200;6.400;4;5;1
2003;112;31;3;9;7.000;15.000;4.000;32.000;2.000;8.360;8.000;7.600;4;5;0
2003;112;35;16;11;11.000;3.000;7.000;6.000;7.571;9.778;14.000;11.000;4;5;0
2003;112;44;7;6;17.000;0.000;8.000;3.000;10.875;7.667;14.800;10.800;4;5;0
2003;112;49;15;10;10.000;7.000;6.000;8.000;11.111;10.950;8.800;11.200;4;5;0
2003;112;50;18;19;18.000;0.000;10.000;0.000;12.000;16.250;14.000;16.800;4;5;0
2003;113;2;15;4;15.000;1.000;7.000;8.000;13.333;10.583;12.600;10.200;70;6;0
2003;113;4;4;19;4.000;25.000;3.000;35.000;15.000;10.647;4.200;9.400;70;6;0
2003;113;8;1;2;1.000;40.000;2.000;63.000;12.000;9.173;5.600;9.400;70;6;1
2003;113;14;1;14;5.000;23.000;2.000;63.000;2.500;9.038;8.800;9.000;70;6;0
2003;113;15;4;6;9.000;10.000;3.000;35.000;14.000;10.944;9.800;11.000;70;6;0
2003;113;17;19;17;12.000;4.000;8.000;4.000;12.000;12.500;13.000;14.400;70;6;0
2003;113;18;16;7;10.000;8.000;6.000;11.000;8.000;11.625;9.200;12.000;70;6;0
2003;113;21;17;9;8.000;10.000;5.000;11.000;13.000;11.250;12.000;14.200;70;6;0
2003;113;22;6;5;3.000;26.000;1.000;64.000;9.333;8.444;7.800;4.400;70;6;1
2003;113;23;3;10;6.000;20.000;4.000;35.000;11.500;11.588;5.600;7.000;70;6;0
2003;113;30;6;1;2.000;38.000;1.000;64.000;6.400;8.326;5.200;2.200;70;6;1
2003;113;31;3;3;7.000;15.000;4.000;35.000;8.500;11.429;8.000;5.200;70;6;0
2003;113;35;16;12;13.000;3.000;6.000;11.000;8.167;10.778;14.400;11.600;70;6;0
2003;113;44;7;11;18.000;0.000;9.000;3.000;13.500;9.000;14.200;10.200;70;6;0
2003;113;49;15;15;11.000;7.000;7.000;8.000;12.667;10.923;9.200;12.200;70;6;0
2003;113;50;18;20;19.000;0.000;10.000;0.000;12.250;14.882;13.400;15.800;70;6;0
2003;114;2;15;14;15.000;1.000;7.000;8.000;12.667;12.750;12.600;14.200;6;7;0
2003;114;4;4;8;3.000;29.000;4.000;42.000;13.000;12.647;6.000;11.400;6;7;0
2003;114;8;1;2;1.000;48.000;1.000;73.000;14.500;10.061;5.400;9.600;6;7;1
2003;114;14;1;6;6.000;25.000;1.000;73.000;10.250;9.940;9.600;9.000;6;7;0
2003;114;15;4;4;8.000;13.000;4.000;42.000;12.167;12.222;10.400;9.800;6;7;0
2003;114;17;19;9;12.000;4.000;8.000;4.000;11.000;8.833;11.000;11.200;6;7;0
2003;114;18;16;20;10.000;8.000;6.000;11.000;14.667;13.625;8.000;12.400;6;7;0
2003;114;21;17;12;9.000;10.000;5.000;11.000;8.000;14.292;12.400;12.600;6;7;0
2003;114;22;6;7;4.000;27.000;2.000;71.000;10.200;7.678;4.400;1.800;6;7;0
2003;114;23;3;1;7.000;25.000;3.000;50.000;11.500;10.080;5.200;7.800;6;7;0
2003;114;30;6;5;2.000;44.000;2.000;71.000;6.364;7.681;4.600;3.200;6;7;1
2003;114;31;3;3;5.000;25.000;3.000;50.000;19.000;9.961;11.000;7.200;6;7;1
2003;114;35;16;11;14.000;3.000;6.000;11.000;10.571;14.333;15.000;12.400;6;7;0
2003;114;44;7;17;17.000;0.000;9.000;3.000;11.000;14.667;15.000;11.400;6;7;0
2003;114;49;15;15;11.000;7.000;7.000;8.000;11.111;12.667;12.000;14.200;6;7;0
2003;114;50;18;18;19.000;0.000;10.000;0.000;14.600;16.485;15.000;14.800;6;7;0
2003;115;2;15;12;16.000;1.000;7.000;8.000;17.333;13.750;13.200;16.000;7;8;0
2003;115;4;4;4;3.000;34.000;4.000;47.000;19.000;13.875;6.400;10.600;7;8;0
2003;115;8;1;20;2.000;51.000;2.000;76.000;4.000;10.146;5.600;6.400;7;8;0
2003;115;14;1;11;7.000;25.000;2.000;76.000;9.000;10.061;7.400;4.400;7;8;0
2003;115;15;4;8;8.000;13.000;4.000;47.000;13.500;13.294;10.600;7.800;7;8;0
2003;115;17;19;6;12.000;6.000;8.000;6.000;11.000;16.667;11.200;14.000;7;8;0
2003;115;18;16;17;10.000;8.000;6.000;11.000;14.667;14.125;10.600;13.400;7;8;0
2003;115;21;17;16;9.000;10.000;5.000;11.000;6.429;11.833;10.600;11.000;7;8;0
2003;115;22;6;5;6.000;31.000;1.000;85.000;10.900;9.170;5.600;3.200;7;8;0
2003;115;23;3;1;4.000;33.000;3.000;64.000;10.333;10.367;5.200;6.400;7;8;1
2003;115;30;6;3;1.000;54.000;1.000;85.000;3.909;9.083;4.000;4.000;7;8;1
2003;115;31;3;2;5.000;31.000;3.000;64.000;16.000;10.200;8.800;6.000;7;8;1
2003;115;35;16;14;14.000;3.000;6.000;11.000;13.714;14.000;13.800;12.600;7;8;0
2003;115;44;7;7;15.000;1.000;9.000;4.000;10.375;15.667;14.200;12.200;7;8;0
2003;115;49;15;10;11.000;7.000;7.000;8.000;15.500;13.810;14.000;16.000;7;8;0
2003;115;50;18;15;19.000;0.000;10.000;0.000;11.750;14.576;15.600;14.800;7;8;0
2003;116;2;15;20;15.000;2.000;7.000;9.000;12.000;13.250;12.200;17.000;20;9;0
2003;116;4;4;8;5.000;39.000;4.000;52.000;14.000;14.429;6.600;7.800;20;9;0
2003;116;8;1;1;2.000;51.000;3.000;76.000;6.500;10.333;6.400;6.800;20;9;0
2003;116;14;1;9;7.000;25.000;3.000;76.000;8.250;10.595;9.400;9.800;20;9;0
2003;116;15;4;6;8.000;13.000;4.000;52.000;14.200;13.125;12.200;7.000;20;9;0
2003;116;17;19;11;11.000;9.000;8.000;9.000;15.000;11.833;10.800;12.200;20;9;0
2003;116;18;16;12;10.000;10.000;5.000;13.000;9.333;12.125;10.800;15.600;20;9;0
2003;116;21;17;13;9.000;10.000;6.000;11.000;13.000;15.312;13.800;13.600;20;9;0
2003;116;22;6;5;6.000;37.000;1.000;95.000;5.750;8.366;4.400;3.600;20;9;1
2003;116;23;3;3;3.000;43.000;2.000;82.000;11.667;9.455;4.200;5.400;20;9;1
2003;116;30;6;2;1.000;58.000;1.000;95.000;3.857;8.309;1.400;4.000;20;9;0
2003;116;31;3;4;4.000;39.000;2.000;82.000;11.000;9.087;6.400;2.200;20;9;1
2003;116;35;16;17;14.000;3.000;5.000;13.000;8.000;11.556;16.400;14.600;20;9;0
2003;116;44;7;7;16.000;1.000;9.000;4.000;13.857;15.667;12.400;11.400;20;9;0
2003;116;49;15;15;12.000;7.000;7.000;9.000;14.250;12.941;17.000;14.600;20;9;0
2003;116;50;18;18;19.000;0.000;10.000;0.000;14.800;13.824;14.800;13.000;20;9;0
2003;117;2;15;15;16.000;2.000;8.000;9.000;8.333;11.800;11.800;14.200;8;10;0
2003;117;4;4;7;6.000;39.000;4.000;52.000;17.000;9.500;6.200;9.600;8;10;0
2003;117;8;1;4;2.000;56.000;3.000;85.000;4.500;9.708;10.000;12.400;8;10;0
2003;117;14;1;5;7.000;29.000;3.000;85.000;6.125;9.480;11.400;11.800;8;10;0
2003;117;15;4;6;8.000;13.000;4.000;52.000;10.000;12.333;13.200;12.000;8;10;0
2003;117;17;19;9;9.000;12.000;6.000;12.000;8.000;14.500;8.800;10.200;8;10;0
2003;117;18;16;14;11.000;10.000;5.000;13.000;10.000;14.125;10.600;14.000;8;10;0
2003;117;21;17;17;10.000;10.000;7.000;11.000;13.143;12.375;13.200;14.000;8;10;0
2003;117;22;6;8;5.000;39.000;1.000;103.000;9.300;8.417;4.400;3.400;8;10;0
2003;117;23;3;1;3.000;53.000;2.000;100.000;6.333;5.083;3.600;1.800;8;10;1
2003;117;30;6;3;1.000;64.000;1.000;103.000;6.545;8.360;2.200;4.200;8;10;1
2003;117;31;3;2;4.000;47.000;2.000;100.000;11.500;4.920;5.400;1.800;8;10;1
2003;117;35;16;12;13.000;3.000;5.000;13.000;9.429;14.778;15.800;15.200;8;10;0
2003;117;44;7;10;15.000;2.000;9.000;5.000;11.571;12.333;14.400;13.000;8;10;0
2003;117;49;15;16;12.000;7.000;8.000;9.000;9.000;11.857;16.600;13.000;8;10;0
2003;117;50;18;19;19.000;0.000;10.000;0.000;17.667;15.625;14.000;12.600;8;10;0
2003;118;2;15;16;16.000;2.000;8.000;9.000;10.000;10.500;12.400;12.400;9;11;0
2003;118;4;4;8;6.000;39.000;4.000;55.000;16.000;13.636;9.400;14.600;9;11;0
2003;118;8;1;3;2.000;62.000;3.000;95.000;9.500;9.887;6.800;11.600;9;11;1
2003;118;14;1;12;7.000;33.000;3.000;95.000;7.000;9.759;9.200;9.400;9;11;0
2003;118;15;4;2;8.000;16.000;4.000;55.000;12.333;14.000;13.000;15.000;9;11;0
2003;118;17;19;11;9.000;12.000;6.000;12.000;20.000;12.333;8.600;8.400;9;11;0
2003;118;18;16;20;10.000;11.000;5.000;14.000;10.667;13.625;12.800;14.400;9;11;0
2003;118;21;17;15;11.000;10.000;7.000;11.000;8.143;11.958;14.400;15.000;9;11;0
2003;118;22;6;1;5.000;49.000;1.000;118.000;9.400;9.930;5.200;3.800;9;11;1
2003;118;23;3;4;4.000;53.000;2.000;108.000;7.167;9.439;2.800;1.800;9;11;0
2003;118;30;6;5;1.000;69.000;1.000;118.000;9.455;9.828;2.600;3.800;9;11;0
2003;118;31;3;7;3.000;55.000;2.000;108.000;3.500;9.429;5.000;3.000;9;11;1
2003;118;35;16;9;14.000;3.000;5.000;14.000;8.000;13.000;14.200;12.200;9;11;0
2003;118;44;7;13;15.000;2.000;9.000;7.000;11.429;15.667;13.200;12.200;9;11;0
2003;118;49;15;14;12.000;7.000;8.000;9.000;12.111;10.810;16.000;11.800;9;11;0
2003;118;50;18;19;19.000;0.000;10.000;0.000;13.000;15.219;14.800;13.800;9;11;0
2003;119;2;15;15;16.000;2.000;9.000;9.000;13.000;13.350;12.800;12.600;10;12;0
2003;119;4;4;8;6.000;44.000;4.000;66.000;10.000;12.933;9.800;15.400;10;12;0
2003;119;8;1;5;3.000;62.000;3.000;103.000;14.000;9.827;7.000;6.400;10;12;0
2003;119;14;1;10;7.000;41.000;3.000;103.000;7.333;10.000;9.200;7.200;10;12;1
2003;119;15;4;4;8.000;22.000;4.000;66.000;11.500;12.375;12.600;12.600;10;12;1
2003;119;17;19;11;10.000;12.000;7.000;12.000;19.000;17.167;10.000;12.000;10;12;0
2003;119;18;16;17;9.000;12.000;5.000;15.000;8.667;12.375;13.600;12.800;10;12;0
2003;119;21;17;13;11.000;10.000;8.000;11.000;12.167;11.750;15.400;15.400;10;12;0
2003;119;22;6;3;5.000;49.000;1.000;120.000;11.800;9.692;4.800;4.000;10;12;0
2003;119;23;3;2;4.000;53.000;2.000;118.000;4.333;8.792;3.400;3.200;10;12;0
2003;119;30;6;6;1.000;71.000;1.000;120.000;6.500;9.849;3.200;6.600;10;12;0
2003;119;31;3;1;2.000;65.000;2.000;118.000;8.000;8.939;2.000;6.000;10;12;1
2003;119;35;16;13;15.000;3.000;5.000;15.000;9.714;11.889;13.800;11.000;10;12;0
2003;119;44;7;7;14.000;6.000;6.000;14.000;9.714;11.000;11.800;8.600;10;12;0
2003;119;49;15;14;13.000;7.000;9.000;9.000;12.875;13.190;14.400;12.800;10;12;0
2003;119;50;18;19;19.000;0.000;10.000;0.000;14.333;17.606;14.000;14.800;10;12;0
2003;120;2;15;11;16.000;2.000;9.000;9.000;12.000;12.150;12.600;13.600;11;13;0
2003;120;4;4;1;5.000;54.000;4.000;78.000;18.000;13.000;9.600;9.600;11;13;1
2003;120;8;1;7;3.000;70.000;3.000;115.000;5.500;8.706;10.400;6.800;11;13;1
2003;120;14;1;9;7.000;45.000;3.000;115.000;6.889;8.514;8.200;6.200;11;13;0
2003;120;15;4;6;8.000;24.000;4.000;78.000;10.833;9.000;12.000;6.400;11;13;0
2003;120;17;19;3;9.000;15.000;6.000;15.000;16.000;15.167;8.800;14.000;11;13;0
2003;120;18;16;14;10.000;12.000;5.000;15.000;15.333;14.250;11.200;8.800;11;13;0
2003;120;21;17;13;11.000;10.000;8.000;11.000;13.833;11.583;16.000;16.000;11;13;0
2003;120;22;6;5;6.000;49.000;2.000;121.000;11.300;10.353;6.800;6.600;11;13;0
2003;120;23;3;2;4.000;58.000;1.000;129.000;5.833;6.412;5.800;6.000;11;13;0
2003;120;30;6;8;1.000;72.000;2.000;121.000;6.300;10.600;4.000;9.800;11;13;0
2003;120;31;3;4;2.000;71.000;1.000;129.000;9.500;6.343;2.000;6.400;11;13;1
2003;120;35;16;16;15.000;3.000;5.000;15.000;9.143;13.778;12.800;9.000;11;13;0
2003;120;44;7;10;14.000;6.000;7.000;14.000;9.571;13.333;10.200;8.000;11;13;0
2003;120;49;15;17;13.000;7.000;9.000;9.000;10.250;12.000;14.000;13.000;11;13;0
2003;120;50;18;18;19.000;0.000;10.000;0.000;12.167;16.471;13.600;14.200;11;13;0
2003;121;2;15;16;17.000;2.000;9.000;9.000;11.333;12.100;11.400;12.400;14;14;0
2003;121;4;4;20;6.000;55.000;4.000;79.000;13.000;12.062;9.000;4.200;14;14;0
2003;121;8;1;4;3.000;75.000;3.000;120.000;11.000;10.768;9.600;6.600;14;14;0
2003;121;14;1;8;7.000;45.000;3.000;120.000;12.667;10.671;6.400;6.400;14;14;0
2003;121;15;4;6;8.000;24.000;4.000;79.000;14.000;11.824;10.200;4.600;14;14;0
2003;121;17;19;11;9.000;17.000;6.000;17.000;16.000;13.833;8.600;13.400;14;14;0
2003;121;18;16;7;10.000;12.000;5.000;18.000;13.667;9.375;10.600;11.400;14;14;0
2003;121;21;17;13;11.000;10.000;8.000;11.000;10.333;12.667;16.200;16.000;14;14;0
2003;121;22;6;3;5.000;55.000;2.000;137.000;9.300;9.363;9.600;11.200;14;14;1
2003;121;30;6;1;1.000;82.000;2.000;137.000;5.500;9.323;5.400;11.000;14;14;1
2003;121;31;3;2;2.000;79.000;1.000;141.000;7.500;9.551;2.000;5.200;14;14;1
2003;121;35;16;10;15.000;6.000;5.000;18.000;9.143;10.222;13.000;12.800;14;14;0
2003;121;44;7;9;14.000;6.000;7.000;14.000;13.143;16.000;12.000;11.400;14;14;0
2003;121;48;3;5;16.000;4.000;1.000;141.000;15.500;9.400;13.600;5.200;14;14;0
2003;121;49;15;14;13.000;7.000;9.000;9.000;10.375;11.952;12.800;11.800;14;14;0
2003;121;50;18;17;20.000;0.000;10.000;0.000;14.500;16.829;14.200;13.400;14;14;0
2003;122;2;15;13;14.000;6.000;5.000;19.000;8.000;13.000;11.600;12.400;19;15;0
2003;122;4;4;6;6.000;55.000;4.000;84.000;20.000;6.500;9.800;7.800;19;15;0
2003;122;8;1;1;2.000;83.000;3.000;128.000;19.500;8.000;6.400;5.400;19;15;1
2003;122;14;1;8;7.000;45.000;3.000;128.000;3.667;7.143;6.200;5.400;19;15;0
2003;122;15;4;10;8.000;29.000;4.000;84.000;10.333;9.333;10.600;10.200;19;15;0
2003;122;17;19;14;9.000;17.000;7.000;18.000;19.000;10.833;8.800;12.400;19;15;0
2003;122;18;16;11;12.000;12.000;6.000;18.000;12.667;9.167;12.600;12.400;19;15;0
2003;122;21;17;17;11.000;12.000;9.000;13.000;10.667;9.000;15.800;15.000;19;15;0
2003;122;22;6;2;5.000;55.000;1.000;147.000;6.000;7.714;9.600;7.600;19;15;0
2003;122;23;3;5;4.000;58.000;2.000;144.000;17.000;15.667;6.200;3.000;19;15;0
2003;122;30;6;7;1.000;92.000;1.000;147.000;1.667;9.250;4.600;10.200;19;15;1
2003;122;31;3;4;3.000;82.000;2.000;144.000;11.000;16.143;2.000;6.600;19;15;0
2003;122;35;16;12;16.000;6.000;6.000;18.000;8.667;10.143;10.800;13.800;19;15;0
2003;122;44;7;3;15.000;6.000;8.000;14.000;11.500;12.667;11.200;14.000;19;15;0
2003;122;49;15;15;10.000;13.000;5.000;19.000;8.667;11.857;13.600;10.000;19;15;1
2003;122;50;18;19;21.000;0.000;10.000;0.000;17.500;17.167;14.600;13.000;19;15;0
2003;123;2;15;11;14.000;6.000;6.000;19.000;11.333;11.600;10.000;8.800;22;16;0
2003;123;4;4;5;6.000;55.000;4.000;88.000;11.000;10.000;9.200;10.800;22;16;0
2003;123;8;1;8;2.000;91.000;3.000;142.000;12.000;7.125;6.000;7.800;22;16;1
2003;123;11;16;13;18.000;3.000;5.000;26.000;5.000;11.375;9.800;14.200;22;16;0
2003;123;14;1;7;7.000;51.000;3.000;142.000;9.500;6.970;8.000;7.200;22;16;1
2003;123;15;4;20;8.000;33.000;4.000;88.000;13.600;12.667;8.000;13.000;22;16;0
2003;123;17;19;6;10.000;17.000;7.000;18.000;10.000;12.333;11.200;13.400;22;16;0
2003;123;18;16;9;9.000;17.000;5.000;26.000;6.000;10.778;11.800;11.400;22;16;0
2003;123;21;17;16;12.000;12.000;9.000;13.000;12.167;11.750;13.400;11.400;22;16;0
2003;123;22;6;1;4.000;65.000;1.000;158.000;10.400;8.938;12.200;6.600;22;16;1
2003;123;23;3;19;5.000;58.000;2.000;144.000;11.333;8.656;9.800;7.000;22;16;0
2003;123;30;6;14;1.000;93.000;1.000;158.000;7.000;8.697;4.200;5.200;22;16;0
2003;123;31;3;2;3.000;82.000;2.000;144.000;3.000;8.758;2.800;8.800;22;16;0
2003;123;44;7;4;15.000;6.000;8.000;16.000;12.625;11.667;13.000;13.200;22;16;0
2003;123;49;15;12;11.000;13.000;6.000;19.000;7.875;11.476;11.800;7.800;22;16;0
2003;123;50;18;17;22.000;0.000;10.000;0.000;15.800;15.656;13.400;12.400;22;16;0
2004;90;4;4;5;3.000;6.000;3.000;8.000;9.500;11.500;9.200;12.400;1;1;1
2004;90;11;16;7;9.000;0.000;4.000;3.000;13.000;11.400;9.000;8.800;1;1;0
2004;90;14;1;12;8.000;1.000;5.000;1.000;8.500;9.000;7.600;8.200;1;1;0
2004;90;15;4;9;7.000;2.000;3.000;8.000;12.143;9.800;7.800;9.000;1;1;0
2004;90;18;16;4;6.000;3.000;4.000;3.000;13.750;11.182;11.000;9.400;1;1;0
2004;90;21;15;14;10.000;0.000;6.000;0.000;11.375;12.353;13.000;10.200;1;1;0
2004;90;22;6;2;2.000;8.000;1.000;18.000;11.625;7.188;12.200;6.200;1;1;1
2004;90;23;3;8;4.000;5.000;2.000;9.000;12.143;8.312;12.000;12.400;1;1;0
2004;90;30;6;1;1.000;10.000;1.000;18.000;5.875;6.882;5.000;6.400;1;1;1
2004;90;31;3;3;5.000;4.000;2.000;9.000;6.333;8.059;6.400;12.200;1;1;0
2004;90;43;7;13;12.000;0.000;8.000;0.000;18.000;15.000;10.200;11.600;1;1;0
2004;90;44;7;18;13.000;0.000;8.000;0.000;11.143;14.400;12.800;11.000;1;1;0
2004;91;4;4;19;5.000;8.000;3.000;14.000;8.000;8.500;9.000;7.400;2;2;0
2004;91;11;16;20;11.000;0.000;4.000;9.000;9.000;14.400;8.600;7.400;2;2;0
2004;91;13;15;11;9.000;1.000;6.000;1.000;6.000;11.700;14.600;11.200;2;2;0
2004;91;14;1;9;8.000;4.000;5.000;4.000;11.800;9.818;8.800;10.000;2;2;0
2004;91;15;4;8;6.000;6.000;3.000;14.000;13.800;8.200;8.600;8.000;2;2;0
2004;91;18;16;6;4.000;9.000;4.000;9.000;10.000;14.455;10.600;8.000;2;2;1
2004;91;21;15;12;12.000;0.000;6.000;1.000;13.400;11.364;12.400;12.200;2;2;0
2004;91;22;6;3;2.000;13.000;1.000;33.000;5.200;3.500;9.000;2.600;2;2;0
2004;91;23;3;7;7.000;5.000;2.000;17.000;8.600;10.400;11.000;9.400;2;2;0
2004;91;30;6;1;1.000;20.000;1.000;33.000;2.600;3.545;3.800;3.200;2;2;1
2004;91;31;3;4;3.000;12.000;2.000;17.000;11.000;11.182;7.200;12.000;2;2;1
2004;91;43;7;10;10.000;0.000;7.000;0.000;11.000;11.750;11.400;11.800;2;2;0
2004;91;44;7;14;14.000;0.000;7.000;0.000;19.750;11.200;14.400;10.200;2;2;0
2004;93;2;17;16;20.000;0.000;9.000;0.000;11.500;14.192;12.600;15.200;21;4;0
2004;93;4;4;6;5.000;16.000;2.000;31.000;14.000;11.062;9.800;5.800;21;4;0
2004;93;8;1;20;12.000;1.000;5.000;5.000;12.000;7.891;12.200;13.800;21;4;0
2004;93;11;16;7;8.000;4.000;3.000;27.000;20.000;12.000;8.000;6.400;21;4;0
2004;93;13;15;12;10.000;1.000;6.000;1.000;8.000;10.636;14.200;10.400;21;4;0
2004;93;14;1;11;9.000;4.000;5.000;5.000;5.667;7.894;9.800;13.800;21;4;0
2004;93;15;4;9;6.000;15.000;2.000;31.000;14.286;10.647;5.000;5.200;21;4;0
2004;93;17;19;8;11.000;1.000;7.000;1.000;13.500;12.750;15.000;12.600;21;4;0
2004;93;18;16;1;3.000;23.000;3.000;27.000;11.250;12.364;6.400;8.400;21;4;1
2004;93;21;15;18;13.000;0.000;6.000;1.000;13.375;10.609;11.200;10.400;21;4;0
2004;93;22;6;4;2.000;24.000;1.000;64.000;11.364;8.938;5.800;1.800;21;4;0
2004;93;23;3;5;7.000;9.000;4.000;27.000;9.429;10.000;12.200;9.200;21;4;0
2004;93;30;6;2;1.000;40.000;1.000;64.000;6.750;8.878;2.400;2.800;21;4;1
2004;93;31;3;3;4.000;18.000;4.000;27.000;8.333;9.938;9.200;9.600;21;4;1
2004;93;43;7;10;14.000;0.000;8.000;0.000;12.000;14.750;9.400;10.600;21;4;0
2004;93;44;7;13;15.000;0.000;8.000;0.000;10.667;15.400;12.200;11.600;21;4;0
2004;94;2;17;15;20.000;0.000;9.000;0.000;9.000;12.731;15.000;16.200;4;5;0
2004;94;4;4;8;4.000;21.000;2.000;42.000;7.500;10.500;7.600;4.800;4;5;0
2004;94;8;1;13;12.000;1.000;5.000;5.000;15.333;8.731;13.400;12.800;4;5;0
2004;94;11;16;3;8.000;8.000;3.000;32.000;16.000;10.500;10.200;5.800;4;5;0
2004;94;13;15;17;11.000;1.000;6.000;3.000;5.000;11.143;12.800;10.600;4;5;0
2004;94;14;1;10;9.000;4.000;5.000;5.000;8.800;8.815;9.400;13.800;4;5;0
2004;94;15;4;4;5.000;21.000;2.000;42.000;10.571;9.200;5.200;4.600;4;5;1
2004;94;17;19;9;13.000;1.000;7.000;1.000;14.000;15.250;14.000;11.800;4;5;0
2004;94;18;16;14;3.000;24.000;3.000;32.000;13.250;10.000;3.600;6.200;4;5;0
2004;94;21;15;12;10.000;2.000;6.000;3.000;13.375;11.045;11.600;10.200;4;5;0
2004;94;22;6;5;2.000;32.000;1.000;82.000;11.818;7.846;3.000;2.200;4;5;1
2004;94;23;3;6;7.000;12.000;4.000;30.000;10.286;8.192;9.800;6.400;4;5;0
2004;94;30;6;1;1.000;50.000;1.000;82.000;2.538;7.630;2.400;2.400;4;5;1
2004;94;31;3;2;6.000;18.000;4.000;30.000;2.667;8.111;8.600;7.200;4;5;0
2004;94;43;7;11;14.000;0.000;8.000;0.000;6.000;9.250;11.200;12.000;4;5;0
2004;94;44;7;7;15.000;0.000;8.000;0.000;11.222;10.000;11.000;12.200;4;5;0
2004;95;2;17;17;13.000;2.000;8.000;2.000;12.250;14.038;16.800;17.000;6;6;0
2004;95;4;4;3;6.000;21.000;2.000;52.000;9.000;11.895;4.800;4.000;6;6;0
2004;95;8;1;5;15.000;1.000;6.000;5.000;10.333;9.897;15.200;11.800;6;6;0
2004;95;11;16;7;8.000;8.000;3.000;40.000;20.000;14.300;10.000;6.800;6;6;0
2004;95;13;15;16;9.000;5.000;5.000;7.000;14.000;12.955;10.800;9.200;6;6;0
2004;95;14;1;8;10.000;4.000;6.000;5.000;9.889;9.942;10.800;10.800;6;6;0
2004;95;15;4;1;4.000;31.000;2.000;52.000;11.286;11.900;4.800;5.600;6;6;1
2004;95;17;19;11;16.000;1.000;9.000;1.000;14.000;11.000;14.200;13.800;6;6;0
2004;95;18;16;2;3.000;32.000;3.000;40.000;16.000;14.545;4.400;9.600;6;6;1
2004;95;21;15;10;12.000;2.000;5.000;7.000;8.250;12.609;9.600;8.000;6;6;0
2004;95;22;6;6;2.000;38.000;1.000;88.000;10.000;7.641;3.200;2.200;6;6;1
2004;95;23;3;12;7.000;12.000;4.000;35.000;10.429;9.788;8.600;8.800;6;6;0
2004;95;30;6;4;1.000;50.000;1.000;88.000;6.083;7.602;1.000;2.600;6;6;0
2004;95;31;3;9;5.000;23.000;4.000;35.000;13.000;9.792;7.600;8.200;6;6;0
2004;95;43;7;15;11.000;3.000;7.000;4.000;9.000;14.250;12.400;13.600;6;6;0
2004;95;44;7;13;14.000;1.000;7.000;4.000;11.222;12.600;12.400;13.000;6;6;0
2004;96;2;17;13;14.000;2.000;9.000;2.000;10.667;14.889;15.000;14.800;20;7;0
2004;96;4;4;6;5.000;25.000;2.000;61.000;9.000;13.667;6.600;5.000;20;7;0
2004;96;8;1;4;16.000;1.000;6.000;5.000;11.000;10.711;13.800;12.800;20;7;0
2004;96;11;16;2;8.000;8.000;3.000;46.000;16.000;12.100;11.600;6.800;20;7;0
2004;96;13;15;16;9.000;5.000;5.000;10.000;6.000;12.722;8.800;9.800;20;7;0
2004;96;14;1;18;11.000;4.000;6.000;5.000;9.000;10.897;12.800;14.000;20;7;0
2004;96;15;4;3;4.000;36.000;2.000;61.000;14.833;12.800;3.600;5.000;20;7;0
2004;96;17;19;14;13.000;3.000;8.000;3.000;10.500;10.875;13.800;15.600;20;7;0
2004;96;18;16;5;3.000;38.000;3.000;46.000;8.750;12.455;3.600;9.600;20;7;1
2004;96;21;15;19;10.000;5.000;5.000;10.000;12.875;12.526;11.400;9.800;20;7;0
2004;96;22;6;7;2.000;46.000;1.000;106.000;5.444;8.274;3.400;3.600;20;7;1
2004;96;23;3;9;7.000;12.000;4.000;36.000;10.143;8.792;9.800;7.600;20;7;0
2004;96;30;6;1;1.000;60.000;1.000;106.000;4.000;8.208;3.000;3.800;20;7;1
2004;96;31;3;8;6.000;24.000;4.000;36.000;8.000;9.200;7.400;10.800;20;7;0
2004;96;43;7;11;12.000;3.000;7.000;4.000;16.000;16.500;11.200;11.000;20;7;0
2004;96;44;7;10;15.000;1.000;7.000;4.000;14.500;17.200;11.400;12.800;20;7;0
2004;97;2;17;15;14.000;3.000;7.000;5.000;16.750;12.269;13.400;11.800;7;8;0
2004;97;4;4;5;5.000;25.000;2.000;61.000;11.500;13.444;6.200;5.000;7;8;0
2004;97;8;1;8;12.000;5.000;6.000;12.000;4.667;10.140;14.000;15.200;7;8;0
2004;97;11;16;20;9.000;8.000;3.000;52.000;10.000;14.500;11.800;9.200;7;8;0
2004;97;13;15;17;11.000;5.000;5.000;15.000;9.000;14.091;9.000;9.200;7;8;0
2004;97;14;1;9;10.000;7.000;6.000;12.000;9.500;10.039;15.000;14.200;7;8;0
2004;97;15;4;3;4.000;36.000;2.000;61.000;13.857;13.421;3.400;7.000;7;8;0
2004;97;17;19;14;15.000;3.000;9.000;3.000;9.000;14.625;11.200;14.200;7;8;0
2004;97;18;16;2;3.000;44.000;3.000;52.000;14.250;14.273;3.600;10.000;7;8;1
2004;97;21;15;11;8.000;10.000;5.000;15.000;7.750;13.957;10.400;10.000;7;8;0
2004;97;22;6;7;2.000;54.000;1.000;124.000;10.364;8.918;3.000;3.600;7;8;1
2004;97;23;3;1;7.000;12.000;4.000;36.000;9.143;10.059;9.800;11.200;7;8;0
2004;97;30;6;6;1.000;70.000;1.000;124.000;3.667;8.780;3.000;3.800;7;8;1
2004;97;31;3;4;6.000;24.000;4.000;36.000;11.667;10.192;8.600;11.600;7;8;0
2004;97;43;7;12;13.000;3.000;8.000;4.000;11.000;13.750;13.400;12.400;7;8;0
2004;97;44;7;13;17.000;1.000;8.000;4.000;10.111;14.800;11.200;12.800;7;8;0
2004;98;2;17;16;15.000;3.000;8.000;5.000;7.250;9.250;12.000;10.600;19;9;0
2004;98;4;4;9;5.000;25.000;2.000;66.000;18.000;8.000;7.600;7.800;19;9;0
2004;98;8;1;7;11.000;8.000;5.000;17.000;13.667;8.000;11.000;12.800;19;9;0
2004;98;11;16;3;7.000;14.000;3.000;58.000;11.000;10.375;13.200;7.200;19;9;1
2004;98;14;1;12;10.000;9.000;5.000;17.000;6.250;7.778;12.600;10.400;19;9;0
2004;98;15;4;20;4.000;41.000;2.000;66.000;8.750;9.600;5.800;10.800;19;9;0
2004;98;17;19;10;16.000;3.000;9.000;3.000;18.500;11.375;12.600;12.600;19;9;0
2004;98;18;16;4;3.000;44.000;3.000;58.000;13.500;9.556;3.600;7.400;19;9;0
2004;98;21;15;14;9.000;10.000;6.000;15.000;9.750;11.556;9.000;9.600;19;9;0
2004;98;22;6;1;2.000;62.000;1.000;142.000;9.500;8.333;3.000;3.400;19;9;1
2004;98;23;3;6;8.000;12.000;4.000;36.000;17.500;14.875;11.800;13.200;19;9;0
2004;98;30;6;2;1.000;80.000;1.000;142.000;1.500;7.700;3.000;1.600;19;9;1
2004;98;31;3;5;6.000;24.000;4.000;36.000;9.333;14.889;9.600;15.400;19;9;0
2004;98;43;7;11;14.000;3.000;7.000;8.000;9.000;13.750;15.200;15.600;19;9;0
2004;98;44;7;8;13.000;5.000;7.000;8.000;13.333;13.800;13.400;16.800;19;9;0
2004;99;2;17;17;16.000;3.000;8.000;5.000;9.500;12.731;11.000;11.800;8;10;0
2004;99;4;4;1;5.000;33.000;2.000;79.000;17.500;13.500;10.000;10.600;8;10;1
2004;99;8;1;9;11.000;10.000;5.000;22.000;4.333;9.308;10.600;8.200;8;10;0
2004;99;11;16;7;7.000;14.000;3.000;62.000;18.000;14.200;10.600;6.800;8;10;0
2004;99;13;15;16;12.000;5.000;6.000;15.000;14.000;11.864;10.400;9.600;8;10;0
2004;99;14;1;3;9.000;12.000;5.000;22.000;6.000;9.222;11.600;6.200;8;10;0
2004;99;15;4;5;4.000;46.000;2.000;79.000;11.000;11.200;5.600;10.200;8;10;0
2004;99;17;19;12;15.000;3.000;9.000;3.000;7.000;12.875;12.000;12.600;8;10;0
2004;99;18;16;4;3.000;48.000;3.000;62.000;12.500;14.727;5.800;10.200;8;10;0
2004;99;21;15;15;10.000;10.000;6.000;15.000;13.875;11.913;9.000;11.000;8;10;0
2004;99;22;6;10;2.000;68.000;1.000;158.000;9.091;8.154;2.200;1.400;8;10;1
2004;99;30;6;2;1.000;90.000;1.000;158.000;6.250;7.963;3.000;1.800;8;10;1
2004;99;31;3;6;6.000;25.000;4.000;37.000;8.333;4.808;11.200;13.800;8;10;0
2004;99;43;7;11;14.000;3.000;7.000;8.000;11.000;11.250;14.400;13.800;8;10;0
2004;99;44;7;14;13.000;5.000;7.000;8.000;11.125;11.800;12.200;14.400;8;10;0
2004;99;48;3;8;20.000;0.000;4.000;37.000;16.000;4.926;11.800;13.800;8;10;0
2004;100;2;17;15;16.000;3.000;8.000;5.000;11.750;12.269;10.600;14.200;9;11;0
2004;100;4;4;16;5.000;33.000;2.000;79.000;17.000;13.385;9.600;8.400;9;11;0
2004;100;8;1;1;7.000;18.000;5.000;32.000;7.333;9.673;9.800;6.400;9;11;1
2004;100;11;16;8;8.000;14.000;3.000;67.000;13.000;12.700;13.600;8.800;9;11;0
2004;100;13;15;10;12.000;5.000;6.000;18.000;9.000;10.864;11.200;11.200;9;11;0
2004;100;14;1;6;9.000;14.000;5.000;32.000;6.800;9.536;10.800;5.600;9;11;0
2004;100;15;4;5;4.000;46.000;2.000;79.000;11.429;13.143;5.800;7.200;9;11;0
2004;100;17;19;9;14.000;4.000;9.000;4.000;17.000;13.500;11.400;11.200;9;11;0
2004;100;18;16;3;3.000;53.000;3.000;67.000;10.000;12.545;5.200;10.400;9;11;0
2004;100;21;15;20;10.000;13.000;6.000;18.000;9.500;10.783;10.000;12.200;9;11;0
2004;100;22;6;2;2.000;74.000;1.000;174.000;8.636;9.761;2.400;1.600;9;11;1
2004;100;30;6;4;1.000;100.000;1.000;174.000;9.000;9.685;3.000;2.000;9;11;1
2004;100;31;3;7;6.000;29.000;4.000;41.000;3.000;9.256;9.800;12.400;9;11;0
2004;100;43;7;12;15.000;3.000;7.000;8.000;7.000;14.500;14.600;13.600;9;11;0
2004;100;44;7;17;13.000;5.000;7.000;8.000;11.375;14.200;11.800;12.200;9;11;0
2004;100;48;3;11;20.000;0.000;4.000;41.000;14.500;9.159;12.000;9.800;9;11;0
2004;101;2;17;18;16.000;3.000;9.000;5.000;12.250;12.115;12.200;16.800;10;12;0
2004;101;4;4;5;5.000;39.000;2.000;85.000;7.000;11.824;9.200;7.600;10;12;1
2004;101;8;1;3;8.000;18.000;5.000;37.000;15.667;9.852;7.600;5.800;10;12;0
2004;101;11;16;8;9.000;15.000;3.000;76.000;8.000;11.600;12.400;10.600;10;12;0
2004;101;13;15;16;13.000;5.000;6.000;18.000;7.000;13.364;12.000;9.800;10;12;0
2004;101;14;1;4;7.000;19.000;5.000;37.000;6.800;10.036;8.600;8.400;10;12;0
2004;101;15;4;6;4.000;46.000;2.000;85.000;10.286;11.333;9.200;7.400;10;12;0
2004;101;17;19;11;12.000;7.000;8.000;7.000;15.000;16.125;9.800;11.800;10;12;0
2004;101;18;16;13;3.000;61.000;3.000;76.000;8.500;11.273;5.600;9.600;10;12;1
2004;101;21;15;14;10.000;13.000;6.000;18.000;12.286;13.348;7.400;10.600;10;12;0
2004;101;22;6;7;2.000;74.000;1.000;184.000;12.364;9.796;2.400;1.800;10;12;0
2004;101;30;6;1;1.000;110.000;1.000;184.000;6.545;9.836;1.000;4.000;10;12;1
2004;101;31;3;2;6.000;33.000;4.000;47.000;5.667;8.780;10.000;9.200;10;12;0
2004;101;43;7;15;15.000;3.000;7.000;8.000;6.000;9.500;16.000;13.400;10;12;0
2004;101;44;7;9;14.000;5.000;7.000;8.000;9.125;11.400;14.200;16.200;10;12;0
2004;102;2;17;16;17.000;3.000;9.000;5.000;11.250;12.000;13.800;16.400;11;13;0
2004;102;4;4;5;5.000;45.000;2.000;91.000;9.500;8.500;8.800;9.200;11;13;1
2004;102;8;1;10;8.000;18.000;5.000;37.000;4.333;8.417;8.000;7.800;11;13;0
2004;102;11;16;3;9.000;18.000;3.000;83.000;10.000;14.400;10.800;6.000;11;13;0
2004;102;13;15;20;13.000;5.000;6.000;19.000;7.000;12.091;12.800;9.800;11;13;0
2004;102;14;1;12;7.000;19.000;5.000;37.000;6.700;8.730;6.000;10.600;11;13;0
2004;102;15;4;9;4.000;46.000;2.000;91.000;10.286;7.400;10.600;9.000;11;13;0
2004;102;17;19;11;12.000;7.000;8.000;7.000;11.000;14.000;9.600;9.800;11;13;0
2004;102;18;16;4;3.000;65.000;3.000;83.000;14.000;13.636;5.400;6.200;11;13;0
2004;102;21;15;8;10.000;14.000;6.000;19.000;14.429;12.391;8.000;11.200;11;13;0
2004;102;22;6;2;2.000;82.000;1.000;202.000;12.000;10.528;4.400;3.600;11;13;1
2004;102;30;6;1;1.000;120.000;1.000;202.000;6.455;10.297;1.000;3.800;11;13;1
2004;102;31;3;7;6.000;38.000;4.000;54.000;7.333;6.250;9.400;7.800;11;13;0
2004;102;44;7;13;14.000;5.000;7.000;8.000;10.500;15.000;14.800;16.800;11;13;0
2004;102;47;18;18;19.000;1.000;10.000;1.000;16.000;16.189;14.400;16.400;11;13;0
2004;103;2;17;16;18.000;3.000;9.000;5.000;16.000;12.625;14.600;15.600;13;14;0
2004;103;4;4;3;5.000;45.000;2.000;91.000;20.000;10.500;6.800;10.400;13;14;0
2004;103;8;1;10;7.000;28.000;5.000;49.000;17.500;7.595;11.000;12.000;13;14;1
2004;103;11;16;15;9.000;18.000;3.000;83.000;11.000;11.500;9.600;5.000;13;14;0
2004;103;13;15;8;12.000;10.000;6.000;28.000;15.000;13.200;14.400;11.000;13;14;0
2004;103;14;1;4;8.000;21.000;5.000;49.000;8.222;7.421;6.600;10.800;13;14;0
2004;103;15;4;1;4.000;46.000;2.000;91.000;14.333;11.286;10.800;10.000;13;14;0
2004;103;17;19;7;13.000;7.000;7.000;10.000;20.000;12.500;8.600;10.600;13;14;0
2004;103;18;16;12;3.000;65.000;3.000;83.000;13.000;12.222;5.800;7.800;13;14;0
2004;103;21;15;5;10.000;18.000;6.000;28.000;9.833;12.762;8.800;10.600;13;14;0
2004;103;22;6;6;2.000;88.000;1.000;216.000;13.700;9.990;4.400;3.400;13;14;1
2004;103;30;6;2;1.000;128.000;1.000;216.000;5.455;9.921;1.000;3.800;13;14;1
2004;103;31;3;11;6.000;38.000;4.000;54.000;9.500;8.026;6.600;7.000;13;14;0
2004;103;41;7;20;22.000;0.000;8.000;9.000;15.500;8.000;13.800;16.400;13;14;0
2004;103;44;7;9;14.000;6.000;8.000;9.000;13.000;8.667;13.000;14.400;13;14;0
2004;104;2;17;20;18.000;3.000;9.000;5.000;10.750;12.500;14.400;14.800;14;15;0
2004;104;4;4;4;5.000;45.000;3.000;91.000;10.500;12.278;6.800;11.200;14;15;0
2004;104;8;1;7;7.000;28.000;5.000;52.000;8.667;10.718;10.000;8.200;14;15;0
2004;104;11;16;5;9.000;23.000;2.000;94.000;12.000;9.800;12.600;9.000;14;15;0
2004;104;13;15;16;12.000;10.000;6.000;29.000;17.000;12.000;11.600;9.000;14;15;0
2004;104;14;1;10;8.000;24.000;5.000;52.000;12.800;10.833;6.600;11.200;14;15;0
2004;104;15;4;9;4.000;46.000;3.000;91.000;14.857;12.474;11.800;12.200;14;15;0
2004;104;17;19;12;13.000;7.000;7.000;10.000;11.500;13.625;10.000;11.200;14;15;0
2004;104;18;16;6;3.000;71.000;2.000;94.000;14.500;9.273;6.000;9.400;14;15;1
2004;104;21;15;15;10.000;19.000;6.000;29.000;10.286;12.000;8.000;9.600;14;15;0
2004;104;22;6;1;2.000;98.000;1.000;234.000;8.727;9.272;4.600;1.800;14;15;1
2004;104;30;6;3;1.000;136.000;1.000;234.000;5.091;9.221;1.200;1.800;14;15;1
2004;104;31;3;2;6.000;42.000;4.000;60.000;5.667;9.314;6.800;8.600;14;15;0
2004;104;41;7;11;21.000;0.000;8.000;9.000;11.500;15.750;14.000;12.200;14;15;0
2004;104;44;7;13;14.000;6.000;8.000;9.000;13.375;14.800;13.600;11.600;14;15;0
2004;104;47;18;19;20.000;1.000;10.000;1.000;11.000;16.711;16.800;16.200;14;15;0
2004;106;2;17;16;18.000;3.000;9.000;5.000;10.750;12.038;13.600;15.800;22;17;0
2004;106;4;4;11;4.000;54.000;3.000;100.000;14.500;10.750;8.400;10.000;22;17;0
2004;106;8;1;12;7.000;37.000;5.000;61.000;8.667;6.853;12.600;8.800;22;17;0
2004;106;11;16;4;8.000;31.000;2.000;116.000;5.500;10.100;8.400;5.800;22;17;0
2004;106;13;15;19;12.000;11.000;6.000;33.000;19.000;11.818;11.200;8.000;22;17;0
2004;106;14;1;8;9.000;24.000;5.000;61.000;8.778;6.829;7.000;8.600;22;17;0
2004;106;15;7;6;6.000;46.000;8.000;9.000;12.167;11.250;13.000;14.400;22;17;0
2004;106;17;19;3;13.000;7.000;7.000;10.000;10.500;12.250;10.400;11.600;22;17;0
2004;106;18;16;5;3.000;85.000;2.000;116.000;5.500;9.545;5.200;3.800;22;17;1
2004;106;21;15;7;10.000;22.000;6.000;33.000;12.857;11.696;7.400;8.800;22;17;0
2004;106;22;6;15;2.000;108.000;1.000;254.000;9.545;8.676;3.800;3.600;22;17;0
2004;106;23;3;2;11.000;20.000;4.000;74.000;11.429;9.088;15.800;9.600;22;17;1
2004;106;30;6;1;1.000;146.000;1.000;254.000;7.077;8.971;3.600;7.000;22;17;1
2004;106;31;3;13;5.000;48.000;4.000;74.000;8.667;8.886;6.200;7.400;22;17;0
2004;106;35;4;9;21.000;0.000;3.000;100.000;10.857;9.600;11.600;9.200;22;17;0
2004;106;44;7;10;14.000;6.000;8.000;9.000;12.333;11.200;13.400;15.000;22;17;0
2004;107;2;17;16;18.000;3.000;9.000;5.000;14.000;14.077;12.600;14.600;18;18;0
2004;107;4;4;8;4.000;59.000;3.000;105.000;11.000;9.625;8.800;8.000;18;18;0
2004;107;8;1;3;7.000;45.000;5.000;69.000;8.667;8.791;9.800;8.400;18;18;1
2004;107;11;16;6;8.000;34.000;2.000;119.000;9.000;11.600;7.600;3.600;18;18;0
2004;107;13;15;4;12.000;12.000;6.000;34.000;16.000;13.818;10.400;8.000;18;18;0
2004;107;14;1;12;10.000;24.000;5.000;69.000;7.333;8.636;9.800;7.600;18;18;0
2004;107;15;7;9;6.000;46.000;8.000;9.000;11.857;12.500;11.600;15.600;18;18;0
2004;107;17;19;11;13.000;7.000;7.000;10.000;10.000;12.625;13.200;15.000;18;18;0
2004;107;18;16;5;3.000;85.000;2.000;119.000;8.000;11.091;5.400;4.200;18;18;0
2004;107;21;15;10;11.000;22.000;6.000;34.000;8.571;13.565;7.200;8.000;18;18;0
2004;107;22;6;1;2.000;114.000;1.000;262.000;15.545;7.857;5.200;7.000;18;18;1
2004;107;23;3;7;9.000;24.000;4.000;88.000;10.286;8.857;14.200;7.800;18;18;0
2004;107;30;6;18;1.000;148.000;1.000;262.000;3.250;7.744;3.600;7.200;18;18;0
2004;107;31;3;2;5.000;58.000;4.000;88.000;12.000;8.750;6.600;7.400;18;18;1
2004;107;35;4;13;21.000;0.000;3.000;105.000;9.500;9.000;11.800;6.800;18;18;0
2004;107;41;7;14;22.000;0.000;8.000;9.000;15.500;12.400;15.600;14.000;18;18;0
2005;71;2;3;7;19.000;0.000;4.000;4.000;12.600;7.889;14.000;4.000;1;1;0
2005;71;4;4;13;3.000;6.000;1.000;16.000;7.333;9.333;9.000;8.000;1;1;1
2005;71;8;1;10;8.000;1.000;5.000;4.000;8.000;8.944;6.200;9.200;1;1;0
2005;71;11;16;20;17.000;0.000;10.000;0.000;11.000;10.750;7.600;7.000;1;1;0
2005;71;13;15;18;10.000;0.000;7.000;0.000;16.500;12.222;8.200;8.200;1;1;0
2005;71;15;7;2;9.000;0.000;6.000;0.000;11.500;14.167;11.800;12.800;1;1;0
2005;71;17;3;3;5.000;4.000;4.000;4.000;13.333;8.474;14.800;6.800;1;1;0
2005;71;18;16;8;16.000;0.000;10.000;0.000;12.200;11.000;8.400;9.400;1;1;0
2005;71;21;4;1;1.000;10.000;1.000;16.000;11.222;8.429;7.400;6.400;1;1;1
2005;71;22;6;11;2.000;8.000;2.000;8.000;10.556;6.556;5.400;8.400;1;1;1
2005;71;23;7;15;11.000;0.000;6.000;0.000;11.125;13.429;11.400;11.800;1;1;0
2005;71;30;6;19;18.000;0.000;2.000;8.000;5.333;6.316;4.800;6.400;1;1;0
2005;71;31;1;9;6.000;3.000;5.000;4.000;6.000;8.895;6.000;9.000;1;1;0
2005;71;32;9;6;7.000;2.000;3.000;7.000;11.000;4.000;13.000;4.000;1;1;0
2005;71;35;15;4;12.000;0.000;7.000;0.000;10.875;12.105;9.800;8.800;1;1;0
2005;72;2;3;10;7.000;6.000;5.000;10.000;13.800;10.417;15.600;7.400;2;2;1
2005;72;4;4;1;1.000;16.000;1.000;26.000;7.667;7.667;6.400;5.600;2;2;1
2005;72;8;1;6;12.000;1.000;6.000;9.000;14.500;9.500;7.600;9.000;2;2;0
2005;72;13;15;14;13.000;0.000;7.000;0.000;7.000;11.333;9.400;9.600;2;2;0
2005;72;15;7;2;3.000;8.000;2.000;12.000;12.333;11.333;10.200;12.000;2;2;1
2005;72;17;3;4;9.000;4.000;5.000;10.000;17.000;9.846;12.400;6.600;2;2;0
2005;72;18;16;9;19.000;0.000;10.000;0.000;8.600;13.500;7.800;10.800;2;2;0
2005;72;21;4;3;2.000;10.000;1.000;26.000;13.000;6.714;6.600;3.800;2;2;0
2005;72;22;6;12;4.000;8.000;4.000;10.000;5.000;3.333;5.200;6.200;2;2;0
2005;72;23;7;5;8.000;4.000;2.000;12.000;10.333;10.000;10.400;9.600;2;2;0
2005;72;30;6;13;11.000;2.000;4.000;10.000;2.333;4.154;8.000;8.800;2;2;0
2005;72;31;1;11;6.000;8.000;6.000;9.000;8.750;9.462;4.800;7.200;2;2;0
2005;72;32;9;7;10.000;3.000;3.000;11.000;10.000;6.000;13.200;5.667;2;2;0
2005;72;35;15;16;16.000;0.000;7.000;0.000;12.200;11.231;11.200;10.000;2;2;0
2005;73;2;3;4;10.000;6.000;4.000;13.000;15.000;10.000;13.400;8.800;3;3;0
2005;73;4;4;1;1.000;26.000;1.000;36.000;6.000;5.000;3.400;6.000;3;3;1
2005;73;8;1;9;8.000;7.000;3.000;19.000;20.000;19.000;5.600;7.600;3;3;1
2005;73;11;16;13;21.000;0.000;10.000;0.000;5.000;4.000;6.800;16.400;3;3;0
2005;73;13;15;12;13.000;2.000;7.000;2.000;12.000;11.500;9.000;11.800;3;3;0
2005;73;15;7;3;2.000;16.000;2.000;25.000;4.000;9.500;8.800;8.200;3;3;1
2005;73;17;3;5;9.000;7.000;4.000;13.000;8.000;12.000;13.800;11.800;3;3;0
2005;73;18;16;11;20.000;0.000;10.000;0.000;3.000;7.667;10.800;15.400;3;3;0
2005;73;21;4;10;3.000;10.000;1.000;36.000;11.000;3.667;8.000;4.200;3;3;0
2005;73;22;6;20;6.000;8.000;6.000;10.000;2.000;1.500;7.800;9.600;3;3;0
2005;73;23;7;6;4.000;9.000;2.000;25.000;7.000;7.000;8.400;6.000;3;3;0
2005;73;30;6;2;14.000;2.000;6.000;10.000;1.000;4.000;9.000;10.000;3;3;0
2005;73;32;9;7;12.000;3.000;5.000;12.000;14.000;8.000;12.200;6.600;3;3;0
2005;74;2;3;8;5.000;9.000;5.000;18.000;12.600;9.796;14.000;9.200;21;4;0
2005;74;4;4;2;1.000;36.000;1.000;46.000;10.667;10.333;2.800;7.200;21;4;1
2005;74;8;1;1;11.000;7.000;3.000;25.000;11.000;7.979;5.600;5.400;21;4;0
2005;74;11;16;6;23.000;0.000;10.000;0.000;18.000;11.500;9.000;15.400;21;4;0
2005;74;13;15;18;16.000;2.000;7.000;7.000;9.000;10.542;8.800;11.600;21;4;0
2005;74;15;7;5;2.000;20.000;2.000;29.000;13.125;14.667;7.200;5.000;21;4;0
2005;74;17;3;4;8.000;9.000;5.000;18.000;13.333;9.720;13.000;9.400;21;4;0
2005;74;18;16;3;22.000;0.000;10.000;0.000;9.400;12.154;13.200;17.200;21;4;0
2005;74;21;4;12;3.000;10.000;1.000;46.000;12.889;9.842;10.200;7.200;21;4;0
2005;74;22;6;9;9.000;8.000;4.000;18.000;10.917;8.720;9.400;13.000;21;4;0
2005;74;23;7;10;6.000;9.000;2.000;29.000;9.125;13.286;5.600;3.600;21;4;0
2005;74;25;1;7;12.000;6.000;3.000;25.000;16.000;8.143;10.800;7.400;21;4;1
2005;74;30;6;13;4.000;10.000;4.000;18.000;6.308;8.843;10.000;12.400;21;4;1
2005;74;35;15;11;13.000;5.000;7.000;7.000;12.250;10.520;12.200;11.000;21;4;0
2005;75;2;3;17;10.000;9.000;4.000;21.000;10.800;8.357;12.600;10.200;4;5;0
2005;75;4;4;3;1.000;44.000;1.000;58.000;6.333;8.167;2.000;10.600;4;5;1
2005;75;8;1;1;3.000;17.000;3.000;37.000;14.250;8.857;7.600;6.200;4;5;1
2005;75;13;15;10;16.000;2.000;7.000;7.000;7.000;10.870;9.000;9.800;4;5;0
2005;75;15;7;5;2.000;26.000;2.000;40.000;9.625;11.167;6.000;5.000;4;5;1
2005;75;17;3;2;6.000;12.000;4.000;21.000;13.333;8.414;10.400;9.000;4;5;0
2005;75;21;4;6;4.000;14.000;1.000;58.000;12.667;7.286;12.200;8.000;4;5;0
2005;75;22;6;16;11.000;8.000;5.000;18.000;11.000;7.393;8.600;10.000;4;5;0
2005;75;23;7;4;5.000;14.000;2.000;40.000;9.750;10.000;7.000;4.600;4;5;0
2005;75;30;6;8;7.000;10.000;5.000;18.000;2.429;7.448;10.200;10.400;4;5;0
2005;75;31;1;7;8.000;10.000;3.000;37.000;5.750;8.586;4.600;5.600;4;5;0
2005;75;35;15;12;13.000;5.000;7.000;7.000;8.750;10.875;11.000;8.600;4;5;0
2005;76;2;3;6;5.000;17.000;4.000;35.000;11.200;9.685;10.800;7.000;6;6;1
2005;76;4;4;2;1.000;49.000;1.000;63.000;10.000;11.381;1.600;8.800;6;6;0
2005;76;8;1;1;2.000;27.000;2.000;51.000;11.000;10.057;7.400;6.400;6;6;1
2005;76;13;15;11;16.000;2.000;7.000;7.000;9.500;12.875;9.600;10.000;6;6;0
2005;76;15;7;5;3.000;26.000;3.000;43.000;10.000;11.833;4.200;5.000;6;6;0
2005;76;17;3;3;4.000;18.000;4.000;35.000;14.667;9.545;8.000;6.200;6;6;1
2005;76;21;4;4;7.000;14.000;1.000;63.000;9.444;11.045;11.400;6.000;6;6;0
2005;76;22;6;10;11.000;9.000;5.000;21.000;9.417;7.630;9.800;11.600;6;6;0
2005;76;23;7;18;6.000;17.000;3.000;43.000;10.375;11.571;6.800;6.200;6;6;0
2005;76;30;6;8;9.000;12.000;5.000;21.000;6.462;7.633;11.800;9.800;6;6;0
2005;76;31;1;16;8.000;14.000;2.000;51.000;10.750;9.930;5.000;5.600;6;6;0
2005;76;35;15;9;13.000;5.000;7.000;7.000;11.000;12.720;11.800;9.600;6;6;0
2005;77;2;3;1;4.000;25.000;4.000;43.000;10.500;9.154;7.400;5.600;20;7;1
2005;77;4;4;6;1.000;59.000;1.000;76.000;7.667;12.000;1.800;8.200;20;7;1
2005;77;8;1;2;2.000;27.000;2.000;53.000;12.750;11.050;6.000;3.400;20;7;0
2005;77;11;16;16;22.000;0.000;9.000;0.000;16.000;11.667;11.800;17.400;20;7;0
2005;77;13;15;11;16.000;2.000;7.000;7.000;7.500;12.200;9.400;9.800;20;7;0
2005;77;15;7;4;3.000;27.000;3.000;44.000;13.286;16.167;4.400;6.400;20;7;0
2005;77;17;3;3;5.000;18.000;4.000;43.000;9.333;8.889;7.600;4.600;20;7;0
2005;77;18;16;13;19.000;0.000;9.000;0.000;7.600;11.692;16.400;16.000;20;7;0
2005;77;21;4;9;6.000;17.000;1.000;76.000;12.111;11.083;13.600;4.800;20;7;0
2005;77;22;6;7;10.000;15.000;5.000;31.000;5.100;8.134;11.000;8.200;20;7;1
2005;77;23;7;8;7.000;17.000;3.000;44.000;11.250;15.000;5.600;6.200;20;7;0
2005;77;30;6;10;8.000;16.000;5.000;31.000;3.667;8.082;9.600;8.400;20;7;0
2005;77;31;1;5;9.000;16.000;2.000;53.000;8.000;11.049;4.600;5.000;20;7;0
2005;77;35;15;15;13.000;5.000;7.000;7.000;9.125;12.286;11.400;11.800;20;7;0
2005;78;2;3;13;4.000;25.000;3.000;47.000;15.000;10.340;7.200;6.600;7;8;0
2005;78;4;4;3;1.000;59.000;1.000;76.000;12.000;13.550;1.800;5.600;7;8;0
2005;78;8;1;7;2.000;37.000;2.000;63.000;4.750;9.962;6.400;6.200;7;8;1
2005;78;11;16;6;23.000;0.000;9.000;0.000;11.000;13.333;13.400;15.000;7;8;0
2005;78;13;15;11;12.000;7.000;7.000;12.000;10.000;13.542;10.200;12.200;7;8;0
2005;78;15;7;9;3.000;27.000;4.000;47.000;14.125;15.667;5.600;9.400;7;8;0
2005;78;17;3;14;6.000;22.000;3.000;47.000;11.000;10.407;8.400;8.200;7;8;0
2005;78;18;16;1;19.000;0.000;9.000;0.000;12.000;13.462;14.400;15.200;7;8;0
2005;78;21;4;4;9.000;17.000;1.000;76.000;7.333;13.714;11.800;8.000;7;8;0
2005;78;22;6;20;7.000;21.000;5.000;45.000;9.667;8.627;8.800;7.600;7;8;1
2005;78;23;7;10;8.000;20.000;4.000;47.000;10.125;15.143;8.400;11.000;7;8;0
2005;78;30;6;2;5.000;24.000;5.000;45.000;3.462;8.519;9.200;5.200;7;8;1
2005;78;31;1;5;11.000;16.000;2.000;63.000;13.250;9.792;5.800;5.000;7;8;0
2005;78;32;9;16;16.000;4.000;6.000;22.000;9.000;7.000;12.200;10.400;7;8;0
2005;78;35;15;8;14.000;5.000;7.000;12.000;14.375;13.160;10.600;10.200;7;8;0
2005;79;2;3;15;6.000;25.000;4.000;47.000;8.200;14.500;6.800;8.800;19;9;0
2005;79;4;4;6;1.000;59.000;1.000;76.000;17.333;8.667;5.000;10.800;19;9;0
2005;79;8;1;2;2.000;37.000;2.000;63.000;11.750;7.700;6.000;8.800;19;9;0
2005;79;11;16;8;23.000;0.000;10.000;0.000;7.000;9.900;15.200;13.800;19;9;0
2005;79;13;15;10;12.000;7.000;7.000;12.000;18.000;11.300;9.600;10.200;19;9;0
2005;79;15;7;1;5.000;27.000;5.000;47.000;7.800;12.333;7.600;10.200;19;9;0
2005;79;17;3;9;7.000;22.000;4.000;47.000;15.667;14.909;8.200;12.000;19;9;0
2005;79;18;16;3;22.000;0.000;10.000;0.000;13.400;10.091;14.800;12.400;19;9;0
2005;79;21;4;4;9.000;17.000;1.000;76.000;9.600;9.000;11.800;10.600;19;9;0
2005;79;22;6;7;4.000;29.000;3.000;63.000;8.000;7.091;7.600;4.000;19;9;1
2005;79;30;6;5;3.000;34.000;3.000;63.000;1.400;6.667;6.200;3.000;19;9;1
2005;79;31;1;11;11.000;16.000;2.000;63.000;9.750;7.727;8.600;9.400;19;9;0
2005;79;32;9;14;19.000;4.000;6.000;22.000;17.000;20.000;11.400;9.600;19;9;0
2005;79;35;15;12;15.000;5.000;7.000;12.000;9.500;11.545;10.200;10.800;19;9;0
2005;79;41;7;13;24.000;0.000;5.000;47.000;6.000;11.571;14.200;10.400;19;9;0
2005;80;2;3;14;6.000;25.000;5.000;47.000;10.800;5.107;9.400;14.200;8;10;0
2005;80;4;4;1;1.000;69.000;1.000;89.000;12.333;10.000;7.000;12.400;8;10;1
2005;80;8;1;13;2.000;45.000;2.000;71.000;5.000;9.107;4.400;10.200;8;10;1
2005;80;11;16;4;23.000;0.000;10.000;5.000;19.000;13.917;14.800;11.800;8;10;0
2005;80;13;15;9;12.000;7.000;7.000;13.000;13.500;11.917;10.400;11.200;8;10;0
2005;80;15;7;2;4.000;31.000;4.000;53.000;10.125;12.333;8.000;12.200;8;10;0
2005;80;17;3;12;7.000;22.000;5.000;47.000;7.667;5.414;9.400;13.000;8;10;0
2005;80;18;16;7;16.000;5.000;10.000;5.000;11.000;13.692;13.000;12.000;8;10;0
2005;80;21;4;6;9.000;20.000;1.000;89.000;13.667;8.714;10.200;11.400;8;10;0
2005;80;22;6;5;5.000;29.000;3.000;69.000;8.583;7.714;5.000;2.600;8;10;0
2005;80;23;7;11;8.000;22.000;4.000;53.000;5.571;11.286;8.800;9.400;8;10;0
2005;80;30;6;3;3.000;40.000;3.000;69.000;5.846;7.759;6.000;3.400;8;10;1
2005;80;31;1;8;11.000;16.000;2.000;71.000;8.250;8.862;10.800;9.200;8;10;0
2005;80;32;9;16;20.000;4.000;6.000;22.000;11.000;10.000;12.200;12.600;8;10;0
2005;80;35;15;10;15.000;6.000;7.000;13.000;9.375;12.200;12.600;12.400;8;10;0
2005;81;2;3;14;8.000;25.000;5.000;47.000;12.400;9.222;10.200;12.600;9;11;0
2005;81;4;4;1;1.000;77.000;1.000;102.000;14.667;13.467;6.800;9.200;9;11;1
2005;81;8;1;12;2.000;51.000;2.000;87.000;6.000;9.491;4.600;12.200;9;11;1
2005;81;11;16;7;23.000;0.000;9.000;9.000;12.000;11.833;14.000;9.800;9;11;0
2005;81;13;15;16;13.000;7.000;7.000;13.000;9.000;10.583;12.000;13.200;9;11;0
2005;81;15;7;4;5.000;31.000;4.000;54.000;12.250;15.167;8.400;8.400;9;11;0
2005;81;17;3;11;10.000;22.000;5.000;47.000;14.000;9.283;10.600;14.000;9;11;0
2005;81;18;16;2;12.000;9.000;9.000;9.000;8.800;12.154;11.000;10.400;9;11;0
2005;81;21;4;6;7.000;25.000;1.000;102.000;9.111;12.750;10.400;6.000;9;11;0
2005;81;22;6;5;4.000;31.000;3.000;74.000;8.167;9.589;5.000;3.400;9;11;0
2005;81;23;7;8;9.000;23.000;4.000;54.000;7.429;14.286;8.400;9.000;9;11;0
2005;81;30;6;9;3.000;43.000;3.000;74.000;8.385;9.560;3.600;4.400;9;11;0
2005;81;31;1;3;6.000;26.000;2.000;87.000;3.500;9.379;12.600;8.800;9;11;1
2005;81;32;9;15;20.000;4.000;6.000;22.000;14.000;13.000;14.800;16.200;9;11;0
2005;81;35;15;10;16.000;6.000;7.000;13.000;8.250;10.560;11.400;13.400;9;11;0
2005;82;2;3;7;9.000;25.000;5.000;47.000;13.400;8.673;12.200;12.400;10;12;0
2005;82;4;4;3;1.000;87.000;1.000;117.000;5.667;11.316;6.400;4.600;10;12;1
2005;82;8;1;1;2.000;51.000;2.000;95.000;16.750;9.929;5.000;7.400;10;12;0
2005;82;11;16;8;23.000;0.000;7.000;15.000;8.000;10.500;13.200;9.000;10;12;0
2005;82;13;15;13;13.000;8.000;8.000;14.000;10.000;13.167;12.200;13.400;10;12;0
2005;82;15;7;9;6.000;31.000;4.000;57.000;10.375;11.833;8.200;9.200;10;12;0
2005;82;17;3;6;10.000;22.000;5.000;47.000;12.000;8.717;12.200;12.000;10;12;0
2005;82;18;16;2;12.000;15.000;7.000;15.000;7.200;10.615;8.200;9.600;10;12;1
2005;82;21;4;4;7.000;30.000;1.000;117.000;11.875;10.800;8.800;2.800;10;12;0
2005;82;22;6;15;5.000;31.000;3.000;78.000;12.333;9.679;4.800;5.200;10;12;0
2005;82;23;7;12;8.000;26.000;4.000;57.000;6.000;12.143;9.200;8.600;10;12;0
2005;82;30;6;5;3.000;47.000;3.000;78.000;6.083;9.684;3.400;7.000;10;12;0
2005;82;31;1;20;4.000;34.000;2.000;95.000;5.500;10.105;11.800;8.400;10;12;1
2005;82;32;9;10;20.000;4.000;6.000;24.000;10.000;7.000;16.200;13.000;10;12;0
2005;82;35;15;14;16.000;6.000;8.000;14.000;9.625;12.960;12.000;11.800;10;12;0
2005;83;2;3;12;9.000;28.000;5.000;52.000;11.400;6.211;14.000;13.000;11;13;0
2005;83;4;4;6;1.000;87.000;1.000;117.000;7.333;9.000;6.400;3.400;11;13;0
2005;83;8;1;4;2.000;61.000;2.000;105.000;8.250;8.737;6.800;8.400;11;13;1
2005;83;11;16;10;23.000;1.000;7.000;20.000;8.000;12.917;13.200;8.000;11;13;0
2005;83;13;15;14;13.000;8.000;8.000;14.000;13.000;12.208;11.000;11.000;11;13;0
2005;83;15;7;3;4.000;36.000;4.000;68.000;11.125;14.333;9.400;8.800;11;13;0
2005;83;17;3;16;10.000;24.000;5.000;52.000;10.667;6.205;12.000;11.800;11;13;0
2005;83;18;16;8;11.000;19.000;7.000;20.000;12.200;12.538;6.800;8.800;11;13;0
2005;83;21;4;9;8.000;30.000;1.000;117.000;13.625;9.286;8.400;4.400;11;13;0
2005;83;22;6;7;7.000;31.000;3.000;86.000;11.167;10.053;6.200;6.200;11;13;0
2005;83;23;7;5;6.000;32.000;4.000;68.000;5.571;12.857;9.200;8.200;11;13;1
2005;83;30;6;1;3.000;55.000;3.000;86.000;6.000;10.051;3.400;7.600;11;13;1
2005;83;31;1;2;5.000;34.000;2.000;105.000;6.500;8.538;10.800;5.400;11;13;0
2005;83;32;9;11;20.000;4.000;6.000;24.000;13.000;19.000;14.000;12.600;11;13;0
2005;83;35;15;15;16.000;6.000;8.000;14.000;10.500;12.280;12.400;12.200;11;13;0
2005;85;4;4;2;1.000;103.000;1.000;144.000;12.333;12.350;3.400;6.000;14;15;1
2005;85;8;1;11;2.000;76.000;2.000;136.000;11.250;10.767;5.400;4.800;14;15;0
2005;85;11;16;4;23.000;1.000;7.000;25.000;8.000;8.750;11.200;6.000;14;15;0
2005;85;13;15;15;13.000;8.000;8.000;14.000;14.500;11.833;14.000;15.000;14;15;0
2005;85;15;7;5;5.000;43.000;4.000;78.000;14.250;15.667;7.600;6.200;14;15;0
2005;85;17;3;14;11.000;24.000;5.000;54.000;10.667;9.189;13.800;14.000;14;15;0
2005;85;18;16;3;10.000;24.000;7.000;25.000;12.200;9.308;4.400;8.600;14;15;0
2005;85;21;4;8;6.000;41.000;1.000;144.000;10.000;11.857;5.400;5.600;14;15;1
2005;85;22;6;7;8.000;31.000;3.000;86.000;8.083;9.177;9.200;8.800;14;15;0
2005;85;23;7;9;7.000;35.000;4.000;78.000;7.833;14.143;7.200;6.000;14;15;0
2005;85;30;6;6;3.000;55.000;3.000;86.000;4.833;9.194;6.600;10.200;14;15;0
2005;85;31;1;1;4.000;50.000;2.000;136.000;5.500;10.676;7.800;5.200;14;15;1
2005;85;32;9;13;18.000;5.000;6.000;27.000;13.000;15.000;14.400;13.800;14;15;0
2005;85;35;15;12;16.000;6.000;8.000;14.000;8.750;11.720;12.800;13.800;14;15;0
2005;85;42;3;16;22.000;2.000;5.000;54.000;7.000;9.278;10.800;13.000;14;15;0
2005;86;4;4;4;1.000;111.000;1.000;152.000;19.000;11.000;3.600;4.000;13;16;1
2005;86;8;1;2;2.000;86.000;2.000;146.000;12.000;7.410;5.800;5.200;13;16;1
2005;86;11;16;10;23.000;1.000;6.000;31.000;14.500;12.400;12.200;8.600;13;16;0
2005;86;13;15;7;14.000;8.000;8.000;17.000;9.500;12.409;12.000;13.200;13;16;0
2005;86;15;7;3;5.000;43.000;4.000;80.000;13.571;8.500;7.600;6.400;13;16;0
2005;86;17;3;9;10.000;29.000;5.000;59.000;18.500;8.250;14.200;13.200;13;16;0
2005;86;18;16;8;9.000;30.000;6.000;31.000;13.250;13.000;5.200;11.400;13;16;1
2005;86;21;4;13;6.000;41.000;1.000;152.000;9.143;10.000;4.800;2.600;13;16;0
2005;86;22;6;12;8.000;35.000;3.000;90.000;12.727;9.843;9.800;10.200;13;16;0
2005;86;23;7;5;7.000;37.000;4.000;80.000;6.667;10.000;7.000;9.000;13;16;0
2005;86;30;6;6;3.000;55.000;3.000;90.000;5.167;9.796;8.000;10.800;13;16;0
2005;86;31;1;1;4.000;50.000;2.000;146.000;10.333;7.250;4.800;2.000;13;16;0
2005;86;32;9;16;18.000;5.000;7.000;27.000;6.000;17.000;13.000;12.000;13;16;0
2005;86;35;15;14;13.000;9.000;8.000;17.000;8.286;12.304;13.400;12.000;13;16;0
2005;86;42;3;15;22.000;2.000;5.000;59.000;13.000;8.146;8.200;12.600;13;16;0
2005;87;4;4;1;1.000;117.000;2.000;162.000;8.667;9.100;3.600;6.200;18;17;1
2005;87;8;1;5;2.000;94.000;1.000;164.000;7.000;8.689;5.400;4.600;18;17;1
2005;87;11;16;19;23.000;1.000;6.000;33.000;7.500;11.833;12.800;10.200;18;17;0
2005;87;13;15;8;14.000;8.000;8.000;17.000;12.000;13.375;12.000;9.400;18;17;0
2005;87;15;7;17;6.000;43.000;4.000;81.000;11.875;12.500;9.000;9.200;18;17;0
2005;87;17;3;12;10.000;29.000;5.000;59.000;12.667;8.541;12.800;12.000;18;17;0
2005;87;18;16;4;9.000;32.000;6.000;33.000;10.400;11.692;4.800;11.200;18;17;0
2005;87;21;4;3;5.000;45.000;2.000;162.000;8.625;8.545;8.000;6.000;18;17;0
2005;87;22;6;9;7.000;38.000;3.000;98.000;14.500;7.727;9.400;12.400;18;17;0
2005;87;23;7;10;8.000;38.000;4.000;81.000;9.625;12.571;6.800;9.400;18;17;0
2005;87;30;6;7;4.000;60.000;3.000;98.000;3.538;7.689;10.400;10.200;18;17;0
2005;87;31;1;2;3.000;60.000;1.000;164.000;9.250;8.543;7.400;4.400;18;17;1
2005;87;32;9;6;18.000;5.000;7.000;27.000;14.000;20.000;11.800;14.800;18;17;0
2005;87;35;15;20;13.000;9.000;8.000;17.000;9.556;13.280;11.800;9.400;18;17;0
2005;87;42;3;13;22.000;2.000;5.000;59.000;16.000;8.763;9.800;11.400;18;17;0
2005;88;4;4;16;1.000;123.000;1.000;176.000;11.333;9.667;4.000;6.600;22;18;1
2005;88;8;1;17;2.000;104.000;2.000;174.000;8.000;7.139;1.800;3.800;22;18;1
2005;88;11;16;5;23.000;1.000;6.000;37.000;5.000;9.000;12.400;9.400;22;18;0
2005;88;13;15;10;14.000;8.000;8.000;17.000;14.000;11.542;12.600;10.000;22;18;0
2005;88;15;7;19;6.000;43.000;4.000;82.000;12.000;11.667;8.800;10.000;22;18;0
2005;88;17;3;7;10.000;34.000;5.000;64.000;13.667;8.833;12.400;12.400;22;18;0
2005;88;18;16;2;9.000;36.000;6.000;37.000;5.000;9.846;5.600;11.800;22;18;0
2005;88;21;4;3;5.000;53.000;1.000;176.000;12.250;8.714;8.200;6.600;22;18;1
2005;88;22;6;9;8.000;38.000;3.000;100.000;10.333;8.750;8.600;8.600;22;18;0
2005;88;23;7;1;7.000;39.000;4.000;82.000;10.250;12.571;7.200;12.400;22;18;0
2005;88;30;6;14;3.000;62.000;3.000;100.000;6.643;8.811;10.200;8.800;22;18;0
2005;88;31;1;18;4.000;60.000;2.000;174.000;8.250;6.973;7.200;3.800;22;18;0
2005;88;32;9;4;18.000;5.000;7.000;30.000;12.000;6.000;11.800;12.200;22;18;0
2005;88;35;15;8;13.000;9.000;8.000;17.000;10.750;11.480;11.200;9.800;22;18;0
2005;89;4;4;1;1.000;133.000;1.000;191.000;4.000;7.500;2.400;6.600;17;19;1
2005;89;8;1;3;2.000;112.000;2.000;182.000;3.000;6.000;1.800;7.400;17;19;1
2005;89;11;16;17;23.000;1.000;6.000;38.000;6.000;4.000;14.800;9.000;17;19;0
2005;89;13;15;11;13.000;11.000;8.000;20.000;8.000;7.500;11.800;10.200;17;19;0
2005;89;17;3;10;10.000;36.000;5.000;66.000;10.000;11.500;11.800;14.400;17;19;0
2005;89;18;16;4;9.000;37.000;6.000;38.000;2.000;8.333;5.600;11.800;17;19;0
2005;89;21;4;2;5.000;58.000;1.000;191.000;7.000;5.333;6.800;2.800;17;19;0
2005;89;22;6;8;8.000;38.000;3.000;100.000;1.000;6.500;8.800;9.200;17;19;0
2005;89;23;7;9;6.000;45.000;4.000;88.000;18.000;16.000;8.200;12.400;17;19;1
2005;89;30;6;6;3.000;62.000;3.000;100.000;12.000;8.333;11.200;8.000;17;19;0
2005;89;31;1;5;4.000;60.000;2.000;182.000;5.000;4.667;7.600;5.000;17;19;0
2005;89;32;9;14;15.000;9.000;7.000;34.000;20.000;9.000;9.600;10.600;17;19;0
2005;89;35;15;16;14.000;9.000;8.000;20.000;11.000;7.000;10.400;10.200;17;19;0
2006;53;4;4;4;1.000;10.000;1.000;10.000;3.500;7.250;2.200;3.000;3;1;1
2006;53;8;1;22;3.000;6.000;2.000;10.000;11.500;11.500;2.000;8.400;3;1;1
2006;53;13;6;2;9.000;0.000;3.000;8.000;9.500;7.250;9.200;10.800;3;1;0
2006;53;14;9;13;10.000;0.000;6.000;1.000;13.000;14.000;13.400;7.600;3;1;0
2006;53;15;7;14;16.000;0.000;9.000;0.000;3.000;6.250;13.400;10.400;3;1;0
2006;53;17;3;7;6.000;3.000;5.000;5.000;7.000;9.800;9.200;9.600;3;1;0
2006;53;22;11;6;15.000;0.000;4.000;5.000;5.500;4.000;9.200;9.200;3;1;0
2006;53;23;7;17;14.000;0.000;9.000;0.000;5.500;8.200;6.400;12.000;3;1;0
2006;53;30;6;1;2.000;8.000;3.000;8.000;9.000;7.600;11.800;11.800;3;1;1
2006;53;31;1;5;5.000;4.000;2.000;10.000;13.000;9.800;10.800;8.800;3;1;0
2006;53;32;9;8;8.000;1.000;6.000;1.000;17.000;12.667;9.000;7.800;3;1;0
2006;53;33;13;19;17.000;0.000;10.000;0.000;10.000;20.000;13.000;20.000;3;1;0
2006;54;4;4;7;1.000;18.000;1.000;28.000;6.000;7.750;2.000;5.800;2;2;1
2006;54;8;1;6;6.000;6.000;3.000;15.000;13.400;9.071;1.800;9.600;2;2;0
2006;54;13;6;21;7.000;4.000;2.000;15.000;8.000;4.357;9.200;10.000;2;2;0
2006;54;14;9;19;15.000;0.000;8.000;1.000;10.143;7.000;12.400;8.200;2;2;0
2006;54;15;7;9;13.000;0.000;7.000;1.000;10.857;9.375;15.600;11.200;2;2;0
2006;54;17;3;4;8.000;3.000;5.000;5.000;16.750;11.000;7.600;10.800;2;2;0
2006;54;21;4;1;4.000;10.000;1.000;28.000;13.286;7.111;10.400;5.800;2;2;1
2006;54;22;11;20;14.000;0.000;4.000;11.000;6.286;3.000;9.800;8.400;2;2;0
2006;54;23;7;22;11.000;1.000;7.000;1.000;9.571;9.333;8.000;11.400;2;2;0
2006;54;30;6;14;2.000;11.000;2.000;15.000;3.000;4.400;10.200;9.600;2;2;0
2006;54;31;1;5;5.000;9.000;3.000;15.000;7.800;9.933;11.600;10.200;2;2;0
2006;54;32;9;8;12.000;1.000;8.000;1.000;9.000;11.333;8.000;10.400;2;2;0
2006;54;33;13;16;19.000;0.000;10.000;0.000;12.000;12.000;13.000;17.000;2;2;0
2006;54;35;2;10;10.000;2.000;6.000;2.000;13.000;15.000;12.000;15.667;2;2;0
2006;55;4;4;3;1.000;28.000;1.000;42.000;6.250;7.500;2.000;5.800;1;3;1
2006;55;8;1;4;3.000;14.000;2.000;23.000;8.000;8.750;6.000;10.600;1;3;1
2006;55;13;6;15;10.000;4.000;3.000;15.000;14.333;6.900;8.200;8.400;1;3;0
2006;55;14;9;11;14.000;1.000;8.000;2.000;8.000;5.500;13.000;12.200;1;3;0
2006;55;15;7;9;17.000;0.000;6.000;7.000;11.222;13.250;14.200;10.000;1;3;0
2006;55;17;3;7;11.000;3.000;7.000;5.000;11.250;8.905;10.600;14.800;1;3;0
2006;55;21;4;2;2.000;14.000;1.000;42.000;10.200;6.778;6.600;5.200;1;3;0
2006;55;22;11;16;12.000;2.000;4.000;13.000;9.700;10.000;10.800;8.400;1;3;0
2006;55;23;7;6;7.000;7.000;6.000;7.000;11.222;14.000;8.200;13.400;1;3;1
2006;55;30;6;10;4.000;11.000;3.000;15.000;6.600;7.619;7.800;8.800;1;3;0
2006;55;31;1;5;6.000;9.000;2.000;23.000;6.000;8.429;9.600;7.200;1;3;0
2006;55;32;9;13;15.000;1.000;8.000;2.000;9.000;6.333;9.800;12.800;1;3;0
2006;55;33;13;20;21.000;0.000;10.000;0.000;16.000;11.000;14.000;15.000;1;3;0
2006;55;35;2;19;9.000;5.000;5.000;10.000;11.111;4.000;12.200;11.600;1;3;0
2006;56;4;4;5;1.000;36.000;1.000;51.000;8.250;10.250;1.600;6.000;21;4;1
2006;56;8;1;8;3.000;18.000;2.000;33.000;12.000;8.040;6.000;9.400;21;4;0
2006;56;13;6;4;7.000;9.000;3.000;30.000;9.333;8.712;10.400;10.400;21;4;0
2006;56;14;9;14;14.000;1.000;8.000;2.000;6.727;9.500;10.600;14.600;21;4;0
2006;56;15;7;9;17.000;0.000;7.000;7.000;12.222;12.750;15.600;10.800;21;4;0
2006;56;17;3;10;9.000;6.000;6.000;8.000;11.750;9.692;10.800;18.000;21;4;0
2006;56;21;4;11;4.000;15.000;1.000;51.000;13.400;9.857;6.600;2.200;21;4;0
2006;56;22;11;3;12.000;2.000;4.000;15.000;11.231;7.000;11.000;7.400;21;4;0
2006;56;23;7;6;8.000;7.000;7.000;7.000;9.111;13.667;7.200;12.200;21;4;0
2006;56;30;6;1;2.000;21.000;3.000;30.000;6.000;8.623;10.400;10.800;21;4;1
2006;56;31;1;7;5.000;15.000;2.000;33.000;7.000;7.980;12.200;9.400;21;4;1
2006;56;32;9;17;15.000;1.000;8.000;2.000;14.000;12.000;11.800;16.400;21;4;0
2006;56;33;13;19;21.000;0.000;10.000;0.000;13.000;20.000;13.800;14.600;21;4;0
2006;56;35;2;12;11.000;5.000;5.000;10.000;11.333;13.000;11.000;9.000;21;4;0
2006;57;4;4;1;1.000;44.000;1.000;62.000;6.000;10.692;1.400;3.400;20;5;1
2006;57;8;1;5;3.000;23.000;3.000;38.000;12.400;10.952;6.800;5.600;20;5;0
2006;57;13;6;3;5.000;15.000;2.000;46.000;9.667;8.051;9.200;10.000;20;5;1
2006;57;14;9;12;14.000;1.000;8.000;2.000;9.273;6.500;12.800;16.200;20;5;0
2006;57;15;7;7;16.000;0.000;7.000;7.000;12.625;15.500;16.200;12.200;20;5;0
2006;57;17;3;19;10.000;6.000;6.000;10.000;12.000;9.207;11.200;12.600;20;5;0
2006;57;18;11;6;7.000;13.000;4.000;19.000;8.000;12.000;6.400;8.800;20;5;0
2006;57;21;4;11;4.000;18.000;1.000;62.000;11.500;10.071;7.800;3.600;20;5;0
2006;57;22;11;4;9.000;6.000;4.000;19.000;4.909;13.500;10.800;10.400;20;5;0
2006;57;23;7;10;8.000;7.000;7.000;7.000;12.111;14.778;7.400;12.400;20;5;0
2006;57;30;6;2;2.000;31.000;2.000;46.000;3.800;8.000;9.200;9.400;20;5;1
2006;57;31;1;8;6.000;15.000;3.000;38.000;7.800;10.791;9.000;5.600;20;5;0
2006;57;32;9;15;15.000;1.000;8.000;2.000;12.000;11.333;13.800;16.800;20;5;0
2006;57;33;13;18;20.000;0.000;10.000;0.000;15.000;13.000;14.400;15.400;20;5;0
2006;57;35;2;9;11.000;6.000;5.000;11.000;9.556;10.000;11.000;9.000;20;5;0
2006;58;4;4;1;1.000;54.000;1.000;78.000;5.250;7.000;1.600;4.600;4;6;1
2006;58;8;1;9;3.000;27.000;3.000;42.000;11.600;8.533;7.200;8.200;4;6;0
2006;58;13;6;4;5.000;20.000;2.000;59.000;8.333;7.700;8.600;5.200;4;6;0
2006;58;14;9;21;14.000;1.000;8.000;2.000;8.833;13.000;15.200;19.000;4;6;0
2006;58;15;7;7;16.000;0.000;7.000;7.000;8.889;9.250;15.000;11.200;4;6;0
2006;58;17;3;11;11.000;6.000;6.000;10.000;11.500;8.419;13.800;11.000;4;6;0
2006;58;21;4;2;4.000;24.000;1.000;78.000;11.900;6.333;8.200;3.800;4;6;1
2006;58;22;11;5;8.000;8.000;4.000;24.000;10.846;6.000;9.400;9.200;4;6;0
2006;58;23;7;6;9.000;7.000;7.000;7.000;9.111;9.333;9.600;12.600;4;6;0
2006;58;30;6;3;2.000;39.000;2.000;59.000;3.267;7.581;5.400;2.600;4;6;1
2006;58;31;1;12;7.000;15.000;3.000;42.000;6.000;8.419;8.200;6.400;4;6;0
2006;58;32;9;14;15.000;1.000;8.000;2.000;16.000;13.333;16.600;18.000;4;6;0
2006;58;33;13;17;20.000;0.000;10.000;0.000;12.000;18.000;14.600;16.200;4;6;0
2006;58;35;2;22;12.000;6.000;5.000;12.000;9.333;8.000;10.600;10.200;4;6;0
2006;59;4;4;1;1.000;64.000;1.000;91.000;8.500;11.087;1.600;4.000;6;7;1
2006;59;8;1;3;4.000;27.000;3.000;50.000;9.000;9.861;7.600;9.600;6;7;0
2006;59;13;6;21;6.000;20.000;2.000;63.000;9.333;7.628;7.600;2.200;6;7;0
2006;59;14;9;7;11.000;7.000;8.000;8.000;11.273;16.000;16.000;17.200;6;7;1
2006;59;15;7;6;16.000;0.000;7.000;8.000;10.000;10.875;13.800;12.400;6;7;0
2006;59;17;3;2;12.000;6.000;6.000;10.000;11.750;9.596;14.400;13.200;6;7;0
2006;59;18;11;13;7.000;16.000;4.000;29.000;13.200;11.250;8.800;9.200;6;7;0
2006;59;21;4;9;3.000;27.000;1.000;91.000;9.700;10.667;4.600;2.600;6;7;0
2006;59;22;11;5;8.000;13.000;4.000;29.000;9.308;11.200;7.800;9.400;6;7;0
2006;59;23;7;10;9.000;8.000;7.000;8.000;9.889;11.556;10.800;14.000;6;7;0
2006;59;30;6;22;2.000;43.000;2.000;63.000;6.500;7.639;5.400;3.800;6;7;0
2006;59;31;1;4;5.000;23.000;3.000;50.000;9.600;10.000;11.400;13.000;6;7;1
2006;59;32;9;11;15.000;1.000;8.000;8.000;20.000;11.667;17.600;14.000;6;7;0
2006;59;33;13;17;20.000;0.000;10.000;0.000;13.000;12.000;14.400;14.200;6;7;0
2006;59;35;2;14;13.000;6.000;5.000;14.000;11.000;7.000;9.000;9.000;6;7;0
2006;60;4;4;1;1.000;74.000;1.000;106.000;11.500;12.235;1.400;3.400;9;8;1
2006;60;8;1;2;3.000;33.000;3.000;59.000;5.400;9.237;7.200;12.600;9;8;1
2006;60;13;6;4;6.000;24.000;2.000;75.000;9.333;9.522;8.400;4.200;9;8;0
2006;60;14;9;11;11.000;7.000;8.000;8.000;7.333;14.000;12.600;13.400;9;8;0
2006;60;15;7;22;16.000;0.000;7.000;8.000;11.889;13.500;15.400;13.800;9;8;0
2006;60;17;3;17;13.000;6.000;6.000;10.000;13.250;9.312;14.800;13.800;9;8;0
2006;60;18;11;19;7.000;16.000;4.000;29.000;8.167;12.500;10.400;6.600;9;8;0
2006;60;21;4;5;4.000;32.000;1.000;106.000;8.600;11.611;5.600;2.400;9;8;0
2006;60;22;11;6;8.000;13.000;4.000;29.000;8.077;14.667;6.600;9.400;9;8;0
2006;60;23;7;7;10.000;8.000;7.000;8.000;7.500;13.222;10.800;13.200;9;8;0
2006;60;30;6;3;2.000;51.000;2.000;75.000;8.214;9.473;5.200;5.000;9;8;1
2006;60;31;1;8;5.000;26.000;3.000;59.000;3.000;9.133;11.000;10.200;9;8;0
2006;60;32;9;14;15.000;1.000;8.000;8.000;14.500;13.333;17.600;12.000;9;8;0
2006;60;33;13;16;20.000;0.000;10.000;0.000;17.000;15.000;14.800;15.200;9;8;0
2006;60;35;2;10;12.000;7.000;5.000;17.000;8.889;7.000;10.400;9.600;9;8;0
2006;61;4;4;1;1.000;84.000;1.000;121.000;13.250;13.909;1.400;3.000;7;9;1
2006;61;8;1;3;3.000;39.000;3.000;65.000;4.000;9.981;7.400;10.400;7;9;1
2006;61;13;6;10;5.000;28.000;2.000;87.000;8.000;8.396;5.000;4.600;7;9;0
2006;61;14;9;22;11.000;8.000;8.000;9.000;9.000;7.500;13.400;12.000;7;9;0
2006;61;15;7;4;15.000;3.000;6.000;11.000;13.889;14.000;13.600;15.400;7;9;0
2006;61;17;3;16;13.000;6.000;7.000;10.000;9.500;10.500;15.600;18.400;7;9;0
2006;61;21;4;2;4.000;37.000;1.000;121.000;8.400;13.348;5.400;2.600;7;9;0
2006;61;22;11;9;8.000;13.000;4.000;29.000;9.154;9.000;7.200;10.600;7;9;0
2006;61;23;7;14;10.000;8.000;6.000;11.000;9.667;13.111;14.400;12.600;7;9;0
2006;61;30;6;5;2.000;59.000;2.000;87.000;3.357;8.333;2.200;5.200;7;9;1
2006;61;31;1;7;6.000;26.000;3.000;65.000;14.600;9.855;9.400;6.800;7;9;0
2006;61;32;9;12;16.000;1.000;8.000;9.000;8.500;7.667;16.600;11.000;7;9;0
2006;61;33;13;18;20.000;0.000;10.000;0.000;10.000;20.000;15.000;16.000;7;9;0
2006;61;35;2;11;12.000;7.000;5.000;19.000;13.778;7.000;10.800;8.600;7;9;0
2006;62;4;4;5;1.000;88.000;1.000;131.000;15.750;9.125;1.200;3.200;19;10;0
2006;62;8;1;9;4.000;39.000;3.000;65.000;11.000;8.333;7.000;6.400;19;10;0
2006;62;13;6;2;5.000;36.000;2.000;105.000;16.000;6.231;5.200;3.800;19;10;1
2006;62;14;9;17;10.000;10.000;7.000;11.000;8.667;19.000;11.600;12.600;19;10;0
2006;62;15;7;22;12.000;8.000;6.000;16.000;7.667;12.250;10.600;12.600;19;10;0
2006;62;17;3;12;14.000;6.000;8.000;10.000;15.000;14.308;16.800;14.600;19;10;0
2006;62;21;4;3;3.000;43.000;1.000;131.000;9.667;8.667;4.600;3.000;19;10;1
2006;62;22;11;4;8.000;16.000;4.000;32.000;7.000;15.000;9.000;14.400;19;10;0
2006;62;23;7;8;11.000;8.000;6.000;16.000;17.000;11.333;16.000;11.800;19;10;0
2006;62;30;6;1;2.000;69.000;2.000;105.000;1.333;5.929;2.400;3.200;19;10;1
2006;62;31;1;11;6.000;26.000;3.000;65.000;10.800;8.923;12.400;9.200;19;10;0
2006;62;32;9;16;17.000;1.000;7.000;11.000;17.500;15.000;15.000;10.400;19;10;0
2006;62;33;13;15;20.000;0.000;10.000;0.000;3.000;11.000;14.600;15.600;19;10;0
2006;62;35;2;6;13.000;7.000;5.000;19.000;10.800;17.000;11.600;11.000;19;10;0
2006;63;4;4;3;1.000;96.000;1.000;142.000;9.500;8.375;1.800;3.400;8;11;1
2006;63;8;1;6;4.000;43.000;3.000;71.000;4.400;9.100;9.400;12.200;8;11;0
2006;63;13;6;2;5.000;42.000;2.000;121.000;15.333;7.600;5.000;2.400;8;11;1
2006;63;14;9;9;11.000;10.000;7.000;11.000;6.364;15.000;8.800;12.200;8;11;0
2006;63;15;7;4;12.000;8.000;5.000;21.000;9.556;10.750;9.600;11.600;8;11;0
2006;63;17;3;10;14.000;6.000;8.000;10.000;8.750;5.903;16.600;15.000;8;11;0
2006;63;21;4;7;3.000;46.000;1.000;142.000;12.900;7.667;4.000;3.000;8;11;0
2006;63;22;11;13;8.000;16.000;4.000;32.000;8.615;17.000;9.200;13.200;8;11;0
2006;63;23;7;5;9.000;13.000;5.000;21.000;5.750;11.667;15.200;11.200;8;11;0
2006;63;30;6;1;2.000;79.000;2.000;121.000;5.643;7.452;2.400;2.600;8;11;1
2006;63;32;9;12;18.000;1.000;7.000;11.000;15.500;13.000;15.400;11.200;8;11;0
2006;63;33;13;19;21.000;0.000;10.000;0.000;13.000;15.000;14.800;15.000;8;11;0
2006;63;35;2;16;13.000;7.000;6.000;20.000;9.222;8.000;12.400;12.000;8;11;0
2006;63;37;1;8;16.000;2.000;3.000;71.000;12.750;8.968;13.800;12.000;8;11;0
2006;64;4;4;7;1.000;100.000;1.000;149.000;4.500;10.476;2.000;4.000;10;12;0
2006;64;8;1;1;5.000;49.000;3.000;77.000;17.400;9.966;9.400;12.800;10;12;1
2006;64;13;6;3;3.000;50.000;2.000;139.000;9.333;9.603;4.800;1.800;10;12;1
2006;64;14;9;10;11.000;10.000;7.000;12.000;6.583;8.000;7.800;12.000;10;12;0
2006;64;15;7;20;12.000;10.000;5.000;23.000;10.778;11.375;11.400;10.800;10;12;0
2006;64;17;3;11;14.000;6.000;8.000;10.000;13.750;9.109;18.400;16.000;10;12;0
2006;64;21;4;5;4.000;49.000;1.000;149.000;11.000;10.227;4.600;4.200;10;12;0
2006;64;22;11;6;8.000;16.000;4.000;37.000;12.154;4.000;11.800;12.400;10;12;0
2006;64;23;7;8;9.000;13.000;5.000;23.000;6.000;10.889;12.000;8.800;10;12;0
2006;64;30;6;2;2.000;89.000;2.000;139.000;6.000;9.475;2.200;1.800;10;12;1
2006;64;32;9;12;17.000;2.000;7.000;12.000;9.500;9.000;15.200;12.000;10;12;0
2006;64;33;13;18;21.000;0.000;10.000;0.000;17.000;20.000;15.800;16.200;10;12;0
2006;64;35;2;13;13.000;7.000;6.000;20.000;10.222;17.000;12.200;13.000;10;12;0
2006;64;37;1;9;16.000;2.000;3.000;77.000;15.250;9.847;12.400;9.800;10;12;0
2006;65;4;4;15;1.000;100.000;1.000;149.000;8.250;9.250;2.800;4.400;11;13;0
2006;65;8;1;1;5.000;49.000;3.000;85.000;6.800;8.750;6.000;10.200;11;13;0
2006;65;13;6;2;3.000;52.000;2.000;142.000;13.333;9.850;3.400;1.600;11;13;0
2006;65;14;9;12;11.000;14.000;7.000;16.000;7.917;19.500;9.400;12.200;11;13;0
2006;65;15;7;8;13.000;10.000;5.000;26.000;10.333;11.625;9.400;9.800;11;13;0
2006;65;17;3;5;15.000;6.000;8.000;10.000;9.750;6.488;16.800;16.400;11;13;0
2006;65;21;4;7;4.000;49.000;1.000;149.000;13.111;9.778;4.600;6.600;11;13;0
2006;65;22;11;3;8.000;21.000;4.000;52.000;11.077;1.000;14.200;11.600;11;13;0
2006;65;23;7;6;10.000;16.000;5.000;26.000;5.250;11.667;12.200;10.200;11;13;0
2006;65;30;6;11;2.000;90.000;2.000;142.000;5.692;9.780;1.400;2.800;11;13;0
2006;65;32;9;13;17.000;2.000;7.000;16.000;16.500;14.667;13.200;9.000;11;13;0
2006;65;33;13;16;20.000;0.000;10.000;0.000;13.000;10.000;17.200;17.800;11;13;0
2006;65;37;1;4;12.000;10.000;3.000;85.000;13.750;8.902;12.400;9.600;11;13;1
2006;66;4;4;3;1.000;108.000;1.000;160.000;2.000;3.000;5.400;9.800;5;14;1
2006;66;8;1;7;5.000;49.000;3.000;89.000;1.000;2.000;8.400;9.000;5;14;0
2006;66;13;6;1;3.000;62.000;2.000;158.000;19.000;13.500;3.800;3.800;5;14;1
2006;66;14;9;16;12.000;14.000;7.000;16.000;7.000;7.500;8.000;11.000;5;14;0
2006;66;15;7;12;13.000;10.000;5.000;28.000;6.000;9.000;9.600;7.600;5;14;0
2006;66;17;3;9;15.000;6.000;8.000;10.000;20.000;18.667;16.400;17.600;5;14;0
2006;66;21;4;4;4.000;52.000;1.000;160.000;4.000;2.667;7.400;9.000;5;14;0
2006;66;22;11;13;8.000;22.000;4.000;58.000;10.000;4.000;13.000;5.800;5;14;0
2006;66;23;7;15;10.000;18.000;5.000;28.000;12.000;9.000;9.200;8.600;5;14;0
2006;66;30;6;2;2.000;96.000;2.000;158.000;17.000;9.333;2.600;3.800;5;14;1
2006;66;32;9;10;17.000;2.000;7.000;16.000;8.000;10.000;14.200;11.600;5;14;0
2006;66;33;13;19;20.000;0.000;10.000;0.000;15.000;16.000;15.800;15.600;5;14;0
2006;67;4;4;10;1.000;108.000;2.000;165.000;9.750;11.455;5.600;9.200;14;15;0
2006;67;8;1;1;5.000;57.000;3.000;97.000;9.800;10.547;12.000;12.200;14;15;1
2006;67;13;6;4;3.000;62.000;1.000;168.000;12.667;9.199;3.000;4.000;14;15;0
2006;67;14;9;14;12.000;14.000;7.000;16.000;12.417;14.000;9.400;11.600;14;15;0
2006;67;15;7;11;13.000;12.000;6.000;30.000;13.222;13.125;10.200;8.600;14;15;0
2006;67;17;3;19;16.000;6.000;8.000;10.000;11.500;9.464;16.000;17.400;14;15;0
2006;67;18;11;5;6.000;40.000;4.000;65.000;11.500;13.571;8.200;6.600;14;15;0
2006;67;21;4;9;4.000;57.000;2.000;165.000;9.222;11.783;7.800;11.800;14;15;0
2006;67;22;11;8;8.000;25.000;4.000;65.000;8.385;12.500;10.800;4.400;14;15;0
2006;67;23;7;13;10.000;18.000;6.000;30.000;7.571;12.444;7.200;8.200;14;15;0
2006;67;30;6;2;2.000;106.000;1.000;168.000;5.231;9.198;2.800;5.600;14;15;1
2006;67;32;9;16;18.000;2.000;7.000;16.000;13.000;13.333;14.200;12.400;14;15;0
2006;67;33;14;20;21.000;0.000;12.000;0.000;17.000;17.000;17.400;17.000;14;15;0
2006;67;37;1;7;11.000;14.000;3.000;97.000;14.500;10.434;7.400;9.000;14;15;0
2006;68;4;4;1;2.000;116.000;1.000;179.000;2.500;5.000;8.400;9.800;17;16;1
2006;68;8;1;5;5.000;57.000;3.000;101.000;2.500;8.250;9.200;10.000;17;16;0
2006;68;13;6;20;4.000;62.000;2.000;178.000;7.000;11.250;4.400;4.400;17;16;0
2006;68;14;9;12;12.000;14.000;7.000;16.000;9.000;7.000;10.400;13.600;17;16;0
2006;68;15;7;17;13.000;12.000;6.000;30.000;15.000;12.750;10.800;8.800;17;16;0
2006;68;17;3;14;14.000;7.000;8.000;11.000;8.500;10.800;14.200;14.200;17;16;0
2006;68;21;4;2;3.000;63.000;1.000;179.000;5.500;4.400;8.000;6.600;17;16;1
2006;68;22;11;3;7.000;28.000;4.000;73.000;6.500;4.000;10.800;5.400;17;16;0
2006;68;23;7;16;11.000;18.000;6.000;30.000;10.500;14.000;8.200;11.400;17;16;0
2006;68;30;6;6;1.000;116.000;2.000;178.000;16.000;12.600;2.800;6.400;17;16;1
2006;68;33;14;18;21.000;0.000;12.000;0.000;11.000;15.000;18.400;16.667;17;16;0
2006;68;38;9;10;24.000;0.000;7.000;16.000;14.000;7.667;15.400;11.600;17;16;0
2006;69;4;4;5;1.000;126.000;1.000;195.000;9.250;7.875;8.400;6.800;22;17;1
2006;69;8;1;11;5.000;61.000;3.000;105.000;6.600;7.289;12.400;10.600;22;17;0
2006;69;13;6;1;3.000;70.000;2.000;186.000;12.667;8.763;7.400;6.400;22;17;1
2006;69;14;9;17;13.000;14.000;7.000;16.000;9.364;7.500;10.400;11.000;22;17;0
2006;69;15;7;4;12.000;15.000;6.000;35.000;12.750;12.000;10.800;13.000;22;17;0
2006;69;17;3;14;14.000;7.000;8.000;11.000;11.250;8.949;12.200;12.200;22;17;0
2006;69;21;4;6;4.000;69.000;1.000;195.000;11.111;7.111;7.400;5.800;22;17;1
2006;69;22;11;8;7.000;28.000;4.000;78.000;10.385;4.000;8.000;5.000;22;17;0
2006;69;23;7;3;10.000;20.000;6.000;35.000;10.000;11.333;10.800;12.800;22;17;0
2006;69;30;6;2;2.000;116.000;2.000;186.000;6.667;8.590;2.800;6.200;22;17;0
2006;69;33;14;21;21.000;0.000;12.000;0.000;13.000;20.000;18.200;18.400;22;17;0
2006;69;37;1;13;11.000;18.000;3.000;105.000;13.750;7.231;10.000;10.600;22;17;0
2006;69;38;9;18;24.000;0.000;7.000;16.000;14.000;12.000;14.200;13.000;22;17;0
2006;70;4;4;4;1.000;134.000;1.000;206.000;7.250;8.250;7.600;2.600;18;18;1
2006;70;8;1;2;5.000;65.000;3.000;110.000;6.000;8.383;12.800;12.400;18;18;0
2006;70;13;6;1;3.000;80.000;2.000;201.000;11.667;7.609;7.400;8.400;18;18;1
2006;70;14;9;18;13.000;14.000;7.000;16.000;8.818;14.500;12.400;13.200;18;18;0
2006;70;15;7;3;12.000;15.000;6.000;35.000;12.000;12.000;10.600;12.800;18;18;0
2006;70;17;3;11;14.000;7.000;8.000;11.000;13.750;9.350;13.400;14.000;18;18;0
2006;70;21;4;6;4.000;72.000;1.000;206.000;8.222;7.769;6.800;2.200;18;18;0
2006;70;22;11;5;7.000;30.000;4.000;86.000;13.846;3.000;7.200;5.800;18;18;0
2006;70;23;7;7;10.000;20.000;6.000;35.000;9.444;12.778;10.400;13.600;18;18;0
2006;70;30;6;10;2.000;121.000;2.000;201.000;3.571;7.468;6.600;8.400;18;18;0
2006;70;33;14;21;21.000;0.000;12.000;0.000;16.000;14.000;17.000;17.400;18;18;0
2006;70;37;1;12;11.000;19.000;3.000;110.000;8.667;8.312;8.600;9.400;18;18;0
2006;70;38;9;22;24.000;0.000;7.000;16.000;18.000;15.667;14.200;14.600;18;18;0
2007;36;2;2;3;4.000;5.000;2.000;5.000;12.286;5.000;10.800;11.200;1;1;0
2007;36;3;3;12;7.000;2.000;4.000;2.000;20.000;9.318;16.600;16.000;1;1;0
2007;36;4;1;2;2.000;8.000;11.000;14.000;5.200;8.435;5.200;6.400;1;1;1
2007;36;8;6;1;1.000;10.000;1.000;13.000;7.000;8.045;10.800;5.600;1;1;1
2007;36;11;8;10;12.000;0.000;7.000;0.000;12.000;12.500;16.000;14.800;1;1;0
2007;36;13;6;22;6.000;3.000;1.000;13.000;16.250;7.739;6.200;5.600;1;1;0
2007;36;15;7;8;9.000;0.000;5.000;1.000;12.100;12.900;12.000;13.800;1;1;0
2007;36;17;9;7;13.000;0.000;8.000;0.000;12.600;11.400;13.600;16.600;1;1;0
2007;36;18;11;14;15.000;0.000;6.000;0.000;11.714;8.500;4.000;6.400;1;1;0
2007;36;21;4;6;5.000;4.000;3.000;4.000;9.727;6.909;4.400;4.400;1;1;0
2007;36;22;11;16;11.000;0.000;6.000;0.000;9.455;10.667;7.800;8.200;1;1;0
2007;36;23;7;9;8.000;1.000;5.000;1.000;10.400;12.545;13.200;12.200;1;1;0
2007;36;24;5;19;14.000;0.000;9.000;0.000;16.000;12.500;14.200;14.000;1;1;0
2007;37;2;2;5;4.000;10.000;2.000;10.000;12.429;11.000;8.800;11.800;2;2;0
2007;37;3;3;6;8.000;2.000;5.000;2.000;20.000;11.500;14.400;17.400;2;2;0
2007;37;4;1;2;1.000;18.000;11.000;32.000;5.200;9.118;5.200;4.000;2;2;1
2007;37;8;6;3;2.000;16.000;1.000;23.000;14.833;4.500;6.800;6.400;2;2;1
2007;37;11;8;14;14.000;0.000;8.000;0.000;12.667;15.500;15.000;14.200;2;2;0
2007;37;13;6;1;6.000;7.000;1.000;23.000;7.250;4.412;7.200;3.000;2;2;0
2007;37;15;7;8;7.000;2.000;4.000;3.000;10.625;9.200;12.000;12.600;2;2;0
2007;37;17;9;10;12.000;0.000;6.000;0.000;17.200;14.400;14.200;16.400;2;2;0
2007;37;18;11;15;15.000;0.000;7.000;0.000;9.143;6.500;6.200;9.600;2;2;0
2007;37;19;8;18;18.000;0.000;8.000;0.000;19.000;14.667;17.500;13.400;2;2;0
2007;37;21;4;12;5.000;7.000;3.000;8.000;11.750;6.636;4.200;6.200;2;2;0
2007;37;22;11;22;13.000;0.000;7.000;0.000;6.750;8.333;8.400;9.600;2;2;0
2007;37;23;7;9;10.000;1.000;4.000;3.000;9.375;9.000;13.400;12.600;2;2;0
2007;37;24;5;16;16.000;0.000;9.000;0.000;11.000;13.500;13.000;15.400;2;2;0
2007;37;25;3;19;11.000;0.000;5.000;2.000;7.500;11.941;11.400;17.400;2;2;0
2007;37;26;5;17;17.000;0.000;9.000;0.000;16.000;14.667;15.400;15.200;2;2;0
2007;38;2;2;5;5.000;15.000;2.000;18.000;14.333;16.000;8.000;11.000;3;3;0
2007;38;3;3;10;9.000;2.000;5.000;2.000;7.000;9.167;13.800;14.800;3;3;0
2007;38;4;1;4;1.000;22.000;11.000;44.000;2.667;8.000;1.600;2.000;3;3;0
2007;38;8;6;3;2.000;22.000;1.000;39.000;8.667;6.667;7.000;3.800;3;3;1
2007;38;11;8;17;15.000;0.000;8.000;0.000;12.667;18.500;14.400;14.600;3;3;0
2007;38;13;6;1;4.000;17.000;1.000;39.000;9.333;6.143;6.400;3.600;3;3;1
2007;38;15;7;9;7.000;4.000;4.000;5.000;7.333;9.167;12.000;11.800;3;3;0
2007;38;17;9;8;13.000;0.000;6.000;0.000;6.667;12.800;14.200;16.000;3;3;0
2007;38;18;11;16;16.000;0.000;7.000;0.000;7.000;9.500;7.600;11.200;3;3;0
2007;38;21;4;7;6.000;8.000;3.000;9.000;16.667;8.571;4.600;7.600;3;3;0
2007;38;22;11;15;14.000;0.000;7.000;0.000;8.667;13.333;9.400;14.000;3;3;0
2007;38;23;7;14;11.000;1.000;4.000;5.000;8.333;8.857;13.400;9.200;3;3;0
2007;38;24;5;18;17.000;0.000;9.000;0.000;11.000;12.000;13.600;15.400;3;3;0
2007;38;26;5;19;19.000;0.000;9.000;0.000;13.000;14.667;15.600;17.200;3;3;0
2007;38;27;12;22;18.000;0.000;10.000;0.000;17.500;15.000;18.800;19.400;3;3;0
2007;39;2;2;7;5.000;15.000;2.000;23.000;10.286;10.000;7.400;10.400;4;4;0
2007;39;3;3;11;8.000;5.000;4.000;5.000;11.000;8.438;13.600;13.400;4;4;0
2007;39;4;1;2;2.000;28.000;11.000;58.000;4.400;8.606;2.200;2.400;4;4;1
2007;39;8;6;3;4.000;22.000;1.000;49.000;10.500;7.406;3.400;3.600;4;4;0
2007;39;11;8;13;12.000;1.000;7.000;1.000;12.667;19.500;13.800;16.000;4;4;0
2007;39;13;6;1;3.000;27.000;1.000;49.000;7.250;7.758;3.000;6.200;4;4;1
2007;39;14;9;9;9.000;4.000;6.000;4.000;9.231;13.250;19.200;15.600;4;4;0
2007;39;15;7;6;10.000;4.000;5.000;5.000;9.000;10.400;9.600;9.800;4;4;0
2007;39;17;9;19;16.000;0.000;6.000;4.000;11.000;11.600;16.000;14.000;4;4;0
2007;39;18;11;14;18.000;0.000;8.000;0.000;11.167;6.500;11.000;13.600;4;4;0
2007;39;21;4;10;7.000;8.000;3.000;11.000;11.091;6.091;5.600;7.600;4;4;0
2007;39;22;11;12;15.000;0.000;8.000;0.000;10.571;8.333;10.800;13.800;4;4;0
2007;39;23;7;17;13.000;1.000;5.000;5.000;10.200;11.273;12.400;12.200;4;4;0
2007;39;24;5;16;21.000;0.000;10.000;0.000;16.500;17.000;15.600;18.800;4;4;0
2007;39;25;3;18;14.000;0.000;4.000;5.000;8.000;8.364;9.600;11.000;4;4;0
2007;39;26;5;22;22.000;0.000;10.000;0.000;19.000;17.000;17.200;18.000;4;4;0
2007;39;27;12;21;20.000;0.000;9.000;0.000;17.000;13.000;18.600;17.000;4;4;0
2007;40;2;2;7;5.000;18.000;2.000;30.000;9.286;10.500;8.800;9.400;6;5;0
2007;40;3;3;5;8.000;5.000;4.000;7.000;19.000;9.793;12.800;11.600;6;5;0
2007;40;4;1;1;1.000;38.000;11.000;76.000;7.000;9.787;2.600;2.800;6;5;1
2007;40;8;6;16;4.000;23.000;1.000;56.000;10.833;7.618;6.200;5.800;6;5;0
2007;40;11;8;21;13.000;1.000;7.000;1.000;20.000;19.000;12.400;14.000;6;5;0
2007;40;13;6;3;3.000;33.000;1.000;56.000;9.250;7.621;2.800;6.400;6;5;1
2007;40;14;9;13;9.000;4.000;6.000;4.000;10.583;13.250;16.000;14.200;6;5;0
2007;40;15;7;14;10.000;4.000;5.000;5.000;10.700;11.200;12.400;14.000;6;5;0
2007;40;17;9;6;17.000;0.000;6.000;4.000;13.600;13.400;16.400;15.000;6;5;0
2007;40;18;11;10;18.000;0.000;9.000;0.000;12.833;10.000;12.600;13.400;6;5;0
2007;40;21;4;4;6.000;13.000;3.000;16.000;9.364;10.577;6.800;9.200;6;5;0
2007;40;22;11;9;16.000;0.000;9.000;0.000;8.929;10.143;10.400;13.400;6;5;0
2007;40;23;7;20;14.000;1.000;5.000;5.000;9.700;11.545;14.200;14.000;6;5;0
2007;40;24;5;12;22.000;0.000;8.000;0.000;12.500;11.500;16.200;18.200;6;5;0
2007;40;25;3;11;12.000;2.000;4.000;7.000;14.000;9.831;12.600;12.200;6;5;0
2007;40;26;5;18;15.000;0.000;8.000;0.000;13.000;15.000;17.200;19.800;6;5;0
2007;40;27;12;22;21.000;0.000;10.000;0.000;13.000;20.000;17.000;15.200;6;5;0
2007;41;2;2;3;5.000;26.000;2.000;38.000;13.714;11.500;6.600;7.200;7;6;1
2007;41;3;3;7;10.000;5.000;4.000;13.000;20.000;10.526;10.800;11.600;7;6;0
2007;41;4;1;2;2.000;40.000;11.000;88.000;10.800;9.842;2.400;1.800;7;6;0
2007;41;8;6;4;4.000;27.000;1.000;60.000;3.833;8.218;6.800;6.400;7;6;0
2007;41;11;8;11;12.000;4.000;7.000;4.000;13.000;17.500;13.800;14.000;7;6;0
2007;41;13;6;5;3.000;33.000;1.000;60.000;7.250;8.161;3.200;7.200;7;6;0
2007;41;14;9;14;11.000;4.000;6.000;4.000;8.923;8.500;15.200;15.600;7;6;0
2007;41;15;7;10;13.000;4.000;5.000;6.000;13.100;13.500;11.600;15.800;7;6;0
2007;41;17;9;6;15.000;0.000;6.000;4.000;10.000;10.000;16.400;15.400;7;6;0
2007;41;18;11;15;19.000;0.000;9.000;0.000;11.714;14.000;14.200;11.200;7;6;0
2007;41;21;4;9;6.000;13.000;3.000;21.000;8.000;12.600;6.400;7.400;7;6;0
2007;41;22;11;13;17.000;0.000;9.000;0.000;9.857;16.000;11.000;12.600;7;6;0
2007;41;23;7;18;14.000;2.000;5.000;6.000;10.400;13.455;13.400;16.000;7;6;0
2007;41;24;5;12;22.000;0.000;8.000;0.000;13.000;11.500;18.000;17.600;7;6;0
2007;41;25;3;19;8.000;8.000;4.000;13.000;12.250;10.517;13.400;11.400;7;6;1
2007;41;26;5;16;16.000;0.000;8.000;0.000;10.000;12.333;16.800;16.000;7;6;0
2007;41;27;12;21;21.000;0.000;10.000;0.000;16.500;18.000;18.000;16.800;7;6;0
2007;42;2;2;5;5.000;26.000;2.000;39.000;11.000;14.500;6.200;6.800;19;7;0
2007;42;3;3;14;11.000;5.000;4.000;13.000;9.000;14.643;11.400;10.800;19;7;0
2007;42;4;1;2;2.000;48.000;11.000;106.000;13.600;9.000;3.400;2.400;19;7;1
2007;42;8;6;4;4.000;32.000;1.000;71.000;11.833;5.600;7.600;7.600;19;7;0
2007;42;11;8;18;13.000;4.000;7.000;4.000;10.000;18.000;12.600;12.600;19;7;0
2007;42;13;6;3;3.000;39.000;1.000;71.000;11.333;5.500;6.200;8.200;19;7;1
2007;42;14;9;11;12.000;4.000;6.000;6.000;8.429;16.500;14.600;16.200;19;7;0
2007;42;15;7;8;10.000;7.000;5.000;9.000;7.143;11.200;12.400;13.600;19;7;0
2007;42;17;9;9;14.000;2.000;6.000;6.000;15.800;17.200;15.600;16.000;19;7;0
2007;42;18;11;13;20.000;0.000;9.000;0.000;13.000;10.500;15.200;12.600;19;7;0
2007;42;21;4;10;6.000;13.000;3.000;25.000;8.714;7.818;9.800;9.600;19;7;0
2007;42;22;11;15;18.000;0.000;9.000;0.000;6.857;11.000;11.200;13.000;19;7;0
2007;42;23;7;12;15.000;2.000;5.000;9.000;15.833;10.727;13.400;11.600;19;7;0
2007;42;24;5;19;23.000;0.000;8.000;0.000;8.000;14.000;18.000;16.400;19;7;0
2007;42;25;3;17;9.000;8.000;4.000;13.000;10.000;14.733;10.400;9.600;19;7;0
2007;42;26;5;20;17.000;0.000;8.000;0.000;20.000;15.000;16.400;16.200;19;7;0
2007;42;27;12;22;22.000;0.000;10.000;0.000;8.000;14.000;16.600;17.200;19;7;0
2007;43;2;2;7;5.000;30.000;2.000;48.000;10.857;9.500;9.000;10.000;8;8;0
2007;43;3;3;9;11.000;5.000;4.000;13.000;14.000;6.281;10.800;9.200;8;8;0
2007;43;4;1;10;2.000;50.000;11.000;114.000;8.000;8.727;3.600;2.800;8;8;0
2007;43;8;6;3;4.000;42.000;1.000;89.000;4.500;7.250;7.800;7.200;8;8;1
2007;43;11;8;22;13.000;4.000;7.000;4.000;17.750;19.000;13.800;13.000;8;8;0
2007;43;13;6;1;3.000;47.000;1.000;89.000;12.250;7.061;5.800;6.800;8;8;1
2007;43;14;9;16;12.000;4.000;6.000;6.000;6.583;12.750;14.600;14.600;8;8;0
2007;43;15;7;8;10.000;7.000;5.000;9.000;10.500;10.900;12.200;13.000;8;8;0
2007;43;17;9;14;14.000;2.000;6.000;6.000;10.600;12.800;15.000;13.000;8;8;0
2007;43;18;11;12;16.000;1.000;8.000;1.000;10.857;18.500;15.200;15.000;8;8;0
2007;43;21;4;5;7.000;16.000;3.000;28.000;12.273;8.182;10.400;11.000;8;8;0
2007;43;22;11;13;19.000;0.000;8.000;1.000;9.429;15.000;13.200;14.600;8;8;0
2007;43;23;7;11;15.000;2.000;5.000;9.000;5.556;11.818;14.800;14.000;8;8;0
2007;43;24;5;17;23.000;0.000;9.000;0.000;13.000;11.500;18.000;14.400;8;8;0
2007;43;25;3;18;9.000;8.000;4.000;13.000;13.250;6.364;10.600;9.600;8;8;0
2007;43;26;5;15;18.000;0.000;9.000;0.000;10.000;15.000;16.200;17.000;8;8;0
2007;43;27;12;20;22.000;0.000;10.000;0.000;16.000;17.000;15.400;15.800;8;8;0
2007;44;2;2;9;5.000;33.000;2.000;56.000;11.571;7.500;9.200;10.400;9;9;0
2007;44;3;3;17;11.000;5.000;4.000;13.000;9.000;9.571;10.600;10.400;9;9;0
2007;44;4;1;3;2.000;58.000;11.000;128.000;9.400;8.984;4.000;3.200;9;9;1
2007;44;8;6;2;3.000;52.000;1.000;103.000;5.000;9.394;7.400;6.200;9;9;1
2007;44;11;8;21;13.000;4.000;7.000;4.000;14.250;17.500;13.200;15.400;9;9;0
2007;44;13;6;4;4.000;51.000;1.000;103.000;8.250;9.305;6.000;2.200;9;9;0
2007;44;14;9;12;12.000;4.000;6.000;6.000;7.692;13.500;13.600;12.200;9;9;0
2007;44;15;7;10;10.000;7.000;5.000;9.000;11.800;14.000;15.000;13.400;9;9;0
2007;44;17;9;11;14.000;2.000;6.000;6.000;15.000;13.000;14.000;12.600;9;9;0
2007;44;18;11;18;16.000;1.000;8.000;1.000;9.714;13.500;12.600;12.800;9;9;0
2007;44;21;4;8;7.000;17.000;3.000;31.000;8.182;11.000;10.000;8.400;9;9;0
2007;44;22;11;14;18.000;0.000;8.000;1.000;8.214;12.800;12.800;12.400;9;9;0
2007;44;23;7;6;15.000;2.000;5.000;9.000;9.000;14.273;14.400;15.200;9;9;0
2007;44;24;5;16;23.000;0.000;9.000;0.000;13.000;16.500;18.400;17.800;9;9;0
2007;44;25;3;13;9.000;8.000;4.000;13.000;6.500;9.620;11.200;12.200;9;9;0
2007;44;26;5;15;19.000;0.000;9.000;0.000;20.000;16.333;15.400;17.200;9;9;0
2007;44;27;12;22;22.000;0.000;10.000;0.000;16.500;20.000;16.400;17.200;9;9;0
2007;45;2;2;4;5.000;36.000;2.000;61.000;9.000;9.000;7.400;5.400;20;10;0
2007;45;3;3;11;13.000;5.000;4.000;18.000;7.000;9.567;11.800;11.600;20;10;0
2007;45;4;1;2;2.000;68.000;11.000;138.000;5.200;10.844;3.800;4.800;20;10;1
2007;45;8;6;1;4.000;52.000;1.000;111.000;11.000;7.931;3.800;2.400;20;10;0
2007;45;11;8;16;14.000;4.000;7.000;4.000;15.000;16.500;14.400;15.800;20;10;0
2007;45;13;6;3;3.000;59.000;1.000;111.000;8.000;7.990;6.800;4.600;20;10;1
2007;45;14;9;20;11.000;8.000;5.000;16.000;10.250;13.250;14.800;13.000;20;10;0
2007;45;15;7;8;12.000;7.000;6.000;9.000;12.222;14.700;14.400;18.000;20;10;0
2007;45;17;9;6;10.000;8.000;5.000;16.000;13.600;11.600;14.200;12.600;20;10;1
2007;45;18;11;17;16.000;1.000;8.000;1.000;9.429;11.800;12.200;11.800;20;10;0
2007;45;21;4;13;7.000;17.000;3.000;32.000;11.000;9.688;9.800;8.800;20;10;0
2007;45;22;11;14;18.000;0.000;8.000;1.000;4.917;12.833;12.600;11.200;20;10;0
2007;45;23;7;9;15.000;2.000;6.000;9.000;12.300;14.545;15.200;16.200;20;10;0
2007;45;24;5;19;23.000;0.000;9.000;0.000;15.500;16.500;18.200;17.600;20;10;0
2007;45;25;3;12;9.000;13.000;4.000;18.000;13.333;9.903;9.400;13.600;20;10;0
2007;45;26;5;18;19.000;0.000;9.000;0.000;11.000;18.333;15.600;19.400;20;10;0
2007;46;2;2;2;5.000;42.000;2.000;71.000;9.429;12.500;7.400;5.400;11;11;1
2007;46;3;3;4;12.000;7.000;4.000;20.000;17.000;6.810;13.400;12.600;11;11;0
2007;46;4;1;6;2.000;73.000;11.000;138.000;9.400;8.558;3.800;3.200;11;11;0
2007;46;8;6;3;3.000;60.000;1.000;119.000;8.167;9.738;5.000;4.800;11;11;1
2007;46;9;2;7;6.000;28.000;2.000;71.000;20.000;9.333;7.400;5.200;11;11;0
2007;46;11;8;19;15.000;4.000;7.000;4.000;9.250;17.000;14.000;15.800;11;11;0
2007;46;13;6;14;4.000;59.000;1.000;119.000;11.750;9.558;6.600;4.800;11;11;0
2007;46;14;9;10;11.000;8.000;5.000;16.000;7.692;15.750;13.000;10.600;11;11;0
2007;46;15;7;8;13.000;7.000;6.000;12.000;10.500;11.100;14.000;15.200;11;11;0
2007;46;17;9;9;10.000;8.000;5.000;16.000;11.800;14.800;10.600;10.400;11;11;0
2007;46;18;11;17;16.000;1.000;8.000;1.000;9.571;2.500;13.600;11.800;11;11;0
2007;46;19;8;15;20.000;0.000;7.000;4.000;17.000;16.333;14.400;14.800;11;11;0
2007;46;21;4;13;7.000;17.000;3.000;33.000;13.600;10.364;11.000;8.200;11;11;0
2007;46;22;11;18;18.000;0.000;8.000;1.000;10.571;8.667;12.800;13.800;11;11;0
2007;46;23;7;5;14.000;5.000;6.000;12.000;5.333;11.000;15.200;15.200;11;11;0
2007;46;24;5;16;23.000;0.000;9.000;0.000;16.000;14.333;18.200;18.800;11;11;0
2007;46;25;3;12;9.000;13.000;4.000;20.000;11.333;6.814;8.800;11.200;11;11;0
2007;47;2;2;6;5.000;47.000;2.000;77.000;16.000;13.000;7.600;5.000;5;12;0
2007;47;3;3;8;10.000;9.000;4.000;22.000;18.000;16.500;12.800;11.600;5;12;0
2007;47;4;1;4;2.000;79.000;11.000;148.000;2.000;7.000;3.200;4.000;5;12;1
2007;47;8;6;3;4.000;68.000;1.000;137.000;11.000;7.750;4.400;7.200;5;12;1
2007;47;9;2;5;6.000;29.000;2.000;77.000;12.000;10.000;7.400;5.000;5;12;0
2007;47;11;8;17;15.000;4.000;7.000;4.000;13.000;18.000;15.800;16.000;5;12;0
2007;47;13;6;1;3.000;69.000;1.000;137.000;10.000;6.600;5.000;6.600;5;12;1
2007;47;14;9;13;12.000;8.000;5.000;16.000;11.000;10.250;12.000;10.000;5;12;0
2007;47;15;7;9;13.000;7.000;6.000;12.000;7.500;8.500;13.400;13.000;5;12;0
2007;47;17;9;12;11.000;8.000;5.000;16.000;15.000;10.200;10.600;7.600;5;12;0
2007;47;18;11;21;16.000;1.000;8.000;1.000;4.500;6.000;13.800;15.400;5;12;0
2007;47;21;4;10;8.000;17.000;3.000;36.000;5.000;4.000;9.000;8.800;5;12;0
2007;47;22;11;22;18.000;0.000;8.000;1.000;9.000;8.333;14.000;16.200;5;12;0
2007;47;23;7;16;14.000;5.000;6.000;12.000;9.500;10.000;14.800;12.200;5;12;0
2007;47;24;5;15;23.000;0.000;9.000;0.000;20.000;17.333;19.200;19.400;5;12;0
2007;47;29;12;20;24.000;0.000;10.000;0.000;19.000;20.000;18.400;19.200;5;12;0
2007;48;2;2;4;5.000;52.000;2.000;86.000;10.833;5.500;4.800;5.400;14;13;0
2007;48;3;3;8;10.000;12.000;4.000;25.000;20.000;9.474;11.000;8.600;14;13;0
2007;48;4;1;1;2.000;89.000;11.000;166.000;11.600;10.449;3.400;3.000;14;13;1
2007;48;8;6;5;3.000;74.000;1.000;143.000;8.500;9.149;4.000;4.000;14;13;1
2007;48;9;2;6;6.000;33.000;2.000;86.000;3.000;5.000;5.600;4.800;14;13;0
2007;48;11;8;17;15.000;4.000;7.000;4.000;12.000;18.500;15.600;15.800;14;13;0
2007;48;13;6;3;4.000;69.000;1.000;143.000;11.750;9.112;4.600;4.200;14;13;0
2007;48;14;9;20;12.000;8.000;5.000;16.000;12.385;12.750;10.000;11.000;14;13;0
2007;48;15;7;9;13.000;7.000;6.000;12.000;12.600;12.700;15.400;12.000;14;13;0
2007;48;17;9;11;11.000;8.000;5.000;16.000;11.200;14.600;13.600;14.800;14;13;0
2007;48;18;11;10;16.000;2.000;8.000;2.000;10.571;11.778;14.000;16.000;14;13;0
2007;48;21;4;15;8.000;17.000;3.000;38.000;8.700;11.280;9.000;8.400;14;13;0
2007;48;22;11;12;18.000;0.000;8.000;2.000;8.214;11.400;13.200;15.400;14;13;0
2007;48;23;7;18;14.000;5.000;6.000;12.000;8.500;12.545;12.800;11.000;14;13;0
2007;48;24;5;19;23.000;0.000;9.000;0.000;14.000;15.000;18.800;17.400;14;13;0
2007;48;25;3;13;9.000;13.000;4.000;25.000;13.667;9.414;11.200;9.000;14;13;0
2007;48;29;12;22;24.000;0.000;10.000;0.000;20.000;19.000;18.200;19.800;14;13;0
2007;49;4;1;3;2.000;95.000;11.000;192.000;13.333;7.333;2.200;3.000;13;14;1
2007;49;8;6;1;3.000;84.000;1.000;161.000;9.250;9.875;4.400;8.000;13;14;1
2007;49;13;6;2;4.000;77.000;1.000;161.000;9.667;9.790;8.400;5.600;13;14;1
2007;49;14;9;11;12.000;8.000;5.000;18.000;8.909;13.000;11.800;14.400;13;14;0
2007;49;15;7;8;13.000;7.000;6.000;12.000;13.875;9.500;13.400;12.000;13;14;0
2007;49;17;9;7;11.000;10.000;5.000;18.000;13.667;15.333;13.000;16.600;13;14;0
2007;49;18;11;12;16.000;2.000;8.000;2.000;11.200;12.500;14.000;13.200;13;14;0
2007;49;19;8;20;20.000;0.000;7.000;4.000;18.000;15.000;15.600;15.400;13;14;0
2007;49;21;4;22;8.000;17.000;3.000;39.000;10.500;10.727;10.200;8.400;13;14;0
2007;49;22;11;17;18.000;0.000;8.000;2.000;12.083;13.600;13.000;13.200;13;14;0
2007;49;23;7;10;14.000;5.000;6.000;12.000;6.714;9.714;13.800;13.000;13;14;0
2007;49;25;3;15;10.000;13.000;4.000;28.000;14.667;8.256;11.000;8.600;13;14;0
2007;51;2;2;8;5.000;58.000;2.000;94.000;10.000;10.000;6.000;8.000;17;16;0
2007;51;3;3;15;9.000;15.000;4.000;28.000;11.000;10.333;8.800;15.600;17;16;0
2007;51;4;1;4;2.000;103.000;11.000;210.000;2.333;11.143;6.400;9.600;17;16;1
2007;51;8;6;2;3.000;100.000;1.000;186.000;8.667;10.667;2.200;6.600;17;16;1
2007;51;9;2;9;6.000;35.000;2.000;94.000;13.000;9.000;6.800;8.400;17;16;0
2007;51;11;8;20;17.000;4.000;9.000;4.000;15.000;19.000;15.800;15.400;17;16;0
2007;51;13;6;3;4.000;86.000;1.000;186.000;10.667;9.286;8.600;2.600;17;16;1
2007;51;14;9;5;10.000;14.000;5.000;24.000;9.000;8.750;13.400;12.000;17;16;0
2007;51;15;7;12;13.000;7.000;6.000;12.000;17.000;14.500;12.200;13.000;17;16;0
2007;51;17;9;7;12.000;10.000;5.000;24.000;8.333;8.600;13.400;11.800;17;16;0
2007;51;18;11;10;15.000;6.000;8.000;6.000;4.667;5.000;14.200;12.400;17;16;0
2007;51;21;4;18;8.000;21.000;3.000;51.000;4.667;4.857;12.000;9.200;17;16;0
2007;51;22;11;16;20.000;0.000;8.000;6.000;6.333;5.000;13.600;11.400;17;16;0
2007;51;23;7;6;16.000;5.000;6.000;12.000;12.667;14.286;11.800;12.600;17;16;0
2007;51;24;5;11;18.000;3.000;7.000;8.000;10.000;9.333;14.400;13.000;17;16;0
2007;51;29;12;22;23.000;0.000;10.000;1.000;16.000;20.000;18.200;14.400;17;16;0
2007;52;2;2;6;5.000;61.000;2.000;101.000;15.333;13.000;6.800;11.000;18;17;0
2007;52;3;3;10;9.000;20.000;4.000;33.000;20.000;9.634;10.600;17.400;18;17;0
2007;52;4;1;4;3.000;109.000;11.000;218.000;6.200;8.280;6.000;10.000;18;17;1
2007;52;8;6;3;1.000;110.000;1.000;204.000;5.833;7.396;2.000;3.000;18;17;1
2007;52;9;2;7;6.000;39.000;2.000;101.000;9.000;10.667;9.400;10.400;18;17;0
2007;52;11;8;18;17.000;4.000;9.000;4.000;8.750;13.000;15.600;16.800;18;17;0
2007;52;13;6;1;4.000;94.000;1.000;204.000;9.000;7.265;6.600;2.800;18;17;1
2007;52;14;9;9;10.000;14.000;5.000;24.000;9.583;14.750;12.800;9.800;18;17;0
2007;52;15;7;8;13.000;8.000;6.000;13.000;12.700;13.500;12.800;14.400;18;17;0
2007;52;17;9;5;12.000;10.000;5.000;24.000;15.200;13.600;13.600;10.200;18;17;0
2007;52;18;11;16;15.000;6.000;8.000;6.000;8.857;5.000;11.000;10.800;18;17;0
2007;52;21;4;12;8.000;21.000;3.000;51.000;8.000;8.267;11.800;8.800;18;17;0
2007;52;22;11;11;20.000;0.000;8.000;6.000;13.357;9.667;13.000;12.000;18;17;0
2007;52;23;7;15;16.000;5.000;6.000;13.000;10.500;13.000;14.600;14.000;18;17;0
2007;52;24;5;14;18.000;3.000;7.000;8.000;13.000;14.000;11.800;11.200;18;17;0
2007;52;29;12;22;24.000;0.000;10.000;1.000;16.000;15.000;17.200;14.600;18;17;0
2008;18;1;1;1;1.000;10.000;1.000;14.000;3.000;8.167;6.600;10.400;1;1;1
2008;18;2;2;5;2.000;8.000;3.000;8.000;11.250;8.500;7.200;8.600;1;1;1
2008;18;3;3;7;3.000;6.000;2.000;9.000;14.000;9.583;10.000;12.800;1;1;1
2008;18;4;4;11;4.000;5.000;4.000;5.000;4.667;6.750;6.000;12.800;1;1;0
2008;18;5;1;3;5.000;4.000;1.000;14.000;10.000;7.880;8.600;6.400;1;1;0
2008;18;8;6;15;8.000;1.000;6.000;1.000;6.143;7.667;1.800;2.600;1;1;0
2008;19;1;1;9;1.000;14.000;1.000;24.000;2.000;8.667;6.400;3.600;2;2;0
2008;19;2;2;5;3.000;11.000;2.000;19.000;11.375;11.000;6.800;8.000;2;2;0
2008;19;3;3;16;6.000;6.000;4.000;9.000;20.000;11.778;9.400;7.000;2;2;0
2008;19;4;4;7;7.000;6.000;5.000;6.000;4.500;6.583;6.600;13.200;2;2;0
2008;19;5;1;8;4.000;10.000;1.000;24.000;8.000;8.474;8.200;4.200;2;2;1
2008;19;8;6;2;2.000;11.000;3.000;11.000;13.143;4.444;2.800;5.400;2;2;1
2008;19;9;2;4;5.000;8.000;2.000;19.000;18.000;10.000;9.600;5.600;2;2;1
2008;19;11;8;19;18.000;0.000;11.000;0.000;12.750;15.000;13.400;15.600;2;2;0
2008;19;14;9;12;12.000;0.000;7.000;2.000;12.333;13.667;11.000;14.000;2;2;0
2008;19;15;7;3;8.000;5.000;6.000;5.000;10.222;10.385;12.000;13.000;2;2;0
2008;19;17;9;6;11.000;2.000;7.000;2.000;16.000;13.000;14.800;13.800;2;2;0
2008;19;18;11;11;13.000;0.000;9.000;0.000;9.500;9.000;14.200;18.000;2;2;0
2008;19;19;8;21;17.000;0.000;11.000;0.000;17.500;15.200;17.600;14.400;2;2;0
2008;19;21;10;17;15.000;0.000;10.000;0.000;11.111;20.000;16.200;19.000;2;2;0
2008;19;22;11;14;16.000;0.000;9.000;0.000;7.222;9.200;15.200;17.000;2;2;0
2008;20;1;1;3;3.000;14.000;3.000;28.000;2.000;7.625;6.600;3.400;3;3;0
2008;20;2;2;6;2.000;16.000;1.000;30.000;11.750;10.500;7.000;4.800;3;3;0
2008;20;3;3;8;8.000;7.000;4.000;10.000;8.500;9.500;11.000;10.000;3;3;0
2008;20;4;4;10;9.000;6.000;6.000;6.000;3.250;8.500;7.600;11.400;3;3;0
2008;20;5;1;5;5.000;14.000;3.000;28.000;9.000;8.222;7.200;5.400;3;3;0
2008;20;8;6;4;1.000;19.000;2.000;29.000;7.250;5.500;2.800;8.600;3;3;1
2008;20;9;2;1;4.000;14.000;1.000;30.000;6.000;9.200;8.200;4.600;3;3;1
2008;20;11;8;22;20.000;0.000;11.000;0.000;14.250;18.000;13.600;15.000;3;3;0
2008;20;13;6;2;6.000;10.000;2.000;29.000;7.250;5.111;8.600;8.600;3;3;1
2008;20;14;9;17;13.000;0.000;7.000;4.000;13.500;13.500;8.800;13.400;3;3;0
2008;20;15;7;7;7.000;8.000;5.000;8.000;7.250;9.222;10.600;11.800;3;3;0
2008;20;17;9;11;10.000;4.000;7.000;4.000;9.250;14.143;14.800;13.000;3;3;0
2008;20;18;11;9;15.000;0.000;9.000;0.000;10.500;13.250;12.600;15.800;3;3;0
2008;20;19;8;21;19.000;0.000;11.000;0.000;16.000;17.800;17.400;15.600;3;3;0
2008;20;21;10;18;18.000;0.000;10.000;0.000;14.500;19.000;14.200;17.600;3;3;0
2008;20;22;11;12;16.000;0.000;9.000;0.000;9.750;14.800;15.200;16.800;3;3;0
2008;21;1;1;5;2.000;20.000;3.000;34.000;2.000;8.441;9.000;6.200;4;4;1
2008;21;2;2;9;5.000;16.000;2.000;35.000;10.875;9.750;5.000;4.800;4;4;0
2008;21;3;3;15;9.000;7.000;4.000;12.000;8.500;8.765;9.000;11.800;4;4;0
2008;21;4;4;2;10.000;6.000;7.000;6.000;4.167;6.333;5.400;12.200;4;4;0
2008;21;5;1;6;6.000;14.000;3.000;34.000;7.000;8.286;7.800;5.800;4;4;0
2008;21;8;6;1;1.000;29.000;1.000;47.000;11.714;7.559;2.600;7.200;4;4;1
2008;21;9;2;4;3.000;19.000;2.000;35.000;4.000;9.600;7.400;4.800;4;4;0
2008;21;11;8;22;19.000;0.000;11.000;0.000;11.500;14.500;14.000;16.600;4;4;0
2008;21;13;6;3;4.000;18.000;1.000;47.000;6.000;7.371;7.600;4.800;4;4;1
2008;21;14;9;17;15.000;0.000;6.000;8.000;8.929;13.167;11.600;11.600;4;4;0
2008;21;15;7;8;7.000;9.000;5.000;9.000;10.000;11.615;9.200;10.200;4;4;0
2008;21;17;9;7;8.000;8.000;6.000;8.000;12.667;13.000;12.200;10.600;4;4;0
2008;21;18;11;13;12.000;3.000;8.000;3.000;11.286;8.750;14.600;15.400;4;4;0
2008;21;19;8;21;20.000;0.000;11.000;0.000;11.000;14.200;17.200;15.400;4;4;0
2008;21;21;10;19;16.000;0.000;10.000;0.000;10.917;20.000;15.600;16.800;4;4;0
2008;21;22;11;11;17.000;0.000;8.000;3.000;10.533;8.200;15.400;12.200;4;4;0
2008;22;1;1;3;3.000;28.000;3.000;42.000;5.000;6.333;5.800;8.200;5;5;1
2008;22;2;2;9;5.000;20.000;2.000;44.000;12.000;9.500;5.400;4.400;5;5;0
2008;22;3;3;11;10.000;8.000;4.000;13.000;12.500;14.000;8.600;12.000;5;5;0
2008;22;4;4;7;8.000;9.000;7.000;9.000;2.333;4.833;8.000;15.200;5;5;0
2008;22;5;1;2;6.000;14.000;3.000;42.000;6.000;5.714;9.400;8.000;5;5;0
2008;22;8;6;4;1.000;35.000;1.000;63.000;8.000;5.667;2.600;5.000;5;5;1
2008;22;9;2;5;4.000;24.000;2.000;44.000;10.000;8.600;4.600;5.000;5;5;0
2008;22;13;6;1;2.000;28.000;1.000;63.000;7.000;5.286;7.400;1.800;5;5;1
2008;22;14;9;10;14.000;0.000;5.000;10.000;10.667;12.167;12.400;9.800;5;5;0
2008;22;15;7;8;9.000;9.000;6.000;9.000;10.333;10.714;8.200;9.400;5;5;0
2008;22;17;9;6;7.000;10.000;5.000;10.000;17.333;11.714;11.200;10.200;5;5;0
2008;22;18;11;13;12.000;3.000;8.000;3.000;7.333;10.500;14.800;13.400;5;5;0
2008;22;20;5;14;22.000;0.000;9.000;2.000;19.000;17.000;20.000;19.200;5;5;0
2008;22;21;10;20;16.000;0.000;10.000;0.000;6.333;16.000;15.400;15.600;5;5;0
2008;22;22;11;12;17.000;0.000;8.000;3.000;11.667;10.600;15.600;13.000;5;5;0
2008;23;1;1;3;1.000;38.000;2.000;53.000;2.000;9.671;4.800;7.800;6;6;1
2008;23;2;2;12;5.000;20.000;3.000;52.000;8.875;8.000;5.200;5.000;6;6;0
2008;23;3;3;6;10.000;8.000;4.000;15.000;15.500;9.783;9.400;12.400;6;6;0
2008;23;4;4;7;8.000;9.000;7.000;9.000;6.000;10.333;8.600;15.200;6;6;0
2008;23;5;1;4;6.000;15.000;2.000;53.000;13.000;9.558;8.400;7.000;6;6;0
2008;23;8;6;2;2.000;35.000;1.000;69.000;10.429;7.584;3.000;1.600;6;6;0
2008;23;9;2;5;4.000;32.000;3.000;52.000;5.000;9.200;4.400;7.200;6;6;1
2008;23;13;6;1;3.000;34.000;1.000;69.000;8.000;7.595;7.200;3.200;6;6;1
2008;23;14;9;15;16.000;0.000;5.000;15.000;10.846;14.667;12.400;8.000;6;6;0
2008;23;15;7;8;9.000;9.000;6.000;9.000;11.091;11.923;8.600;10.800;6;6;0
2008;23;17;9;9;7.000;15.000;5.000;15.000;14.833;15.286;8.600;10.400;6;6;0
2008;23;18;11;11;13.000;3.000;9.000;6.000;12.571;10.125;13.200;11.600;6;6;0
2008;23;21;10;20;18.000;0.000;10.000;0.000;8.917;15.000;15.000;16.400;6;6;0
2008;23;22;11;14;14.000;3.000;9.000;6.000;9.000;10.222;15.200;11.600;6;6;0
2008;24;1;1;1;2.000;38.000;3.000;53.000;1.000;9.793;4.800;8.000;7;7;0
2008;24;2;2;8;5.000;28.000;2.000;70.000;12.250;10.500;7.600;5.800;7;7;1
2008;24;3;3;5;10.000;8.000;6.000;15.000;15.500;10.390;12.000;11.400;7;7;0
2008;24;4;4;4;9.000;9.000;7.000;9.000;10.167;12.962;9.800;13.600;7;7;0
2008;24;5;1;7;6.000;15.000;3.000;53.000;4.000;9.949;9.000;8.400;7;7;0
2008;24;8;6;3;4.000;35.000;1.000;73.000;4.000;8.386;3.200;3.600;7;7;0
2008;24;9;2;2;1.000;42.000;2.000;70.000;17.000;8.800;3.000;5.400;7;7;1
2008;24;10;7;11;13.000;5.000;5.000;17.000;7.000;13.000;13.200;11.200;7;7;0
2008;24;13;6;6;3.000;38.000;1.000;73.000;10.000;8.552;5.200;6.800;7;7;0
2008;24;14;9;13;12.000;6.000;4.000;21.000;9.429;9.833;13.400;8.800;7;7;1
2008;24;15;7;14;8.000;12.000;5.000;17.000;13.091;12.308;8.200;10.400;7;7;0
2008;24;17;9;10;7.000;15.000;4.000;21.000;9.833;8.857;6.000;8.400;7;7;0
2008;24;18;11;20;16.000;3.000;8.000;8.000;12.750;15.000;11.800;11.600;7;7;0
2008;24;21;10;17;18.000;0.000;10.000;0.000;9.167;20.000;14.400;17.800;7;7;0
2008;24;22;11;9;15.000;5.000;8.000;8.000;10.000;14.200;12.000;10.600;7;7;0
2008;25;1;1;13;4.000;38.000;3.000;58.000;3.000;8.676;7.600;9.800;8;8;0
2008;25;2;2;11;5.000;28.000;2.000;74.000;10.125;7.000;6.800;4.600;8;8;0
2008;25;3;3;19;10.000;8.000;6.000;15.000;11.500;6.588;11.200;13.400;8;8;0
2008;25;4;4;3;9.000;10.000;7.000;12.000;7.833;8.000;11.400;15.000;8;8;0
2008;25;5;1;10;6.000;20.000;3.000;58.000;15.000;8.714;10.200;9.400;8;8;0
2008;25;8;6;1;3.000;43.000;1.000;91.000;4.000;6.912;6.600;7.200;8;8;1
2008;25;9;2;5;2.000;46.000;2.000;74.000;4.000;8.200;2.800;6.400;8;8;0
2008;25;13;6;2;1.000;48.000;1.000;91.000;10.200;6.771;2.400;7.400;8;8;1
2008;25;14;9;7;12.000;6.000;4.000;24.000;7.077;12.667;12.200;9.000;8;8;0
2008;25;15;7;4;7.000;18.000;5.000;23.000;11.455;11.615;8.600;9.200;8;8;1
2008;25;17;9;6;8.000;18.000;4.000;24.000;10.833;12.143;7.000;9.400;8;8;0
2008;25;18;11;16;16.000;3.000;8.000;8.000;10.500;14.000;12.000;9.800;8;8;0
2008;25;21;10;17;19.000;0.000;10.000;0.000;11.750;19.000;14.800;17.200;8;8;0
2008;25;22;11;20;15.000;5.000;8.000;8.000;9.533;15.200;10.800;11.000;8;8;0
2008;26;1;1;4;1.000;48.000;3.000;72.000;3.000;8.873;7.000;10.000;9;9;1
2008;26;2;2;5;5.000;36.000;2.000;82.000;10.875;6.250;8.600;4.600;9;9;1
2008;26;3;3;20;11.000;8.000;6.000;16.000;10.500;9.686;12.800;12.600;9;9;0
2008;26;4;4;6;9.000;13.000;7.000;15.000;8.167;10.857;11.000;13.000;9;9;0
2008;26;5;1;1;6.000;24.000;3.000;72.000;7.000;8.750;10.000;8.600;9;9;0
2008;26;8;6;3;3.000;48.000;1.000;96.000;4.429;9.260;6.600;5.800;9;9;0
2008;26;9;2;10;4.000;46.000;2.000;82.000;4.000;5.400;3.200;4.600;9;9;0
2008;26;13;6;9;2.000;48.000;1.000;96.000;7.600;9.206;2.400;6.000;9;9;0
2008;26;14;9;11;13.000;6.000;5.000;24.000;7.929;14.500;10.400;6.800;9;9;0
2008;26;15;7;14;7.000;20.000;4.000;25.000;12.273;14.538;8.000;7.200;9;9;0
2008;26;17;9;2;8.000;18.000;5.000;24.000;16.167;15.286;6.800;10.000;9;9;0
2008;26;18;11;17;16.000;3.000;8.000;14.000;9.750;12.167;11.800;11.600;9;9;0
2008;26;21;10;19;19.000;0.000;10.000;0.000;8.167;18.000;16.000;17.800;9;9;0
2008;26;22;11;16;10.000;11.000;8.000;14.000;8.267;12.571;11.400;13.400;9;9;1
2008;27;2;2;12;5.000;41.000;2.000;89.000;13.571;16.000;7.200;7.000;10;10;0
2008;27;3;3;13;12.000;8.000;7.000;16.000;20.000;9.179;11.800;12.600;10;10;0
2008;27;4;4;5;9.000;13.000;6.000;23.000;4.600;10.043;9.200;10.800;10;10;0
2008;27;8;6;6;3.000;51.000;1.000;105.000;15.000;9.333;7.200;5.000;10;10;0
2008;27;13;6;2;2.000;54.000;1.000;105.000;7.500;9.279;4.600;5.200;10;10;1
2008;27;14;9;10;14.000;6.000;5.000;24.000;6.923;8.750;12.000;11.400;10;10;0
2008;27;15;7;4;7.000;20.000;4.000;25.000;10.400;11.545;7.800;10.600;10;10;0
2008;27;17;9;8;8.000;18.000;5.000;24.000;13.600;9.600;7.800;11.600;10;10;0
2008;27;18;11;14;17.000;3.000;8.000;14.000;6.143;10.000;13.600;11.800;10;10;0
2008;27;21;10;20;19.000;0.000;10.000;0.000;10.500;15.000;17.400;17.400;10;10;0
2008;27;22;11;18;10.000;11.000;8.000;14.000;12.429;12.333;8.800;13.800;10;10;0
2008;28;1;1;1;1.000;62.000;2.000;100.000;1.000;8.455;6.400;3.200;11;11;0
2008;28;2;2;15;5.000;41.000;3.000;90.000;8.625;8.250;7.000;6.400;11;11;0
2008;28;3;3;14;13.000;8.000;7.000;16.000;12.000;6.977;12.200;11.200;11;11;0
2008;28;4;4;7;8.000;18.000;5.000;31.000;8.500;10.500;10.200;8.400;11;11;0
2008;28;5;1;2;6.000;38.000;2.000;100.000;8.000;8.378;6.200;3.400;11;11;1
2008;28;8;6;6;2.000;57.000;1.000;111.000;7.286;9.636;7.800;5.400;11;11;1
2008;28;9;2;4;4.000;49.000;3.000;90.000;13.500;8.600;5.800;7.400;11;11;0
2008;28;13;6;3;3.000;54.000;1.000;111.000;12.000;9.489;5.000;5.800;11;11;0
2008;28;14;9;13;15.000;6.000;6.000;24.000;7.929;13.833;12.800;13.600;11;11;0
2008;28;15;7;9;7.000;22.000;4.000;35.000;10.455;9.923;7.600;10.000;11;11;0
2008;28;17;9;8;9.000;18.000;6.000;24.000;11.333;13.429;10.200;14.600;11;11;0
2008;28;18;11;12;17.000;3.000;8.000;14.000;11.000;11.000;14.800;13.400;11;11;0
2008;28;20;5;11;16.000;6.000;9.000;8.000;16.000;16.000;10.400;13.600;11;11;0
2008;28;21;10;18;19.000;0.000;10.000;0.000;13.455;19.000;16.600;17.000;11;11;0
2008;28;22;11;17;12.000;11.000;8.000;14.000;11.067;11.200;9.600;13.000;11;11;0
2008;30;1;1;1;1.000;76.000;2.000;119.000;4.000;7.233;3.800;3.400;13;13;1
2008;30;2;2;5;5.000;49.000;3.000;107.000;12.800;7.000;7.600;7.400;13;13;1
2008;30;3;3;15;14.000;9.000;7.000;17.000;6.000;8.500;11.400;12.800;13;13;0
2008;30;4;4;6;8.000;23.000;5.000;36.000;10.750;11.667;9.800;8.600;13;13;0
2008;30;5;1;3;6.000;43.000;2.000;119.000;8.000;7.136;3.800;3.000;13;13;0
2008;30;8;6;4;4.000;57.000;1.000;131.000;7.600;9.717;6.600;8.400;13;13;0
2008;30;9;2;8;3.000;58.000;3.000;107.000;9.000;5.333;7.400;6.400;13;13;0
2008;30;13;6;2;2.000;74.000;1.000;131.000;7.750;9.794;7.000;11.400;13;13;1
2008;30;14;9;14;16.000;6.000;6.000;25.000;9.833;13.250;14.000;13.600;13;13;0
2008;30;15;7;11;7.000;26.000;4.000;41.000;13.556;9.667;6.200;6.000;13;13;0
2008;30;17;9;7;9.000;19.000;6.000;25.000;12.000;12.800;11.200;12.000;13;13;0
2008;30;18;11;17;18.000;3.000;9.000;14.000;12.333;13.500;15.400;15.000;13;13;0
2008;30;20;5;10;12.000;13.000;8.000;17.000;20.000;13.333;13.000;12.200;13;13;0
2008;30;21;10;20;19.000;0.000;10.000;0.000;11.778;13.000;16.000;16.000;13;13;0
2008;30;22;11;16;13.000;11.000;9.000;14.000;12.154;13.714;13.400;14.400;13;13;0
2008;31;1;1;15;1.000;78.000;2.000;129.000;2.000;10.329;2.400;4.000;14;14;0
2008;31;2;2;10;5.000;53.000;3.000;117.000;9.857;5.000;5.400;5.600;14;14;0
2008;31;3;3;5;14.000;9.000;8.000;17.000;14.000;9.475;10.600;12.400;14;14;0
2008;31;4;4;8;7.000;28.000;5.000;41.000;9.833;11.308;9.000;12.200;14;14;0
2008;31;5;1;2;6.000;51.000;2.000;129.000;7.000;10.287;5.000;5.200;14;14;1
2008;31;8;6;14;4.000;57.000;1.000;134.000;7.714;9.182;9.800;11.000;14;14;0
2008;31;9;2;11;3.000;64.000;3.000;117.000;4.000;5.000;7.600;5.000;14;14;1
2008;31;13;6;6;2.000;77.000;1.000;134.000;13.600;9.181;7.000;9.400;14;14;0
2008;31;14;9;13;16.000;6.000;7.000;26.000;13.071;13.667;14.400;11.400;14;14;0
2008;31;15;7;7;8.000;26.000;4.000;41.000;12.455;12.615;8.800;9.600;14;14;0
2008;31;17;9;3;10.000;20.000;7.000;26.000;10.833;14.000;11.600;12.800;14;14;0
2008;31;18;11;19;18.000;3.000;9.000;14.000;10.250;11.273;14.400;15.800;14;14;0
2008;31;20;5;1;9.000;23.000;6.000;27.000;18.000;16.000;11.600;9.200;14;14;1
2008;31;21;10;12;19.000;0.000;10.000;0.000;9.000;19.000;15.800;16.400;14;14;0
2008;31;22;11;16;13.000;11.000;9.000;14.000;8.333;11.583;14.400;15.600;14;14;0
2008;33;1;1;1;1.000;84.000;2.000;135.000;1.000;9.833;4.000;6.400;16;16;0
2008;33;2;2;16;5.000;56.000;3.000;128.000;14.000;10.500;6.400;6.200;16;16;0
2008;33;3;3;15;13.000;17.000;8.000;26.000;18.000;20.000;10.000;10.000;16;16;0
2008;33;4;4;4;7.000;48.000;4.000;66.000;20.000;3.500;6.600;11.000;16;16;1
2008;33;5;1;3;6.000;51.000;2.000;135.000;2.000;10.143;5.400;6.800;16;16;0
2008;33;8;6;2;4.000;63.000;1.000;142.000;3.000;9.667;12.600;8.800;16;16;1
2008;33;9;2;6;3.000;72.000;3.000;128.000;7.000;10.000;6.200;6.800;16;16;1
2008;33;13;6;5;2.000;79.000;1.000;142.000;6.000;8.714;7.600;9.200;16;16;0
2008;33;14;9;11;16.000;8.000;7.000;29.000;4.000;12.000;12.400;11.400;16;16;0
2008;33;15;7;7;9.000;30.000;5.000;50.000;13.000;16.000;11.400;12.600;16;16;0
2008;33;17;9;13;10.000;21.000;7.000;29.000;20.000;14.667;11.000;13.800;16;16;0
2008;33;18;11;18;18.000;3.000;9.000;14.000;11.000;10.500;12.800;15.800;16;16;0
2008;33;20;5;9;8.000;30.000;6.000;34.000;19.000;12.667;7.400;9.200;16;16;0
2008;33;21;10;20;19.000;0.000;10.000;0.000;5.000;18.000;16.000;17.600;16;16;0
2008;33;22;11;17;14.000;11.000;9.000;14.000;10.000;11.667;17.400;14.800;16;16;0
2008;34;1;1;1;1.000;94.000;2.000;145.000;19.000;10.000;5.400;8.800;17;17;1
2008;34;2;2;9;5.000;60.000;3.000;135.000;9.000;11.250;6.200;6.200;17;17;0
2008;34;3;3;14;13.000;17.000;8.000;26.000;13.500;11.250;9.400;9.600;17;17;0
2008;34;4;4;4;6.000;53.000;4.000;72.000;2.250;5.625;6.000;7.200;17;17;0
2008;34;5;1;5;7.000;51.000;2.000;145.000;9.000;9.000;8.600;8.600;17;17;0
2008;34;8;6;2;4.000;69.000;1.000;156.000;6.750;8.500;12.600;8.800;17;17;1
2008;34;9;2;11;3.000;75.000;3.000;135.000;15.500;10.000;5.000;6.600;17;17;0
2008;34;10;7;12;10.000;22.000;5.000;52.000;15.000;15.000;10.000;11.400;17;17;0
2008;34;13;6;3;2.000;87.000;1.000;156.000;8.750;7.889;5.600;8.200;17;17;1
2008;34;14;9;15;16.000;8.000;7.000;29.000;8.750;8.833;14.200;12.200;17;17;0
2008;34;15;7;7;9.000;30.000;5.000;52.000;15.667;14.111;11.000;10.200;17;17;0
2008;34;17;9;16;11.000;21.000;7.000;29.000;8.750;9.000;10.800;12.600;17;17;0
2008;34;18;11;18;18.000;3.000;9.000;14.000;4.750;7.500;13.200;14.400;17;17;0
2008;34;20;5;6;8.000;30.000;6.000;34.000;4.000;9.400;4.600;9.200;17;17;0
2008;34;21;10;20;19.000;0.000;10.000;0.000;6.250;19.000;16.200;16.800;17;17;0
2008;34;22;11;13;14.000;11.000;9.000;14.000;8.500;9.200;16.800;14.200;17;17;0
2008;35;1;1;4;1.000;98.000;2.000;151.000;7.000;8.176;5.200;11.600;18;18;0
2008;35;2;2;8;6.000;60.000;3.000;135.000;14.000;9.250;5.400;6.600;18;18;0
2008;35;3;3;18;13.000;17.000;8.000;26.000;13.000;9.512;10.800;12.200;18;18;0
2008;35;4;4;6;5.000;61.000;4.000;80.000;5.667;9.125;2.800;7.400;18;18;1
2008;35;5;1;5;7.000;53.000;2.000;151.000;17.000;8.115;11.400;10.600;18;18;0
2008;35;6;3;16;15.000;9.000;8.000;26.000;10.000;9.568;12.200;13.000;18;18;0
2008;35;8;6;3;3.000;75.000;1.000;172.000;5.143;7.160;9.600;5.600;18;18;1
2008;35;9;2;13;4.000;75.000;3.000;135.000;7.000;9.400;5.600;6.400;18;18;0
2008;35;10;7;10;10.000;25.000;5.000;56.000;15.000;12.833;10.000;13.400;18;18;0
2008;35;13;6;1;2.000;97.000;1.000;172.000;7.600;7.078;5.800;3.600;18;18;1
2008;35;14;9;14;16.000;8.000;7.000;29.000;9.538;14.667;12.800;14.000;18;18;0
2008;35;15;7;2;9.000;31.000;5.000;56.000;12.273;12.308;14.000;11.400;18;18;0
2008;35;17;9;12;11.000;21.000;7.000;29.000;16.000;15.429;11.200;14.400;18;18;0
2008;35;18;11;17;18.000;3.000;9.000;14.000;10.125;11.250;13.800;14.600;18;18;0
2008;35;20;5;7;8.000;35.000;6.000;39.000;18.000;13.800;5.200;10.400;18;18;0
2008;35;21;10;19;19.000;0.000;10.000;0.000;9.273;16.000;16.800;17.200;18;18;0
2008;35;22;11;15;14.000;11.000;9.000;14.000;13.533;11.600;15.800;13.400;18;18;0
2009;1;2;2;9;10.000;0.000;7.000;0.000;10.222;7.500;7.000;6.800;1;1;0
2009;1;3;3;5;6.000;3.000;4.000;3.000;10.333;9.192;10.800;14.200;1;1;0
2009;1;4;4;10;5.000;4.000;3.000;4.000;4.571;6.929;2.400;7.400;1;1;0
2009;1;7;5;17;8.000;1.000;5.000;3.000;7.000;14.500;13.400;9.200;1;1;0
2009;1;8;6;7;15.000;0.000;9.000;0.000;6.375;7.885;6.600;3.200;1;1;0
2009;1;9;2;4;14.000;0.000;7.000;0.000;14.500;7.857;6.600;8.400;1;1;0
2009;1;10;7;19;4.000;5.000;2.000;11.000;10.000;12.214;9.400;9.200;1;1;0
2009;1;15;7;20;3.000;6.000;2.000;11.000;12.083;11.667;12.400;9.000;1;1;1
2009;1;16;10;16;9.000;0.000;6.000;0.000;16.500;18.500;17.800;17.200;1;1;0
2009;1;17;9;8;12.000;0.000;8.000;0.000;13.286;12.625;11.400;12.200;1;1;0
2009;1;20;9;3;13.000;0.000;8.000;0.000;20.000;12.556;5.000;13.000;1;1;0
2009;1;21;10;15;11.000;0.000;6.000;0.000;10.231;15.333;17.000;15.800;1;1;0
2009;1;22;23;2;2.000;8.000;1.000;18.000;10.538;1.000;15.000;1.000;1;1;1
2009;2;1;1;12;10.000;1.000;8.000;1.000;3.500;8.200;8.200;13.800;2;2;0
2009;2;2;2;10;5.000;4.000;3.000;4.000;10.778;8.667;8.000;10.200;2;2;1
2009;2;3;3;4;7.000;3.500;5.000;3.500;18.000;12.150;9.200;13.000;2;2;0
2009;2;4;4;9;6.000;4.000;4.000;4.000;5.000;7.000;2.600;10.200;2;2;0
2009;2;5;1;14;20.000;0.000;8.000;1.000;5.500;8.143;14.200;11.600;2;2;0
2009;2;6;3;11;15.000;0.000;5.000;3.500;17.000;11.952;14.000;12.200;2;2;0
2009;2;7;5;15;11.000;1.000;6.000;3.000;20.000;16.333;11.400;8.400;2;2;0
2009;2;8;6;7;18.000;0.000;10.000;0.000;11.625;5.000;7.800;7.400;2;2;0
2009;2;9;2;6;19.000;0.000;3.000;4.000;10.000;7.714;8.800;9.400;2;2;0
2009;2;10;7;3;4.000;8.000;2.000;16.500;20.000;9.929;8.000;8.200;2;2;1
2009;2;12;4;17;17.000;0.000;4.000;4.000;11.000;7.267;13.600;10.800;2;2;0
2009;2;13;6;16;13.000;0.000;10.000;0.000;8.833;5.429;7.800;9.800;2;2;0
2009;2;15;7;2;3.000;8.500;2.000;16.500;9.600;9.467;10.400;4.800;2;2;0
2009;2;16;10;19;12.000;0.000;9.000;0.000;20.000;16.000;15.800;14.200;2;2;0
2009;2;17;9;5;9.000;1.500;7.000;1.500;14.714;12.250;12.200;13.600;2;2;0
2009;2;20;9;13;16.000;0.000;7.000;1.500;18.000;11.556;7.400;12.000;2;2;0
2009;2;21;10;18;14.000;0.000;9.000;0.000;11.200;16.333;15.200;14.200;2;2;0
2009;2;22;23;8;2.000;10.000;1.000;25.000;7.800;1.000;12.000;1.333;2;2;0
2009;3;1;1;9;10.000;4.000;4.000;8.000;10.000;9.900;9.000;14.600;17;3;0
2009;3;2;2;11;7.000;4.000;5.000;4.000;8.000;9.333;7.200;11.200;17;3;0
2009;3;3;3;7;11.000;3.500;8.000;3.500;14.000;11.700;10.400;12.200;17;3;0
2009;3;4;4;2;8.000;4.000;6.000;4.000;2.600;5.700;4.600;13.000;17;3;0
2009;3;5;1;12;9.000;4.000;4.000;8.000;13.500;9.545;16.200;14.400;17;3;0
2009;3;6;3;14;18.000;0.000;8.000;3.500;12.000;12.000;14.800;11.800;17;3;0
2009;3;7;5;15;13.000;1.000;7.000;4.000;13.000;9.333;11.000;9.000;17;3;0
2009;3;8;6;8;16.000;0.000;9.000;0.000;6.000;7.300;7.600;11.000;17;3;0
2009;3;9;2;17;19.000;0.000;5.000;4.000;12.333;9.714;10.400;11.400;17;3;0
2009;3;10;7;19;4.000;10.000;3.000;18.500;11.000;14.700;7.800;4.400;17;3;0
2009;3;12;4;16;20.000;0.000;6.000;4.000;8.000;6.000;12.200;11.000;17;3;0
2009;3;13;6;13;15.000;0.000;9.000;0.000;7.400;7.545;7.000;12.800;17;3;0
2009;3;15;7;6;6.000;8.500;3.000;18.500;16.750;14.000;8.000;4.200;17;3;0
2009;3;16;10;18;14.000;0.000;10.000;0.000;20.000;18.000;15.800;14.600;17;3;0
2009;3;17;9;3;5.000;9.500;2.000;19.500;9.800;9.625;9.800;11.000;17;3;1
2009;3;20;9;1;3.000;10.000;2.000;19.500;6.500;8.778;9.400;9.600;17;3;1
2009;3;21;10;20;17.000;0.000;10.000;0.000;8.400;17.667;16.000;14.400;17;3;0
2009;3;22;23;4;2.000;15.000;1.000;36.000;9.000;3.000;9.200;2.400;17;3;0
2009;4;1;1;5;7.000;9.000;4.000;13.000;7.500;7.900;7.800;11.400;3;4;0
2009;4;2;2;14;9.000;4.000;6.000;4.000;10.200;8.167;7.800;12.000;3;4;0
2009;4;3;3;9;11.000;3.500;8.000;3.500;8.333;9.800;11.200;14.200;3;4;0
2009;4;4;4;7;8.000;5.000;5.000;5.000;4.600;9.800;6.200;13.200;3;4;0
2009;4;5;1;11;10.000;4.000;4.000;13.000;7.000;7.545;13.800;8.400;3;4;0
2009;4;6;3;12;19.000;0.000;8.000;3.500;14.000;9.727;15.400;12.400;3;4;0
2009;4;7;5;20;14.000;1.000;7.000;4.000;15.000;17.167;11.200;10.400;3;4;0
2009;4;8;6;10;12.000;3.000;9.000;3.000;6.200;4.700;9.000;13.600;3;4;0
2009;4;9;2;13;20.000;0.000;6.000;4.000;4.500;9.714;12.600;13.000;3;4;0
2009;4;10;7;2;5.000;12.000;3.000;26.500;9.000;8.900;5.400;7.400;3;4;0
2009;4;12;4;15;17.000;0.000;5.000;5.000;20.000;9.636;14.600;11.400;3;4;0
2009;4;13;6;8;15.000;0.000;9.000;3.000;6.000;4.818;9.400;11.600;3;4;0
2009;4;15;7;1;4.000;14.500;3.000;26.500;7.000;8.727;11.000;8.200;3;4;1
2009;4;16;10;19;16.000;0.000;10.000;0.000;17.000;15.500;15.600;15.400;3;4;0
2009;4;17;9;18;6.000;9.500;2.000;27.500;8.800;13.250;8.600;7.400;3;4;0
2009;4;20;9;3;3.000;18.000;2.000;27.500;20.000;13.000;8.400;7.000;3;4;1
2009;4;21;10;17;18.000;0.000;10.000;0.000;14.000;15.667;15.600;16.400;3;4;0
2009;4;22;23;6;2.000;19.000;1.000;50.000;10.000;1.000;7.400;2.800;3;4;0
2009;5;1;1;14;7.000;9.000;4.000;13.000;2.500;8.528;8.400;9.400;4;5;0
2009;5;2;2;13;9.000;6.000;6.000;6.000;10.667;8.667;10.600;16.200;4;5;0
2009;5;3;3;9;10.000;4.500;8.000;4.500;10.333;8.861;10.000;14.800;4;5;0
2009;5;4;4;8;8.000;9.000;5.000;9.000;5.714;7.929;7.000;11.200;4;5;0
2009;5;5;1;18;11.000;4.000;4.000;13.000;12.000;8.541;12.600;7.200;4;5;0
2009;5;6;3;11;20.000;0.000;8.000;4.500;7.000;8.838;17.000;14.000;4;5;0
2009;5;7;5;17;15.000;1.000;9.000;4.000;19.000;18.333;11.200;13.000;4;5;0
2009;5;8;6;16;13.000;3.000;7.000;6.000;10.375;7.222;9.600;11.600;4;5;0
2009;5;9;2;10;18.000;0.000;6.000;6.000;4.000;8.429;15.000;13.800;4;5;0
2009;5;10;7;6;6.000;12.000;3.000;26.500;11.000;11.357;5.400;8.200;4;5;0
2009;5;12;4;12;17.000;0.000;5.000;9.000;20.000;7.733;15.000;9.600;4;5;0
2009;5;13;6;4;12.000;3.000;7.000;6.000;5.333;7.432;11.800;12.800;4;5;0
2009;5;15;7;7;5.000;14.500;3.000;26.500;9.833;11.267;7.600;9.400;4;5;0
2009;5;16;10;19;16.000;0.000;10.000;0.000;17.000;15.500;15.000;16.000;4;5;0
2009;5;17;9;5;4.000;15.500;2.000;38.500;11.571;12.000;8.000;6.200;4;5;1
2009;5;20;9;2;3.000;23.000;2.000;38.500;20.000;11.000;7.000;3.800;4;5;0
2009;5;21;10;20;19.000;0.000;10.000;0.000;10.846;17.000;15.200;16.400;4;5;0
2009;5;22;23;3;2.000;27.000;1.000;68.000;10.875;1.000;6.200;2.800;4;5;1
2009;6;1;1;19;9.000;9.000;5.000;13.000;1.500;9.538;9.200;9.200;6;6;0
2009;6;2;2;16;12.000;6.000;8.000;6.000;9.444;8.000;10.000;13.600;6;6;0
2009;6;3;3;6;11.000;7.500;7.000;7.500;15.667;9.839;9.200;13.600;6;6;0
2009;6;4;4;9;7.000;11.000;6.000;11.000;6.571;10.552;7.600;10.200;6;6;0
2009;6;5;1;7;13.000;4.000;5.000;13.000;10.500;9.570;14.400;10.600;6;6;0
2009;6;6;3;10;20.000;0.000;7.000;7.500;7.000;9.778;16.200;11.200;6;6;0
2009;6;7;5;14;15.000;2.000;9.000;5.000;20.000;13.167;12.200;15.000;6;6;0
2009;6;8;6;2;8.000;9.000;4.000;17.000;10.250;7.559;12.000;12.000;6;6;1
2009;6;9;2;17;19.000;0.000;8.000;6.000;3.500;8.429;15.000;13.200;6;6;0
2009;6;10;7;20;6.000;12.000;3.000;26.500;12.000;12.000;6.200;11.400;6;6;0
2009;6;12;4;12;18.000;0.000;6.000;11.000;17.000;10.433;13.600;8.400;6;6;0
2009;6;13;6;5;10.000;8.000;4.000;17.000;7.167;7.523;12.800;8.800;6;6;0
2009;6;15;7;18;5.000;14.500;3.000;26.500;11.250;11.867;9.400;9.400;6;6;0
2009;6;16;10;15;17.000;0.000;10.000;0.000;17.500;16.500;15.800;15.800;6;6;0
2009;6;17;9;8;4.000;19.500;2.000;42.500;13.286;13.875;6.800;4.200;6;6;0
2009;6;20;9;4;3.000;23.000;2.000;42.500;5.000;12.889;7.000;5.000;6;6;0
2009;6;21;10;13;16.000;0.000;10.000;0.000;9.615;15.667;14.400;15.800;6;6;0
2009;6;22;23;3;2.000;35.000;1.000;86.000;8.812;1.000;3.600;2.000;6;6;1
2009;7;1;1;16;11.000;9.000;5.000;13.000;3.500;6.500;7.600;13.000;5;7;0
2009;7;2;2;11;12.000;6.000;8.000;8.000;10.250;7.833;10.200;12.800;5;7;0
2009;7;3;3;9;7.000;11.500;6.000;11.500;11.000;13.875;9.200;12.400;5;7;0
2009;7;4;4;8;9.000;11.000;7.000;11.000;3.250;6.250;8.000;10.600;5;7;0
2009;7;5;1;14;13.000;4.000;5.000;13.000;9.000;7.222;13.800;13.200;5;7;0
2009;7;6;3;12;20.000;0.000;6.000;11.500;19.000;12.889;15.600;9.400;5;7;0
2009;7;7;5;20;16.000;2.000;9.000;5.000;18.000;17.000;12.200;16.400;5;7;0
2009;7;8;6;6;10.000;9.000;4.000;20.000;6.750;4.750;9.600;8.400;5;7;0
2009;7;9;2;10;15.000;2.000;8.000;8.000;8.000;8.286;15.600;11.400;5;7;0
2009;7;10;7;13;6.000;13.000;3.000;32.500;13.000;10.625;7.400;10.600;5;7;0
2009;7;12;4;17;19.000;0.000;7.000;11.000;15.000;6.667;14.000;10.600;5;7;0
2009;7;13;6;7;8.000;11.000;4.000;20.000;5.500;5.222;10.400;7.400;5;7;0
2009;7;15;7;5;5.000;19.500;3.000;32.500;10.250;10.333;11.400;11.600;5;7;0
2009;7;16;10;15;18.000;0.000;10.000;0.000;18.500;18.000;16.800;14.400;5;7;0
2009;7;17;9;4;4.000;27.500;2.000;56.500;14.750;11.125;5.400;6.400;5;7;1
2009;7;20;9;1;3.000;29.000;2.000;56.500;18.000;10.111;8.000;6.400;5;7;1
2009;7;21;10;19;17.000;0.000;10.000;0.000;9.750;17.667;14.000;14.800;5;7;0
2009;7;22;23;3;2.000;35.000;1.000;96.000;12.250;1.000;3.600;1.400;5;7;0
2009;8;1;1;18;11.000;9.000;6.000;13.000;2.000;8.692;8.800;14.200;9;8;0
2009;8;2;2;15;12.000;6.000;8.000;8.000;9.889;6.833;12.000;11.400;9;8;0
2009;8;3;3;7;7.000;15.500;5.000;15.500;10.000;9.642;8.600;10.200;9;8;0
2009;8;4;4;10;9.000;11.000;7.000;11.000;7.857;10.870;7.800;12.800;9;8;0
2009;8;5;1;13;13.000;4.000;6.000;13.000;6.000;8.803;12.600;14.200;9;8;0
2009;8;6;3;5;20.000;0.000;5.000;15.500;8.000;9.556;15.600;8.600;9;8;0
2009;8;7;5;17;16.000;2.000;9.000;5.000;11.000;16.333;13.800;15.800;9;8;0
2009;8;8;6;9;10.000;10.000;4.000;26.000;4.375;9.245;8.600;5.600;9;8;0
2009;8;9;2;12;15.000;2.000;8.000;8.000;9.000;8.000;13.200;12.200;9;8;0
2009;8;10;7;8;8.000;13.000;3.000;34.500;12.000;14.000;8.400;10.400;9;8;0
2009;8;12;4;14;19.000;0.000;7.000;11.000;16.000;11.000;14.600;13.200;9;8;0
2009;8;13;6;11;6.000;16.000;4.000;26.000;8.500;9.232;9.800;6.000;9;8;0
2009;8;15;7;4;5.000;21.500;3.000;34.500;11.833;13.667;11.400;8.800;9;8;0
2009;8;16;10;20;18.000;0.000;10.000;0.000;19.500;17.500;16.800;14.800;9;8;0
2009;8;17;9;3;4.000;35.500;2.000;74.500;15.286;14.625;4.600;6.400;9;8;1
2009;8;20;9;1;3.000;39.000;2.000;74.500;19.000;13.222;5.600;6.000;9;8;1
2009;8;21;10;16;17.000;0.000;10.000;0.000;8.846;17.333;14.400;15.400;9;8;0
2009;8;22;23;2;2.000;41.000;1.000;105.000;7.938;6.000;6.400;5.800;9;8;1
2009;9;1;1;5;11.000;9.000;6.000;14.000;9.000;10.630;10.800;15.800;20;9;0
2009;9;2;2;11;12.000;6.000;8.000;8.000;8.571;7.750;12.600;12.600;20;9;0
2009;9;3;3;15;7.000;20.500;5.000;20.500;13.500;9.719;6.600;9.600;20;9;0
2009;9;4;4;12;9.000;13.000;7.000;13.000;4.500;9.706;8.800;14.200;20;9;0
2009;9;5;1;6;13.000;5.000;6.000;14.000;8.000;10.787;15.600;16.200;20;9;0
2009;9;8;6;9;10.000;10.000;4.000;32.000;11.429;7.932;8.200;6.200;20;9;0
2009;9;9;2;16;15.000;2.000;8.000;8.000;7.000;8.200;13.200;11.200;20;9;0
2009;9;13;6;8;5.000;22.000;4.000;32.000;6.800;8.038;6.800;9.200;20;9;1
2009;9;15;7;14;6.000;21.500;3.000;34.500;12.300;14.231;8.800;7.400;20;9;0
2009;9;17;9;1;3.000;45.500;2.000;92.500;11.833;10.167;4.600;5.200;20;9;1
2009;9;21;10;18;17.000;0.000;10.000;0.000;10.917;15.000;13.600;15.800;20;9;0
2009;9;22;23;2;4.000;44.000;1.000;112.000;5.385;5.000;6.200;6.800;20;9;0
2009;10;1;1;4;8.000;19.000;5.000;28.000;3.000;8.217;13.600;15.200;11;10;1
2009;10;2;2;15;13.000;6.000;8.000;8.000;8.778;8.500;10.800;11.800;11;10;0
2009;10;3;3;5;5.000;25.500;6.000;25.500;12.667;7.261;5.600;8.800;11;10;0
2009;10;4;4;1;11.000;13.000;7.000;13.000;7.857;9.714;8.600;12.400;11;10;0
2009;10;5;1;6;12.000;9.000;5.000;28.000;4.500;8.064;14.800;12.600;11;10;0
2009;10;6;3;9;18.000;0.000;6.000;25.500;13.000;7.191;12.600;7.200;11;10;0
2009;10;8;6;7;9.000;18.000;3.000;40.000;6.750;9.652;10.800;8.000;11;10;1
2009;10;9;2;18;15.000;2.000;8.000;8.000;11.667;8.857;12.400;12.600;11;10;0
2009;10;10;7;13;10.000;16.000;4.000;38.500;2.000;9.714;9.200;9.200;11;10;0
2009;10;12;4;14;20.000;0.000;7.000;13.000;6.000;10.267;14.400;12.800;11;10;0
2009;10;13;6;19;7.000;22.000;3.000;40.000;12.833;9.489;4.600;7.200;11;10;0
2009;10;15;7;11;6.000;22.500;4.000;38.500;10.167;9.467;11.600;9.600;11;10;0
2009;10;16;10;17;19.000;0.000;10.000;0.000;18.000;17.000;16.600;14.600;11;10;0
2009;10;17;9;3;2.000;51.500;2.000;98.500;11.000;12.875;2.600;1.800;11;10;1
2009;10;20;9;2;3.000;47.000;2.000;98.500;18.000;11.778;5.600;1.800;11;10;0
2009;10;21;10;16;17.000;0.000;10.000;0.000;13.583;17.667;12.800;14.400;11;10;0
2009;10;22;23;12;4.000;44.000;1.000;114.000;11.375;7.000;6.400;5.400;11;10;0
2009;11;1;1;1;6.000;27.000;4.000;41.000;2.000;3.000;12.000;10.400;12;11;1
2009;11;2;2;11;13.000;6.000;8.000;9.000;9.000;6.000;11.600;12.200;12;11;0
2009;11;3;3;7;5.000;29.500;6.000;29.500;8.000;11.500;4.800;8.000;12;11;0
2009;11;4;4;8;11.000;16.000;7.000;16.000;20.000;15.500;11.200;12.400;12;11;0
2009;11;5;1;2;12.000;14.000;4.000;41.000;4.000;2.667;12.600;6.800;12;11;0
2009;11;6;3;17;19.000;0.000;6.000;29.500;15.000;9.333;11.800;6.800;12;11;0
2009;11;8;6;6;7.000;24.000;3.000;46.000;18.000;9.500;8.200;9.600;12;11;1
2009;11;9;2;10;14.000;3.000;8.000;9.000;3.000;7.667;12.800;11.800;12;11;0
2009;11;10;7;13;10.000;16.000;5.000;38.500;7.000;6.000;8.400;9.400;12;11;0
2009;11;15;7;18;8.000;22.500;5.000;38.500;5.000;8.667;9.800;10.800;12;11;0
2009;11;16;10;12;18.000;0.000;10.000;0.000;19.000;16.500;16.400;13.800;12;11;0
2009;11;17;9;9;3.000;51.500;2.000;98.500;12.000;14.500;2.600;4.800;12;11;0
2009;11;20;9;4;4.000;47.000;2.000;98.500;6.000;12.667;8.200;6.400;12;11;0
2009;11;21;10;16;17.000;0.000;10.000;0.000;14.000;14.333;12.800;13.800;12;11;0
2009;11;22;23;3;2.000;54.000;1.000;126.000;16.000;7.000;8.000;7.000;12;11;1
2009;12;1;1;12;7.000;27.000;4.000;44.000;3.500;7.200;10.000;4.000;13;12;0
2009;12;2;2;3;13.000;10.000;7.000;18.000;11.000;5.500;11.600;11.400;13;12;0
2009;12;3;3;10;6.000;30.500;6.000;30.500;9.000;8.696;4.600;9.600;13;12;0
2009;12;4;4;13;12.000;16.000;8.000;16.000;9.400;11.714;11.000;12.800;13;12;0
2009;12;5;1;15;10.000;17.000;4.000;44.000;9.000;7.457;10.200;6.200;13;12;0
2009;12;6;3;18;19.000;0.000;6.000;30.500;14.000;8.681;12.400;8.800;13;12;0
2009;12;8;6;6;5.000;34.000;3.000;56.000;9.333;9.713;8.200;9.000;13;12;1
2009;12;9;2;5;15.000;8.000;7.000;18.000;7.500;5.400;11.000;9.600;13;12;0
2009;12;10;7;7;11.000;16.000;5.000;38.500;9.000;10.300;9.200;11.600;13;12;0
2009;12;15;7;2;8.000;22.500;5.000;38.500;13.800;10.273;9.800;10.200;13;12;0
2009;12;16;10;11;18.000;0.000;9.000;8.000;13.500;15.000;15.600;13.200;13;12;0
2009;12;17;9;9;4.000;51.500;2.000;104.500;11.200;12.000;3.400;10.200;13;12;0
2009;12;20;9;8;3.000;53.000;2.000;104.500;13.000;11.571;8.600;11.600;13;12;1
2009;12;21;10;1;14.000;8.000;9.000;8.000;12.300;13.667;13.400;13.200;13;12;1
2009;12;22;23;4;2.000;56.000;1.000;128.000;12.643;17.000;7.800;8.400;13;12;0
2009;12;69;6;20;21.000;0.000;3.000;56.000;16.000;9.633;15.400;8.600;13;12;0
2009;13;1;1;1;7.000;27.000;4.000;47.000;4.500;10.185;11.200;7.200;14;13;0
2009;13;2;2;15;13.000;12.000;7.000;20.000;9.250;4.667;10.400;8.200;14;13;0
2009;13;3;3;18;6.000;30.500;6.000;30.500;14.000;9.590;5.200;10.600;14;13;0
2009;13;4;4;8;11.000;20.000;8.000;20.000;9.000;11.000;12.000;13.200;14;13;0
2009;13;5;1;4;10.000;20.000;4.000;47.000;4.500;10.207;8.600;8.600;14;13;0
2009;13;6;3;17;19.000;0.000;6.000;30.500;12.000;9.694;12.600;12.000;14;13;0
2009;13;8;6;3;5.000;40.000;3.000;62.000;7.875;9.163;6.600;11.000;14;13;1
2009;13;9;2;13;15.000;8.000;7.000;20.000;3.667;5.000;10.400;7.000;14;13;0
2009;13;10;7;16;12.000;16.000;5.000;38.500;11.000;12.643;9.600;12.200;14;13;0
2009;13;15;7;11;8.000;22.500;5.000;38.500;12.500;12.533;12.200;12.800;14;13;0
2009;13;16;10;2;16.000;5.000;9.000;13.000;19.000;19.500;14.400;9.800;14;13;0
2009;13;17;9;10;4.000;51.500;2.000;105.500;10.429;13.250;4.800;11.600;14;13;0
2009;13;20;9;9;3.000;54.000;2.000;105.500;9.500;14.000;8.600;12.200;14;13;0
2009;13;21;6;14;14.000;8.000;3.000;62.000;9.917;9.127;9.800;7.600;14;13;0
2009;13;22;23;5;2.000;66.000;1.000;146.000;8.875;2.000;5.400;6.800;14;13;1
2009;13;24;10;7;24.000;0.000;9.000;13.000;15.500;14.333;11.400;7.800;14;13;0
2009;14;1;1;1;6.000;37.000;4.000;59.000;3.000;6.500;10.400;9.400;15;14;1
2009;14;2;2;20;13.000;12.000;8.000;21.000;6.000;8.500;8.800;8.600;15;14;0
2009;14;3;3;3;7.000;30.500;6.000;30.500;2.000;5.000;7.400;13.000;15;14;0
2009;14;4;4;5;8.000;26.000;7.000;26.000;1.000;10.500;10.200;13.600;15;14;1
2009;14;5;1;8;12.000;22.000;4.000;59.000;10.000;4.667;5.800;8.800;15;14;0
2009;14;6;3;10;19.000;0.000;6.000;30.500;8.000;7.000;12.400;11.600;15;14;0
2009;14;8;6;12;5.000;40.000;3.000;62.000;15.000;14.000;5.600;8.800;15;14;0
2009;14;9;2;7;14.000;9.000;8.000;21.000;11.000;12.000;11.600;10.800;15;14;0
2009;14;10;7;6;9.000;24.000;5.000;46.500;4.000;10.000;10.000;12.800;15;14;1
2009;14;15;7;14;10.000;22.500;5.000;46.500;16.000;7.333;13.600;10.600;15;14;0
2009;14;16;10;15;16.000;5.000;9.000;13.000;17.000;15.500;11.800;9.200;15;14;0
2009;14;17;9;4;4.000;51.500;2.000;110.500;18.000;12.500;8.400;12.000;15;14;0
2009;14;20;9;2;3.000;59.000;2.000;110.500;5.000;14.000;10.000;11.400;15;14;0
2009;14;21;6;17;15.000;8.000;3.000;62.000;14.000;12.667;9.600;7.400;15;14;0
2009;14;22;23;9;2.000;69.000;1.000;153.000;19.000;5.000;5.000;6.400;15;14;0
2009;15;2;2;4;13.000;15.000;8.000;24.000;10.667;8.500;10.600;11.400;22;15;0
2009;15;3;3;7;7.000;34.500;6.000;34.500;10.000;9.200;8.800;11.800;22;15;0
2009;15;4;4;16;9.000;26.000;7.000;26.000;7.600;6.700;9.400;12.200;22;15;0
2009;15;8;6;5;5.000;45.000;3.000;67.000;6.333;8.875;3.800;9.800;22;15;0
2009;15;9;2;9;14.000;9.000;8.000;24.000;9.000;7.667;10.400;11.800;22;15;0
2009;15;10;7;20;10.000;24.000;5.000;54.500;15.000;10.900;8.600;11.000;22;15;0
2009;15;15;7;2;8.000;30.500;5.000;54.500;12.000;11.727;12.600;11.800;22;15;1
2009;15;17;9;19;4.000;51.500;2.000;120.500;12.800;12.250;11.600;10.400;22;15;0
2009;15;21;6;14;15.000;8.000;3.000;67.000;10.300;8.756;10.000;7.800;22;15;0
2009;15;22;23;6;2.000;71.000;1.000;156.000;10.500;8.000;5.000;4.400;22;15;0
2009;15;24;10;18;21.000;0.000;9.000;13.000;14.000;13.000;11.800;13.200;22;15;0
2009;16;1;1;17;5.000;49.000;3.000;71.000;6.000;8.094;7.400;5.600;18;16;1
2009;16;2;2;18;14.000;15.000;7.000;32.000;13.500;9.667;9.600;12.200;18;16;0
2009;16;3;3;7;7.000;34.500;6.000;34.500;12.667;9.733;9.000;10.000;18;16;0
2009;16;4;4;10;9.000;26.000;8.000;26.000;5.143;9.278;7.800;12.800;18;16;0
2009;16;5;1;16;12.000;22.000;3.000;71.000;12.000;8.000;6.800;5.000;18;16;0
2009;16;6;3;9;19.000;0.000;6.000;34.500;13.500;9.870;13.000;11.200;18;16;0
2009;16;8;6;5;6.000;48.000;4.000;70.000;4.875;6.962;4.200;9.600;18;16;0
2009;16;9;2;8;13.000;17.000;7.000;32.000;8.333;10.714;9.600;11.800;18;16;1
2009;16;15;7;4;8.000;30.500;5.000;54.500;11.917;12.000;11.400;10.000;18;16;0
2009;16;16;10;3;16.000;5.000;9.000;13.000;15.500;17.000;11.200;15.200;18;16;0
2009;16;17;9;2;4.000;61.500;2.000;135.500;15.000;14.625;14.400;9.400;18;16;1
2009;16;20;9;15;2.000;74.000;2.000;135.500;11.000;13.111;7.200;8.000;18;16;0
2009;16;21;6;19;15.000;8.000;4.000;70.000;10.000;6.943;9.600;9.000;18;16;0
2009;16;22;23;1;3.000;72.000;1.000;161.000;13.625;5.000;4.400;6.200;18;16;0
2009;16;24;10;20;22.000;0.000;9.000;13.000;13.000;17.333;12.800;15.400;18;16;0
2010;337;1;1;4;3.000;15.000;2.000;21.000;6.333;7.917;7.600;10.600;3;1;1
2010;337;4;6;3;1.000;25.000;1.000;43.000;5.167;5.583;10.400;11.400;3;1;1
2010;337;9;4;9;11.000;0.000;7.000;0.000;9.000;9.667;9.600;16.200;3;1;0
2010;337;13;6;2;2.000;18.000;1.000;43.000;7.333;5.231;7.400;9.200;3;1;1
2010;337;15;205;20;17.000;0.000;9.000;0.000;6.333;15.000;10.800;15.000;3;1;0
2010;337;16;10;10;12.000;0.000;5.000;2.000;16.667;15.500;14.000;15.200;3;1;0
2010;337;17;9;6;8.000;4.000;4.000;16.000;9.167;11.900;11.400;1.800;3;1;0
2010;337;18;1;8;7.000;6.000;2.000;21.000;10.667;7.538;4.600;9.000;3;1;0
2010;337;20;9;1;4.000;12.000;4.000;16.000;12.000;11.545;3.600;3.200;3;1;0
2010;337;22;3;11;10.000;1.000;6.000;1.000;9.167;10.583;5.200;13.600;3;1;0
2010;337;24;10;12;9.000;2.000;5.000;2.000;15.500;14.800;14.400;14.800;3;1;0
2010;337;30;131;7;6.000;8.000;3.000;18.000;6.667;5.000;5.800;6.600;3;1;0
2010;337;37;15;14;18.000;0.000;10.000;0.000;5.000;10.250;9.800;10.000;3;1;0
2010;337;67;5;15;16.000;0.000;8.000;0.000;17.000;16.625;12.600;13.400;3;1;0
2010;338;1;1;11;4.000;23.000;2.000;54.000;8.000;8.607;5.800;9.800;1;2;0
2010;338;4;6;3;1.000;37.000;1.000;70.000;4.625;8.429;9.600;8.400;1;2;0
2010;338;9;4;9;6.000;18.000;4.000;18.000;14.333;7.438;8.000;15.400;1;2;1
2010;338;13;6;5;2.000;33.000;1.000;70.000;14.286;8.276;7.000;7.000;1;2;1
2010;338;15;205;20;19.000;0.000;10.000;0.000;11.385;13.000;11.400;15.000;1;2;0
2010;338;16;10;10;13.000;0.000;6.000;8.000;14.000;14.250;15.600;13.000;1;2;0
2010;338;17;9;2;10.000;6.000;5.000;18.000;13.125;12.600;9.000;3.800;1;2;0
2010;338;18;1;4;3.000;31.000;2.000;54.000;11.600;8.517;5.600;9.200;1;2;1
2010;338;20;9;1;7.000;12.000;5.000;18.000;16.500;12.273;2.800;4.800;1;2;0
2010;338;22;3;8;11.000;5.000;7.000;5.000;9.929;9.393;7.000;12.200;1;2;0
2010;338;24;10;13;9.000;8.000;6.000;8.000;15.000;15.000;12.800;14.200;1;2;0
2010;338;30;131;7;8.000;9.000;3.000;29.000;7.545;5.000;6.400;5.800;1;2;0
2010;338;37;15;14;14.000;0.000;9.000;0.000;11.333;12.150;12.400;13.600;1;2;0
2010;338;67;5;12;18.000;0.000;8.000;0.000;7.000;12.750;13.200;14.200;1;2;0
2010;339;1;1;20;6.000;31.000;2.000;66.000;4.667;8.682;6.800;5.600;2;3;0
2010;339;4;6;19;2.000;37.000;1.000;76.000;5.750;5.591;9.800;5.200;2;3;0
2010;339;9;4;6;7.000;30.000;5.000;30.000;13.000;7.625;6.800;14.200;2;3;0
2010;339;13;6;21;1.000;39.000;1.000;76.000;8.857;5.913;6.400;4.600;2;3;0
2010;339;15;205;18;21.000;0.000;10.000;0.000;9.091;18.000;13.800;17.400;2;3;0
2010;339;16;10;4;9.000;10.000;6.000;18.000;19.667;16.750;15.600;12.200;2;3;0
2010;339;17;9;1;8.000;24.000;3.000;61.000;13.625;11.900;7.400;7.800;2;3;1
2010;339;18;1;17;4.000;35.000;2.000;66.000;8.700;8.565;4.800;4.600;2;3;0
2010;339;20;9;3;3.000;37.000;3.000;61.000;16.500;11.000;5.400;8.000;2;3;1
2010;339;22;3;7;12.000;5.000;7.000;6.000;7.545;11.955;7.400;13.400;2;3;0
2010;339;24;10;10;11.000;8.000;6.000;18.000;14.000;14.400;11.400;10.200;2;3;0
2010;339;30;131;8;10.000;9.000;4.000;44.000;3.375;3.000;8.200;5.800;2;3;0
2010;339;37;15;12;16.000;0.000;9.000;0.000;14.667;11.643;10.800;17.000;2;3;0
2010;339;67;5;13;15.000;0.000;8.000;2.000;16.000;15.500;14.200;16.200;2;3;0
2010;340;1;1;6;4.000;49.000;1.000;109.000;8.667;9.167;7.400;5.600;17;4;1
2010;340;4;6;3;3.000;49.000;2.000;90.000;3.667;8.500;10.400;5.800;17;4;0
2010;340;9;4;8;7.000;40.000;5.000;46.000;12.500;6.833;5.800;13.000;17;4;0
2010;340;13;6;7;6.000;41.000;2.000;90.000;9.333;8.154;7.000;6.200;17;4;0
2010;340;15;205;20;22.000;0.000;10.000;0.000;17.400;14.000;16.800;17.200;17;4;0
2010;340;16;10;10;9.000;10.000;6.000;18.000;19.000;16.750;14.000;11.800;17;4;0
2010;340;17;9;2;8.000;28.000;3.000;73.000;8.500;8.000;4.400;6.600;17;4;0
2010;340;18;1;5;1.000;60.000;1.000;109.000;6.333;8.615;4.800;4.600;17;4;1
2010;340;20;9;1;5.000;45.000;3.000;73.000;4.667;8.000;5.400;7.400;17;4;0
2010;340;22;3;11;13.000;5.000;7.000;6.000;8.167;12.500;8.400;13.200;17;4;0
2010;340;24;10;18;11.000;8.000;6.000;18.000;8.000;15.600;12.600;12.200;17;4;0
2010;340;30;131;9;10.000;10.000;4.000;60.000;11.000;3.000;12.200;8.400;17;4;0
2010;340;37;15;17;17.000;0.000;9.000;0.000;5.000;7.750;14.600;20.000;17;4;0
2010;340;67;5;13;16.000;0.000;8.000;2.000;8.000;9.375;12.600;13.000;17;4;0
2010;341;1;1;3;6.000;49.000;1.000;119.000;4.667;8.737;7.200;3.600;4;5;0
2010;341;4;6;4;2.000;67.000;2.000;116.000;5.625;7.395;7.200;7.200;4;5;1
2010;341;9;4;7;8.000;44.000;5.000;50.000;6.333;8.000;6.400;10.800;4;5;0
2010;341;13;6;9;7.000;49.000;2.000;116.000;5.429;7.256;8.200;7.000;4;5;0
2010;341;15;205;18;23.000;0.000;10.000;0.000;10.385;20.000;16.600;18.200;4;5;0
2010;341;16;10;11;10.000;16.000;6.000;24.000;18.000;16.250;12.600;13.200;4;5;0
2010;341;17;9;1;4.000;53.000;3.000;113.000;10.500;10.300;5.800;6.800;4;5;1
2010;341;18;1;5;1.000;70.000;1.000;119.000;9.556;8.872;4.000;6.200;4;5;0
2010;341;20;9;2;3.000;60.000;3.000;113.000;13.000;9.455;5.800;3.600;4;5;1
2010;341;22;3;17;12.000;7.000;7.000;8.000;10.353;8.947;9.200;14.200;4;5;0
2010;341;24;10;16;11.000;8.000;6.000;24.000;16.667;14.400;14.800;13.200;4;5;0
2010;341;30;131;6;9.000;22.000;4.000;72.000;3.188;13.000;10.200;10.000;4;5;0
2010;341;37;15;12;17.000;0.000;9.000;0.000;18.000;11.000;16.400;20.000;4;5;0
2010;341;67;5;14;16.000;0.000;8.000;3.000;18.000;18.375;15.400;13.000;4;5;0
2010;342;1;1;5;7.000;59.000;3.000;129.000;5.000;9.650;6.200;6.000;6;6;0
2010;342;3;131;6;8.000;56.000;4.000;78.000;13.250;16.000;5.800;10.200;6;6;0
2010;342;4;6;24;3.000;75.000;2.000;136.000;6.625;7.496;4.800;5.600;6;6;0
2010;342;9;4;2;6.000;59.000;5.000;65.000;8.000;10.710;6.000;10.000;6;6;1
2010;342;13;6;4;5.000;61.000;2.000;136.000;6.714;7.485;5.400;5.400;6;6;0
2010;342;15;205;19;22.000;0.000;10.000;0.000;11.385;16.000;18.600;17.800;6;6;0
2010;342;16;10;12;10.000;20.000;6.000;30.000;16.333;14.000;10.600;15.200;6;6;0
2010;342;17;9;1;1.000;78.000;1.000;156.000;12.250;13.400;5.600;3.800;6;6;1
2010;342;18;1;8;4.000;70.000;3.000;129.000;11.111;9.593;4.400;5.400;6;6;0
2010;342;20;9;3;2.000;78.000;1.000;156.000;11.500;12.273;6.200;3.800;6;6;1
2010;342;22;3;9;12.000;7.000;7.000;8.000;8.412;9.859;10.200;12.400;6;6;0
2010;342;24;10;10;11.000;10.000;6.000;30.000;15.667;12.800;14.800;12.800;6;6;0
2010;342;30;131;7;9.000;22.000;4.000;78.000;6.400;14.200;10.200;7.400;6;6;0
2010;342;37;15;15;17.000;0.000;9.000;0.000;17.250;12.654;19.200;19.600;6;6;0
2010;342;67;5;13;15.000;1.000;8.000;4.000;20.000;13.375;17.800;14.600;6;6;0
2010;343;1;1;2;3.000;84.000;1.000;172.000;6.667;7.900;6.600;9.600;5;7;1
2010;343;4;6;12;4.000;79.000;3.000;146.000;4.600;5.300;5.800;5.400;5;7;0
2010;343;9;4;7;6.000;67.000;5.000;73.000;7.750;7.600;4.400;8.400;5;7;0
2010;343;13;6;8;7.000;67.000;3.000;146.000;5.600;5.545;5.800;5.200;5;7;0
2010;343;15;205;19;22.000;0.000;10.000;0.000;9.000;20.000;18.200;19.000;5;7;0
2010;343;16;10;11;10.000;22.000;6.000;32.000;18.000;18.250;9.800;12.400;5;7;0
2010;343;17;9;1;1.000;93.000;2.000;171.000;12.200;9.400;4.200;2.600;5;7;1
2010;343;18;1;4;2.000;88.000;1.000;172.000;6.800;7.273;7.600;9.600;5;7;1
2010;343;20;9;3;5.000;78.000;2.000;171.000;13.000;8.818;5.800;2.000;5;7;0
2010;343;22;3;15;12.000;7.000;7.000;8.000;13.600;12.800;11.800;16.400;5;7;0
2010;343;24;10;18;11.000;10.000;6.000;32.000;17.500;16.400;14.800;9.600;5;7;0
2010;343;30;131;5;9.000;34.000;4.000;100.000;10.000;5.000;11.400;8.200;5;7;0
2010;343;37;15;13;18.000;0.000;9.000;1.000;5.000;15.000;20.000;19.400;5;7;0
2010;343;67;5;14;15.000;1.000;8.000;4.000;15.000;16.875;16.600;12.800;5;7;0
2010;344;1;1;1;1.000;109.000;1.000;215.000;10.000;9.933;5.600;7.200;7;8;1
2010;344;4;6;3;4.000;94.000;3.000;161.000;11.000;8.492;6.600;6.200;7;8;1
2010;344;9;4;8;7.000;73.000;5.000;79.000;9.000;13.214;5.200;9.600;7;8;0
2010;344;13;6;6;8.000;67.000;3.000;161.000;9.167;8.400;6.600;5.600;7;8;0
2010;344;15;205;20;22.000;0.000;10.000;0.000;12.500;16.000;18.200;18.800;7;8;0
2010;344;16;10;9;10.000;23.000;6.000;35.000;19.000;17.000;8.000;10.800;7;8;0
2010;344;17;9;7;3.000;103.000;2.000;193.000;10.143;9.250;3.000;6.200;7;8;0
2010;344;18;1;4;2.000;106.000;1.000;215.000;12.556;9.787;7.800;6.400;7;8;1
2010;344;20;9;2;5.000;90.000;2.000;193.000;8.000;8.778;6.800;6.600;7;8;0
2010;344;22;3;11;12.000;7.000;8.000;8.000;9.812;10.459;13.000;17.800;7;8;0
2010;344;24;10;5;11.000;12.000;6.000;35.000;13.500;14.667;16.000;9.800;7;8;0
2010;344;30;131;13;9.000;34.000;4.000;108.000;3.267;6.000;10.200;6.800;7;8;0
2010;344;37;15;17;18.000;0.000;9.000;1.000;14.750;13.000;19.800;14.800;7;8;0
2010;345;1;1;3;1.000;127.000;1.000;248.000;2.000;3.000;4.600;5.800;12;9;1
2010;345;4;6;4;5.000;98.000;3.000;165.000;13.000;9.750;4.600;7.400;12;9;0
2010;345;9;4;6;6.000;83.000;5.000;89.000;5.500;13.000;5.800;11.600;12;9;0
2010;345;13;6;5;8.000;67.000;3.000;165.000;1.000;9.400;8.200;8.200;12;9;0
2010;345;15;205;19;22.000;0.000;10.000;0.000;9.000;20.000;19.000;20.000;12;9;0
2010;345;16;10;13;10.000;31.000;6.000;43.000;14.500;13.750;9.000;10.000;12;9;0
2010;345;17;9;2;4.000;103.000;2.000;218.000;10.500;14.500;3.600;7.200;12;9;0
2010;345;18;1;7;2.000;121.000;1.000;248.000;10.000;2.800;6.600;1.600;12;9;1
2010;345;20;9;1;3.000;115.000;2.000;218.000;13.000;16.400;7.400;11.600;12;9;1
2010;345;22;3;9;11.000;19.000;7.000;20.000;8.500;11.500;13.400;16.400;12;9;0
2010;345;67;5;11;14.000;7.000;8.000;10.000;19.000;12.750;15.000;11.800;12;9;0
2010;345;153;5;17;16.000;3.000;8.000;10.000;16.000;12.000;11.600;11.400;12;9;0
2010;346;1;1;4;1.000;145.000;1.000;278.000;6.667;8.970;4.600;2.000;9;10;1
2010;346;3;131;5;6.000;90.000;4.000;126.000;8.750;5.500;8.200;9.200;9;10;1
2010;346;4;6;3;5.000;98.000;3.000;165.000;8.625;9.180;5.400;8.800;9;10;0
2010;346;9;4;6;7.000;83.000;5.000;89.000;10.333;11.040;5.800;11.600;9;10;0
2010;346;13;6;7;8.000;67.000;3.000;165.000;7.857;9.228;8.600;10.200;9;10;0
2010;346;15;205;21;22.000;0.000;10.000;0.000;11.462;17.000;19.600;19.600;9;10;0
2010;346;16;10;11;10.000;35.000;6.000;47.000;18.667;15.500;8.000;10.800;9;10;0
2010;346;17;9;2;3.000;128.000;2.000;249.000;13.625;12.000;6.800;11.200;9;10;1
2010;346;18;1;14;2.000;133.000;1.000;278.000;9.900;8.868;7.000;2.000;9;10;0
2010;346;20;9;1;4.000;121.000;2.000;249.000;10.000;11.000;6.400;7.000;9;10;0
2010;346;22;3;8;11.000;29.000;7.000;31.000;7.647;9.582;11.800;14.000;9;10;0
2010;346;24;10;20;13.000;12.000;6.000;47.000;14.500;14.000;12.400;9.800;9;10;0
2010;346;30;131;10;9.000;36.000;4.000;126.000;7.800;4.667;9.200;9.000;9;10;0
2010;346;37;15;9;18.000;0.000;8.000;15.000;16.250;10.692;17.800;15.000;9;10;0
2010;346;67;5;16;14.000;7.000;9.000;10.000;18.000;16.875;12.600;10.800;9;10;0
2010;347;1;1;6;1.000;157.000;1.000;300.000;1.000;9.758;2.200;2.600;10;11;0
2010;347;4;6;2;5.000;123.000;3.000;208.000;5.667;9.177;7.800;12.600;10;11;1
2010;347;9;4;7;7.000;89.000;5.000;96.000;7.000;9.760;8.800;14.400;10;11;0
2010;347;13;6;3;8.000;85.000;3.000;208.000;6.600;9.048;10.400;9.800;10;11;1
2010;347;15;205;17;22.000;0.000;10.000;0.000;10.273;20.000;19.400;19.400;10;11;0
2010;347;16;10;19;10.000;35.000;6.000;47.000;15.000;15.500;8.200;10.000;10;11;0
2010;347;17;9;4;3.000;136.000;2.000;272.000;14.500;11.167;6.800;7.400;10;11;0
2010;347;18;1;5;2.000;143.000;1.000;300.000;7.500;9.667;6.800;3.000;10;11;0
2010;347;20;9;1;4.000;136.000;2.000;272.000;8.000;10.429;7.200;7.800;10;11;1
2010;347;22;3;8;11.000;29.000;7.000;31.000;12.800;9.276;11.000;10.800;10;11;0
2010;347;24;10;21;13.000;12.000;6.000;47.000;10.000;16.000;11.600;11.600;10;11;0
2010;347;30;131;11;9.000;38.000;4.000;132.000;5.643;8.000;10.200;9.000;10;11;0
2010;347;37;15;14;18.000;0.000;8.000;15.000;15.800;13.038;17.800;14.200;10;11;0
2010;348;1;1;5;2.000;157.000;2.000;304.000;2.333;8.000;2.000;3.600;11;12;0
2010;348;4;6;3;5.000;141.000;3.000;238.000;9.125;9.708;6.800;8.600;11;12;1
2010;348;9;4;8;8.000;89.000;5.000;106.000;12.000;10.375;9.600;13.400;11;12;0
2010;348;13;6;4;6.000;97.000;3.000;238.000;13.857;9.551;10.000;6.800;11;12;0
2010;348;15;205;20;22.000;0.000;10.000;0.000;10.000;14.000;20.000;18.000;11;12;0
2010;348;16;10;13;10.000;35.000;6.000;47.000;18.333;16.750;10.000;13.600;11;12;0
2010;348;17;9;2;1.000;161.000;1.000;312.000;10.000;12.300;7.800;3.600;11;12;1
2010;348;18;1;11;4.000;147.000;2.000;304.000;10.700;8.245;3.200;7.000;11;12;0
2010;348;20;9;1;3.000;151.000;1.000;312.000;17.667;11.273;7.400;3.600;11;12;1
2010;348;22;3;12;11.000;30.000;7.000;40.000;11.294;7.229;9.800;12.400;11;12;0
2010;348;24;10;16;14.000;12.000;6.000;47.000;17.500;18.000;13.000;15.000;11;12;0
2010;348;30;131;14;9.000;38.000;4.000;132.000;5.857;20.000;9.600;10.200;11;12;0
2010;348;37;15;9;17.000;6.000;8.000;23.000;11.400;12.423;16.200;12.000;11;12;0
2010;348;67;5;15;16.000;7.000;9.000;10.000;16.000;16.375;13.800;17.000;11;12;0
2010;348;153;5;17;18.000;3.000;9.000;10.000;15.000;15.889;14.600;16.800;11;12;0
2010;349;1;1;2;1.000;182.000;2.000;329.000;8.667;7.426;5.800;8.200;13;13;1
2010;349;3;131;14;8.000;102.000;4.000;146.000;8.667;4.333;9.800;11.800;13;13;0
2010;349;4;6;10;5.000;141.000;3.000;250.000;10.333;9.673;5.600;4.800;13;13;0
2010;349;9;4;3;7.000;104.000;5.000;123.000;6.333;12.312;12.600;11.200;13;13;1
2010;349;13;6;6;6.000;109.000;3.000;250.000;6.400;9.775;9.400;6.000;13;13;0
2010;349;15;205;15;22.000;0.000;10.000;0.000;14.000;16.000;19.200;17.600;13;13;0
2010;349;16;10;8;9.000;45.000;6.000;58.000;12.667;10.750;12.800;16.000;13;13;0
2010;349;17;9;1;2.000;179.000;1.000;330.000;10.833;10.500;7.400;4.000;13;13;1
2010;349;18;1;5;4.000;147.000;2.000;329.000;13.250;7.292;4.400;7.600;13;13;0
2010;349;20;9;4;3.000;151.000;1.000;330.000;9.667;9.556;3.600;3.000;13;13;0
2010;349;22;3;7;11.000;30.000;7.000;40.000;12.267;8.771;9.000;10.200;13;13;0
2010;349;24;10;12;14.000;13.000;6.000;58.000;12.000;9.600;13.000;14.800;13;13;0
2010;349;30;131;21;10.000;44.000;4.000;146.000;6.154;4.750;11.000;11.200;13;13;0
2010;349;37;15;24;17.000;6.000;8.000;27.000;16.000;12.042;15.400;9.400;13;13;0
2010;349;67;5;16;16.000;7.000;9.000;10.000;12.000;12.833;13.000;19.200;13;13;0
2010;349;153;5;11;18.000;3.000;9.000;10.000;20.000;12.714;17.000;17.400;13;13;0
2010;350;1;1;5;2.000;182.000;2.000;347.000;7.000;10.157;5.800;11.200;14;14;0
2010;350;3;131;7;7.000;112.000;4.000;158.000;14.500;6.714;9.800;11.000;14;14;0
2010;350;4;6;1;3.000;166.000;3.000;290.000;8.500;9.126;9.200;6.600;14;14;1
2010;350;9;4;9;8.000;108.000;5.000;127.000;7.500;10.933;11.800;9.600;14;14;0
2010;350;13;6;3;6.000;124.000;3.000;290.000;12.333;9.080;7.200;6.400;14;14;1
2010;350;15;205;17;22.000;0.000;10.000;0.000;12.615;18.000;18.800;16.400;14;14;0
2010;350;16;10;11;10.000;45.000;6.000;58.000;14.000;15.000;11.800;13.400;14;14;0
2010;350;17;9;4;1.000;187.000;1.000;350.000;11.625;13.400;6.800;4.800;14;14;0
2010;350;18;1;2;4.000;165.000;2.000;347.000;9.900;10.310;8.400;14.800;14;14;1
2010;350;20;9;6;5.000;163.000;1.000;350.000;9.000;12.727;5.800;5.400;14;14;0
2010;350;22;3;10;11.000;31.000;7.000;47.000;8.412;9.698;11.000;13.400;14;14;0
2010;350;24;10;19;15.000;13.000;6.000;58.000;16.000;15.200;13.200;13.400;14;14;0
2010;350;30;131;12;9.000;46.000;4.000;158.000;4.929;6.500;10.200;10.200;14;14;0
2010;350;37;15;16;17.000;6.000;8.000;27.000;15.600;11.692;13.200;9.200;14;14;0
2010;350;67;5;14;16.000;7.000;9.000;10.000;13.000;14.000;13.800;15.200;14;14;0
2010;350;153;5;15;18.000;3.000;9.000;10.000;18.000;13.667;17.200;14.400;14;14;0
2010;351;1;1;3;3.000;182.000;2.000;359.000;2.000;5.250;10.000;11.200;15;15;0
2010;351;4;6;1;2.000;191.000;3.000;319.000;2.000;12.750;7.800;6.600;15;15;1
2010;351;9;4;8;8.000;114.000;5.000;133.000;9.500;11.000;12.400;7.600;15;15;0
2010;351;13;6;24;6.000;128.000;3.000;319.000;13.000;10.400;5.600;6.000;15;15;0
2010;351;15;205;21;22.000;0.000;10.000;0.000;14.000;16.000;18.800;18.000;15;15;0
2010;351;16;10;15;9.000;47.000;6.000;60.000;17.500;15.750;13.800;11.200;15;15;0
2010;351;17;9;5;1.000;202.000;1.000;383.000;17.500;11.500;3.200;6.000;15;15;1
2010;351;18;1;4;5.000;177.000;2.000;359.000;7.000;8.000;8.200;13.400;15;15;0
2010;351;20;9;2;4.000;181.000;1.000;383.000;4.500;9.800;6.400;6.000;15;15;1
2010;351;22;3;6;11.000;39.000;7.000;56.000;12.500;7.500;12.200;12.200;15;15;0
2010;351;24;10;16;15.000;13.000;6.000;60.000;14.000;14.400;12.400;10.400;15;15;0
2010;351;67;5;13;16.000;7.000;9.000;10.000;16.000;12.000;14.200;15.000;15;15;0
2010;351;153;5;11;18.000;3.000;9.000;10.000;15.000;12.400;17.600;13.000;15;15;0
2010;352;1;1;8;4.000;192.000;2.000;381.000;3.000;7.310;13.400;14.000;22;16;0
2010;352;2;15;11;18.000;4.000;8.000;37.000;10.000;11.500;13.000;17.000;22;16;0
2010;352;4;6;4;2.000;206.000;3.000;334.000;8.000;8.833;5.200;3.400;22;16;1
2010;352;9;4;3;8.000;114.000;5.000;133.000;9.000;7.750;9.200;9.600;22;16;0
2010;352;13;6;12;6.000;128.000;3.000;334.000;10.000;8.698;4.200;3.200;22;16;0
2010;352;15;205;19;21.000;0.000;10.000;0.000;11.000;12.000;20.000;18.000;22;16;0
2010;352;16;10;15;10.000;47.000;6.000;60.000;13.000;13.500;14.000;14.200;22;16;0
2010;352;17;9;2;1.000;220.000;1.000;426.000;13.500;11.167;3.600;6.000;22;16;1
2010;352;18;1;5;5.000;189.000;2.000;381.000;5.250;7.256;8.200;10.600;22;16;0
2010;352;20;9;1;3.000;206.000;1.000;426.000;1.000;9.857;5.400;3.400;22;16;1
2010;352;22;3;7;11.000;41.000;7.000;58.000;10.267;9.238;12.400;9.400;22;16;0
2010;352;24;10;17;15.000;13.000;6.000;60.000;14.000;15.000;15.000;15.800;22;16;0
2010;352;30;131;10;9.000;54.000;4.000;176.000;7.500;17.000;9.800;9.800;22;16;0
2010;352;67;5;18;16.000;8.000;9.000;11.000;19.000;17.250;14.600;13.000;22;16;0
2010;352;153;5;16;19.000;3.000;9.000;11.000;18.000;15.800;15.800;12.400;22;16;0
2010;354;1;1;4;4.000;222.000;2.000;421.000;5.000;8.018;10.000;5.400;18;18;0
2010;354;2;15;15;18.000;6.000;8.000;44.000;13.889;13.231;11.400;10.600;18;18;0
2010;354;4;6;5;1.000;246.000;3.000;389.000;7.000;7.019;5.400;7.200;18;18;1
2010;354;9;4;7;8.000;126.000;5.000;145.000;6.750;10.000;8.400;15.000;18;18;0
2010;354;13;6;9;6.000;143.000;3.000;389.000;6.500;6.945;7.800;6.200;18;18;0
2010;354;15;205;18;21.000;0.000;10.000;0.000;12.462;18.000;19.600;15.600;18;18;0
2010;354;16;10;22;11.000;47.000;7.000;68.000;16.333;16.000;12.800;17.400;18;18;0
2010;354;17;9;3;2.000;238.000;1.000;469.000;13.250;12.200;7.200;9.000;18;18;1
2010;354;18;1;11;5.000;199.000;2.000;421.000;9.900;7.946;8.800;5.400;18;18;0
2010;354;20;9;2;3.000;231.000;1.000;469.000;8.667;11.273;7.800;9.000;18;18;1
2010;354;22;3;6;10.000;47.000;6.000;69.000;13.294;9.979;11.200;11.200;18;18;0
2010;354;24;10;16;14.000;21.000;7.000;68.000;12.667;15.200;15.000;15.000;18;18;0
2010;354;30;131;8;9.000;72.000;4.000;202.000;3.600;6.000;7.800;11.400;18;18;0
2010;354;67;5;19;16.000;8.000;9.000;11.000;7.000;11.750;13.400;12.800;18;18;0
2010;354;153;5;14;19.000;3.000;9.000;11.000;14.000;11.889;12.400;13.000;18;18;0
2010;354;155;15;12;12.000;32.000;8.000;44.000;10.000;13.370;13.600;9.800;18;18;0
2010;355;1;1;2;4.000;240.000;2.000;454.000;19.000;15.000;10.600;5.400;24;19;1
2010;355;4;6;3;2.000;252.000;3.000;396.000;14.000;14.000;1.800;8.600;24;19;0
2010;355;9;4;11;8.000;136.000;5.000;163.000;10.000;16.000;9.600;14.000;24;19;0
2010;355;15;205;19;21.000;0.000;10.000;0.000;7.000;17.000;19.600;17.800;24;19;0
2010;355;16;10;13;11.000;47.000;7.000;68.000;17.000;16.000;14.200;16.200;24;19;0
2010;355;17;9;5;3.000;242.000;1.000;498.000;2.000;1.500;7.200;8.800;24;19;0
2010;355;18;1;4;5.000;214.000;2.000;454.000;3.000;10.667;5.400;5.000;24;19;1
2010;355;20;9;1;1.000;256.000;1.000;498.000;1.000;3.667;5.000;10.200;24;19;1
2010;355;22;3;7;10.000;47.000;6.000;69.000;4.000;11.000;9.200;11.800;24;19;0
2010;355;24;10;16;15.000;21.000;7.000;68.000;15.000;15.000;17.800;14.200;24;19;0
2010;355;67;5;18;16.000;8.000;9.000;13.000;8.000;14.000;13.600;13.200;24;19;0
2010;355;153;5;17;19.000;5.000;9.000;13.000;20.000;14.333;12.000;14.000;24;19;0
2010;355;155;15;12;12.000;32.000;8.000;44.000;6.000;11.000;14.000;11.000;24;19;0
2011;841;1;1;2;2.000;18.000;2.000;26.000;7.500;8.267;6.400;5.200;1;1;1
2011;841;2;4;18;12.000;0.000;4.000;15.000;10.200;7.778;12.600;10.800;1;1;0
2011;841;3;131;7;17.000;0.000;10.000;0.000;8.400;7.500;11.200;8.800;1;1;0
2011;841;4;6;5;4.000;12.000;3.000;18.000;4.556;8.100;3.000;7.600;1;1;0
2011;841;5;205;19;18.000;0.000;7.000;0.000;11.750;18.500;15.200;19.400;1;1;0
2011;841;10;166;21;15.000;0.000;8.000;0.000;9.667;15.500;18.400;20.000;1;1;0
2011;841;13;6;8;7.000;6.000;3.000;18.000;12.875;7.968;11.400;7.800;1;1;0
2011;841;15;205;20;13.000;0.000;7.000;0.000;12.286;18.333;19.600;18.600;1;1;0
2011;841;16;10;16;9.000;2.000;6.000;3.000;15.000;13.667;13.600;15.800;1;1;0
2011;841;17;9;3;5.000;10.000;1.000;35.000;12.667;12.667;7.600;5.800;1;1;0
2011;841;18;1;4;6.000;8.000;2.000;26.000;10.636;8.065;5.600;3.200;1;1;0
2011;841;20;9;1;1.000;25.000;1.000;35.000;16.667;12.077;4.400;3.400;1;1;1
2011;841;22;3;17;16.000;0.000;9.000;0.000;9.800;9.767;9.600;12.000;1;1;0
2011;841;30;131;11;19.000;0.000;10.000;0.000;7.750;10.667;10.600;11.400;1;1;0
2011;841;67;5;10;8.000;4.000;5.000;4.000;14.000;13.400;14.400;11.800;1;1;0
2011;841;153;5;12;11.000;0.000;5.000;4.000;11.000;12.909;10.800;11.200;1;1;0
2011;841;808;4;6;3.000;15.000;4.000;15.000;19.000;8.000;14.600;9.600;1;1;1
2011;842;1;1;2;3.000;22.000;2.000;48.000;5.000;8.542;3.000;3.600;2;2;0
2011;842;2;4;6;7.000;15.000;4.000;30.000;9.900;8.056;11.400;8.400;2;2;1
2011;842;3;131;9;15.000;0.000;8.000;2.000;13.000;12.000;13.600;14.000;2;2;0
2011;842;4;6;5;5.000;20.000;3.000;36.000;6.556;5.958;3.600;8.600;2;2;0
2011;842;5;205;19;18.000;0.000;9.000;0.000;12.250;17.500;15.600;17.600;2;2;0
2011;842;10;166;21;19.000;0.000;10.000;0.000;15.667;18.500;18.000;18.400;2;2;0
2011;842;13;6;7;6.000;16.000;3.000;36.000;8.625;5.960;11.200;6.800;2;2;0
2011;842;15;205;20;16.000;0.000;9.000;0.000;9.750;16.667;17.600;16.800;2;2;0
2011;842;16;10;17;11.000;2.000;7.000;4.000;16.000;15.333;13.600;16.000;2;2;0
2011;842;17;9;3;4.000;22.000;1.000;72.000;12.333;10.167;8.000;3.200;2;2;0
2011;842;18;1;4;2.000;26.000;2.000;48.000;8.636;8.520;6.000;4.200;2;2;1
2011;842;20;9;1;1.000;50.000;1.000;72.000;11.333;9.692;4.200;3.800;2;2;1
2011;842;22;3;15;21.000;0.000;11.000;0.000;7.917;11.875;11.600;14.400;2;2;0
2011;842;24;164;23;22.000;0.000;12.000;0.000;16.000;15.500;20.000;20.000;2;2;0
2011;842;30;131;11;12.000;2.000;8.000;2.000;5.333;12.000;11.800;15.000;2;2;0
2011;842;39;164;24;24.000;0.000;12.000;0.000;11.000;16.333;16.600;20.000;2;2;0
2011;842;67;5;12;10.000;4.000;6.000;4.000;13.500;14.400;13.200;10.800;2;2;0
2011;842;153;5;13;14.000;0.000;6.000;4.000;9.000;14.273;10.600;11.200;2;2;0
2011;842;155;15;10;9.000;6.000;5.000;6.000;20.000;13.062;12.000;15.600;2;2;0
2011;842;808;4;8;8.000;15.000;4.000;30.000;19.000;7.789;13.000;5.800;2;2;0
2011;843;1;1;3;2.000;47.000;2.000;85.000;7.000;8.071;3.600;4.200;17;3;1
2011;843;2;4;16;8.000;15.000;4.000;32.000;8.800;6.714;10.400;8.200;17;3;0
2011;843;3;131;4;9.000;10.000;5.000;16.000;12.000;6.500;12.600;16.000;17;3;0
2011;843;4;6;5;5.000;26.000;3.000;50.000;3.714;8.214;4.200;6.400;17;3;0
2011;843;5;205;19;19.000;0.000;9.000;0.000;11.500;16.000;16.200;17.400;17;3;0
2011;843;10;166;22;20.000;0.000;11.000;0.000;13.250;20.000;18.400;16.400;17;3;0
2011;843;13;6;6;6.000;24.000;3.000;50.000;9.286;8.133;8.000;5.800;17;3;0
2011;843;15;205;20;16.000;0.000;9.000;0.000;17.500;16.000;19.000;16.400;17;3;0
2011;843;16;10;11;13.000;2.000;8.000;4.000;17.000;16.833;12.200;12.800;17;3;0
2011;843;17;9;18;4.000;37.000;1.000;105.000;8.429;7.833;8.400;2.400;17;3;1
2011;843;18;1;2;3.000;38.000;2.000;85.000;5.571;7.600;5.600;3.800;17;3;0
2011;843;20;9;1;1.000;68.000;1.000;105.000;5.000;7.462;4.200;2.800;17;3;1
2011;843;22;3;15;17.000;0.000;10.000;0.000;8.714;12.643;14.200;19.600;17;3;0
2011;843;24;164;23;23.000;0.000;12.000;0.000;13.000;16.500;19.000;20.000;17;3;0
2011;843;30;131;14;11.000;6.000;5.000;16.000;10.750;6.000;12.400;12.400;17;3;0
2011;843;39;164;24;24.000;0.000;12.000;0.000;18.000;18.333;19.000;20.000;17;3;0
2011;843;67;5;9;12.000;4.000;7.000;4.000;14.500;10.900;13.800;11.000;17;3;0
2011;843;153;5;7;15.000;0.000;7.000;4.000;13.000;11.182;11.200;12.000;17;3;0
2011;843;155;15;13;10.000;7.000;6.000;7.000;20.000;12.167;12.000;17.000;17;3;0
2011;843;808;4;10;7.000;17.000;4.000;32.000;7.000;7.067;12.000;9.400;17;3;0
2011;844;1;1;4;2.000;59.000;2.000;105.000;5.250;6.833;3.400;4.200;5;4;0
2011;844;2;4;9;7.000;21.000;4.000;42.000;10.400;8.083;11.000;8.800;5;4;0
2011;844;3;131;3;9.000;20.000;5.000;26.000;8.600;4.500;8.800;10.600;5;4;0
2011;844;4;6;5;5.000;41.000;3.000;65.000;5.167;5.667;5.400;6.200;5;4;1
2011;844;5;205;18;20.000;0.000;9.000;0.000;13.750;20.000;16.800;16.600;5;4;0
2011;844;10;166;21;21.000;0.000;11.000;0.000;13.000;18.500;18.800;18.000;5;4;0
2011;844;13;6;10;6.000;24.000;3.000;65.000;5.833;5.462;8.600;5.400;5;4;0
2011;844;15;205;19;17.000;0.000;9.000;0.000;11.500;20.000;18.400;17.800;5;4;0
2011;844;16;10;12;13.000;2.000;8.000;4.000;15.750;15.833;12.000;11.400;5;4;0
2011;844;17;9;2;3.000;55.000;1.000;148.000;10.667;9.917;4.400;2.200;5;4;1
2011;844;18;1;6;4.000;46.000;2.000;105.000;6.000;6.615;4.000;3.800;5;4;0
2011;844;20;9;1;1.000;93.000;1.000;148.000;15.250;9.308;1.200;2.400;5;4;1
2011;844;22;3;11;16.000;0.000;10.000;0.000;13.667;13.250;15.400;19.400;5;4;0
2011;844;24;164;20;24.000;0.000;12.000;0.000;16.000;20.000;20.000;20.000;5;4;0
2011;844;30;131;8;11.000;6.000;5.000;26.000;8.000;4.667;13.200;7.800;5;4;0
2011;844;39;164;22;23.000;0.000;12.000;0.000;14.000;20.000;20.000;20.000;5;4;0
2011;844;67;5;16;12.000;6.000;7.000;6.000;15.500;16.300;12.600;15.200;5;4;0
2011;844;153;5;17;15.000;0.000;7.000;6.000;12.000;15.636;13.800;14.800;5;4;0
2011;844;155;15;24;10.000;8.000;6.000;8.000;10.000;12.750;12.400;15.400;5;4;0
2011;844;808;4;7;8.000;21.000;4.000;42.000;15.000;8.000;10.200;9.600;5;4;0
2011;845;1;1;3;2.000;77.000;2.000;138.000;7.000;8.775;3.400;3.400;4;5;1
2011;845;2;4;24;7.000;25.000;4.000;46.000;10.300;8.167;9.000;10.600;4;5;0
2011;845;3;131;7;6.000;26.000;5.000;40.000;10.400;8.500;8.600;7.800;4;5;0
2011;845;4;6;4;5.000;51.000;3.000;75.000;5.222;7.225;5.400;6.400;4;5;0
2011;845;5;205;15;20.000;0.000;10.000;0.000;16.000;20.000;17.000;18.400;4;5;0
2011;845;10;166;20;22.000;0.000;11.000;0.000;13.000;18.500;19.600;20.000;4;5;0
2011;845;13;6;8;8.000;24.000;3.000;75.000;5.500;7.171;7.800;6.400;4;5;0
2011;845;15;205;18;18.000;0.000;10.000;0.000;10.857;20.000;18.200;19.000;4;5;0
2011;845;16;10;17;13.000;2.000;8.000;4.000;15.250;14.500;12.200;14.400;4;5;0
2011;845;17;9;1;3.000;67.000;1.000;185.000;9.444;8.917;4.400;1.800;4;5;0
2011;845;18;1;5;4.000;61.000;2.000;138.000;9.100;8.610;4.200;3.400;4;5;1
2011;845;20;9;2;1.000;118.000;1.000;185.000;9.667;8.538;1.200;2.400;4;5;1
2011;845;22;3;19;17.000;0.000;9.000;0.000;10.278;9.125;15.600;17.400;4;5;0
2011;845;24;164;21;24.000;0.000;12.000;0.000;16.250;20.000;20.000;20.000;4;5;0
2011;845;30;131;10;10.000;14.000;5.000;40.000;3.235;8.000;14.200;7.400;4;5;0
2011;845;39;164;22;23.000;0.000;12.000;0.000;13.000;20.000;20.000;20.000;4;5;0
2011;845;67;5;11;12.000;6.000;7.000;6.000;19.000;17.700;11.800;15.400;4;5;0
2011;845;153;5;13;16.000;0.000;7.000;6.000;10.000;17.364;14.800;15.400;4;5;0
2011;845;155;15;14;11.000;9.000;6.000;11.000;12.000;11.444;12.400;14.400;4;5;0
2011;845;808;4;6;9.000;21.000;4.000;46.000;11.000;8.158;8.600;8.800;4;5;0
2011;846;1;1;9;2.000;85.000;2.000;161.000;5.000;9.756;3.400;3.800;6;6;0
2011;846;2;4;15;6.000;29.000;4.000;50.000;9.600;10.545;8.400;8.600;6;6;0
2011;846;3;131;7;7.000;26.000;5.000;40.000;12.000;13.833;9.200;7.600;6;6;0
2011;846;4;6;4;5.000;69.000;3.000;93.000;6.556;7.458;5.000;9.400;6;6;1
2011;846;5;205;17;19.000;0.000;10.000;0.000;13.250;15.500;18.200;19.400;6;6;0
2011;846;10;166;20;22.000;0.000;11.000;0.000;14.333;20.000;19.000;20.000;6;6;0
2011;846;13;6;6;8.000;24.000;3.000;93.000;6.375;7.417;10.200;8.600;6;6;0
2011;846;15;205;18;18.000;0.000;10.000;0.000;11.643;15.000;17.600;18.400;6;6;0
2011;846;16;10;14;12.000;8.000;7.000;10.000;14.250;12.167;12.200;14.400;6;6;0
2011;846;17;9;3;3.000;79.000;1.000;222.000;11.000;11.417;3.600;2.000;6;6;0
2011;846;18;1;2;4.000;76.000;2.000;161.000;12.300;9.711;4.200;4.200;6;6;1
2011;846;20;9;1;1.000;143.000;1.000;222.000;8.333;10.846;1.200;2.400;6;6;1
2011;846;22;3;11;14.000;2.000;9.000;2.000;8.944;10.197;16.600;16.400;6;6;0
2011;846;24;164;23;23.000;0.000;12.000;0.000;14.000;15.500;20.000;20.000;6;6;0
2011;846;30;131;5;11.000;14.000;5.000;40.000;6.750;13.429;10.800;8.200;6;6;0
2011;846;39;164;22;24.000;0.000;12.000;0.000;18.000;15.667;20.000;20.000;6;6;0
2011;846;67;5;16;13.000;7.000;8.000;7.000;15.000;12.800;11.600;15.800;6;6;0
2011;846;153;5;19;17.000;0.000;8.000;7.000;11.000;12.545;16.200;13.000;6;6;0
2011;846;155;15;12;10.000;19.000;6.000;21.000;19.000;13.214;11.600;12.000;6;6;0
2011;846;808;4;10;9.000;21.000;4.000;50.000;13.000;10.471;9.600;8.400;6;6;0
2011;847;1;1;5;4.000;85.000;2.000;186.000;7.000;9.661;4.200;4.000;7;7;0
2011;847;2;4;9;8.000;29.000;4.000;60.000;11.111;13.133;7.600;10.800;7;7;0
2011;847;3;131;6;10.000;26.000;5.000;52.000;11.750;8.500;8.000;11.600;7;7;0
2011;847;4;6;2;5.000;69.000;3.000;101.000;10.000;8.508;4.600;12.200;7;7;0
2011;847;5;205;19;22.000;0.000;10.000;0.000;9.667;18.500;17.400;17.200;7;7;0
2011;847;10;166;21;25.000;0.000;12.000;0.000;10.333;19.500;20.000;19.400;7;7;0
2011;847;13;6;3;6.000;32.000;3.000;101.000;10.000;8.726;13.000;14.400;7;7;0
2011;847;15;205;18;19.000;0.000;10.000;0.000;13.154;20.000;17.600;18.200;7;7;0
2011;847;16;10;14;12.000;8.000;8.000;10.000;16.000;13.250;11.800;13.400;7;7;0
2011;847;17;9;4;3.000;94.000;1.000;255.000;9.500;8.300;3.400;2.200;7;7;1
2011;847;18;1;7;2.000;101.000;2.000;186.000;11.500;9.889;3.600;7.600;7;7;1
2011;847;20;9;1;1.000;161.000;1.000;255.000;6.000;7.818;1.200;2.600;7;7;1
2011;847;22;3;16;15.000;4.000;9.000;4.000;10.059;10.556;15.200;15.200;7;7;0
2011;847;24;164;20;20.000;0.000;11.000;0.000;12.000;20.000;20.000;19.800;7;7;0
2011;847;30;131;8;9.000;26.000;5.000;52.000;3.750;9.333;11.400;11.400;7;7;0
2011;847;37;15;17;18.000;0.000;6.000;27.000;16.200;13.714;13.600;12.400;7;7;0
2011;847;39;164;22;23.000;0.000;11.000;0.000;19.000;18.000;20.000;18.200;7;7;0
2011;847;67;5;15;13.000;8.000;7.000;12.000;8.000;12.125;12.000;15.200;7;7;0
2011;847;153;5;24;14.000;4.000;7.000;12.000;12.000;11.889;18.000;14.000;7;7;0
2011;847;155;15;13;11.000;25.000;6.000;27.000;20.000;13.655;8.400;12.000;7;7;0
2011;847;808;4;10;7.000;31.000;4.000;60.000;17.000;13.355;12.800;13.200;7;7;0
2011;848;1;1;3;4.000;97.000;2.000;206.000;2.000;2.833;7.400;7.400;12;8;0
2011;848;2;4;9;9.000;30.000;4.000;61.000;10.000;11.833;11.000;12.600;12;8;0
2011;848;3;131;7;7.000;32.000;5.000;58.000;7.667;12.500;7.800;10.800;12;8;0
2011;848;4;6;4;5.000;87.000;3.000;129.000;11.333;9.667;7.800;14.600;12;8;1
2011;848;5;205;19;22.000;0.000;10.000;0.000;10.333;20.000;19.000;17.000;12;8;0
2011;848;10;166;21;25.000;0.000;12.000;0.000;13.333;18.000;20.000;17.800;12;8;0
2011;848;13;6;5;6.000;42.000;3.000;129.000;6.000;8.571;13.200;10.600;12;8;0
2011;848;15;205;20;19.000;0.000;10.000;0.000;13.000;20.000;17.000;17.200;12;8;0
2011;848;16;10;10;12.000;10.000;8.000;12.000;11.667;12.833;13.800;14.000;12;8;0
2011;848;17;9;2;3.000;109.000;1.000;295.000;15.000;13.833;3.200;2.200;12;8;1
2011;848;18;1;6;2.000;109.000;2.000;206.000;7.667;3.000;3.400;7.600;12;8;0
2011;848;20;9;1;1.000;186.000;1.000;295.000;9.000;12.286;1.400;2.600;12;8;1
2011;848;22;3;13;15.000;4.000;9.000;4.000;7.000;12.000;12.600;14.000;12;8;0
2011;848;24;164;22;20.000;0.000;11.000;0.000;16.000;19.000;19.400;16.200;12;8;0
2011;848;30;131;8;10.000;26.000;5.000;58.000;15.000;10.667;10.400;11.000;12;8;0
2011;848;67;5;17;14.000;8.000;7.000;16.000;14.000;12.167;11.400;12.800;12;8;0
2011;848;153;5;18;13.000;8.000;7.000;16.000;14.500;12.286;16.800;12.200;12;8;0
2011;848;155;15;14;11.000;25.000;6.000;27.000;7.000;9.500;8.400;11.400;12;8;0
2011;848;808;4;11;8.000;31.000;4.000;61.000;14.000;11.571;10.400;12.400;12;8;0
2011;849;1;1;10;4.000;109.000;2.000;218.000;5.500;8.797;8.000;7.600;9;9;0
2011;849;2;4;16;8.000;34.000;5.000;65.000;10.400;11.556;10.600;13.800;9;9;0
2011;849;3;131;9;7.000;40.000;4.000;68.000;7.600;5.750;8.200;12.200;9;9;0
2011;849;4;6;3;3.000;112.000;3.000;164.000;9.222;9.284;6.800;11.200;9;9;1
2011;849;5;205;17;22.000;0.000;10.000;0.000;12.250;16.500;19.600;18.400;9;9;0
2011;849;10;166;20;25.000;0.000;12.000;0.000;13.000;20.000;20.000;17.800;9;9;0
2011;849;13;6;4;6.000;52.000;3.000;164.000;8.750;9.204;13.000;7.200;9;9;0
2011;849;15;205;21;19.000;0.000;10.000;0.000;11.786;19.000;17.200;20.000;9;9;0
2011;849;16;10;11;12.000;10.000;8.000;12.000;16.000;13.500;12.600;14.800;9;9;0
2011;849;17;9;1;2.000;124.000;1.000;328.000;12.222;10.667;3.200;2.000;9;9;1
2011;849;18;1;5;5.000;109.000;2.000;218.000;9.364;8.729;3.800;7.800;9;9;0
2011;849;20;9;2;1.000;204.000;1.000;328.000;9.000;10.077;1.200;2.400;9;9;1
2011;849;22;3;15;16.000;4.000;9.000;4.000;7.500;9.509;12.400;15.200;9;9;0
2011;849;24;164;23;20.000;0.000;11.000;0.000;13.333;19.500;19.600;18.200;9;9;0
2011;849;30;131;13;10.000;28.000;4.000;68.000;7.875;5.800;12.200;9.000;9;9;0
2011;849;67;5;19;15.000;8.000;7.000;17.000;15.000;16.800;11.200;11.800;9;9;0
2011;849;153;5;18;13.000;9.000;7.000;17.000;20.000;17.182;13.600;12.000;9;9;0
2011;849;155;15;8;11.000;25.000;6.000;33.000;6.000;10.929;9.600;14.000;9;9;0
2011;849;808;4;14;9.000;31.000;5.000;65.000;13.000;11.429;11.600;11.600;9;9;0
2011;850;1;1;2;3.000;134.000;2.000;243.000;13.500;10.729;8.000;7.000;20;10;1
2011;850;2;4;11;8.000;34.000;5.000;66.000;8.750;9.737;10.800;10.000;20;10;0
2011;850;3;131;6;7.000;46.000;4.000;78.000;10.333;8.000;8.400;8.600;20;10;0
2011;850;4;6;4;4.000;130.000;3.000;192.000;4.857;7.990;6.400;3.800;20;10;1
2011;850;13;6;5;6.000;62.000;3.000;192.000;6.167;7.934;11.800;3.000;20;10;0
2011;850;16;10;8;12.000;18.000;7.000;20.000;17.000;13.000;12.200;13.400;20;10;0
2011;850;17;9;1;2.000;139.000;1.000;355.000;10.286;8.000;3.400;2.200;20;10;1
2011;850;18;1;7;5.000;109.000;2.000;243.000;9.889;10.531;6.600;7.000;20;10;0
2011;850;20;9;3;1.000;216.000;1.000;355.000;2.000;7.444;1.400;2.400;20;10;0
2011;850;22;3;14;16.000;4.000;9.000;4.000;5.429;9.618;12.000;15.200;20;10;0
2011;850;30;131;10;10.000;32.000;4.000;78.000;3.545;7.800;11.600;9.200;20;10;0
2011;850;67;5;24;15.000;8.000;8.000;17.000;16.000;18.667;13.600;12.000;20;10;0
2011;851;1;1;2;3.000;146.000;2.000;280.000;6.750;8.240;7.800;10.600;11;11;0
2011;851;2;4;14;8.000;34.000;5.000;66.000;9.000;10.667;14.000;13.800;11;11;0
2011;851;3;131;7;7.000;48.000;4.000;80.000;12.800;16.500;8.400;9.400;11;11;0
2011;851;4;6;5;4.000;145.000;3.000;215.000;8.333;9.440;5.800;3.600;11;11;1
2011;851;5;205;18;23.000;0.000;10.000;0.000;7.000;14.500;19.200;20.000;11;11;0
2011;851;10;166;20;24.000;0.000;12.000;0.000;8.000;17.000;18.600;18.000;11;11;0
2011;851;13;6;4;6.000;70.000;3.000;215.000;12.625;9.314;8.400;3.200;11;11;0
2011;851;15;205;19;19.000;0.000;10.000;0.000;10.357;16.667;18.200;20.000;11;11;0
2011;851;16;10;8;12.000;18.000;7.000;26.000;19.500;17.167;10.800;11.800;11;11;0
2011;851;17;9;6;2.000;149.000;1.000;383.000;9.000;10.583;3.200;2.600;11;11;0
2011;851;18;1;3;5.000;134.000;2.000;280.000;10.455;8.157;10.400;10.200;11;11;1
2011;851;20;9;1;1.000;234.000;1.000;383.000;14.000;10.154;2.000;3.400;11;11;1
2011;851;22;3;15;17.000;4.000;9.000;4.000;11.222;7.260;13.200;16.400;11;11;0
2011;851;24;164;21;20.000;0.000;11.000;0.000;16.000;18.000;18.200;20.000;11;11;0
2011;851;30;131;9;10.000;32.000;4.000;80.000;6.200;14.000;12.000;7.800;11;11;0
2011;851;67;5;23;13.000;12.000;8.000;22.000;14.000;16.700;13.800;13.200;11;11;0
2011;851;153;5;16;14.000;10.000;8.000;22.000;19.500;15.909;11.600;13.200;11;11;0
2011;851;155;15;13;11.000;27.000;6.000;35.000;9.000;12.107;11.800;12.000;11;11;0
2011;851;808;4;12;9.000;32.000;5.000;66.000;5.000;11.316;12.200;15.400;11;11;0
2011;852;1;1;2;5.000;146.000;2.000;295.000;6.750;7.592;7.400;9.600;13;12;0
2011;852;3;131;5;7.000;56.000;4.000;98.000;8.000;5.200;8.000;11.000;13;12;0
2011;852;4;6;8;3.000;157.000;3.000;231.000;11.857;9.723;6.000;4.200;13;12;0
2011;852;5;205;16;24.000;0.000;10.000;0.000;10.000;17.500;20.000;20.000;13;12;0
2011;852;10;166;19;25.000;0.000;12.000;0.000;12.333;17.500;17.400;17.600;13;12;0
2011;852;13;6;4;6.000;74.000;3.000;231.000;6.000;9.673;5.400;4.000;13;12;0
2011;852;15;205;18;20.000;0.000;10.000;0.000;14.417;16.667;19.400;19.200;13;12;0
2011;852;16;10;15;12.000;24.000;7.000;32.000;10.750;9.667;12.200;11.000;13;12;0
2011;852;17;9;3;2.000;167.000;1.000;426.000;9.571;10.100;3.400;3.200;13;12;1
2011;852;18;1;13;4.000;149.000;2.000;295.000;14.222;7.880;10.000;10.000;13;12;1
2011;852;20;9;1;1.000;259.000;1.000;426.000;11.000;9.364;2.200;3.200;13;12;1
2011;852;22;3;14;17.000;4.000;9.000;5.000;13.000;9.180;14.000;16.000;13;12;0
2011;852;24;164;22;21.000;0.000;11.000;0.000;11.000;20.000;19.000;19.400;13;12;0
2011;852;30;131;24;8.000;42.000;4.000;98.000;6.214;5.333;12.000;10.400;13;12;0
2011;852;67;5;11;13.000;12.000;8.000;22.000;12.000;12.750;13.400;11.000;13;12;0
2011;852;153;5;6;14.000;10.000;8.000;22.000;16.500;13.889;9.600;13.600;13;12;0
2011;852;155;15;12;11.000;27.000;6.000;35.000;8.000;11.846;13.000;10.600;13;12;0
2011;852;808;4;10;9.000;34.000;5.000;68.000;9.000;11.611;10.800;16.200;13;12;0
2011;852;811;4;7;22.000;0.000;5.000;68.000;20.000;11.474;18.200;15.600;13;12;0
2011;853;1;1;2;5.000;158.000;2.000;325.000;11.000;10.212;7.000;10.400;14;13;0
2011;853;3;131;9;7.000;56.000;4.000;108.000;12.600;6.778;7.000;10.000;14;13;0
2011;853;4;6;4;2.000;172.000;3.000;254.000;7.667;9.045;2.400;5.200;14;13;1
2011;853;5;205;20;22.000;0.000;10.000;0.000;8.250;19.500;19.000;18.800;14;13;0
2011;853;10;166;21;25.000;0.000;12.000;0.000;13.000;18.500;17.800;17.800;14;13;0
2011;853;13;6;6;6.000;82.000;3.000;254.000;11.000;9.011;5.800;4.800;14;13;0
2011;853;15;205;19;21.000;0.000;10.000;0.000;13.214;17.333;19.600;17.400;14;13;0
2011;853;16;10;12;12.000;24.000;6.000;36.000;14.500;14.667;9.400;10.400;14;13;0
2011;853;17;9;5;4.000;167.000;1.000;451.000;11.000;12.000;3.200;2.800;14;13;0
2011;853;18;1;3;3.000;167.000;2.000;325.000;9.182;10.140;10.400;6.800;14;13;1
2011;853;20;9;1;1.000;284.000;1.000;451.000;7.750;12.615;2.000;6.000;14;13;1
2011;853;22;3;13;17.000;4.000;9.000;5.000;8.500;9.662;15.400;13.800;14;13;0
2011;853;24;164;24;23.000;0.000;11.000;0.000;15.000;20.000;20.000;19.400;14;13;0
2011;853;30;131;8;8.000;52.000;4.000;108.000;5.200;8.400;12.200;13.000;14;13;0
2011;853;67;5;16;14.000;13.000;8.000;29.000;12.000;13.800;16.000;15.400;14;13;0
2011;853;153;5;18;13.000;16.000;8.000;29.000;16.500;13.455;12.800;15.000;14;13;0
2011;853;155;15;17;11.000;27.000;7.000;35.000;20.000;12.214;14.000;13.800;14;13;0
2011;853;808;4;7;9.000;34.000;5.000;70.000;13.000;10.906;11.600;13.400;14;13;0
2011;853;811;4;10;18.000;2.000;5.000;70.000;20.000;11.242;16.400;15.800;14;13;0
2011;854;1;1;4;5.000;168.000;2.000;353.000;7.667;7.333;7.000;6.400;15;14;0
2011;854;3;131;7;7.000;62.000;4.000;114.000;6.000;9.000;10.200;12.200;15;14;0
2011;854;4;6;5;3.000;184.000;3.000;268.000;1.667;10.000;2.600;5.400;15;14;0
2011;854;5;205;19;22.000;0.000;10.000;0.000;11.000;19.500;17.800;16.000;15;14;0
2011;854;10;166;21;25.000;0.000;12.000;0.000;7.667;16.000;16.600;18.000;15;14;0
2011;854;13;6;6;6.000;84.000;3.000;268.000;10.500;9.143;6.000;5.000;15;14;0
2011;854;15;205;20;21.000;0.000;10.000;0.000;17.000;18.333;19.000;14.400;15;14;0
2011;854;16;10;9;11.000;28.000;6.000;48.000;14.667;16.000;11.400;10.400;15;14;0
2011;854;17;9;2;4.000;182.000;1.000;491.000;12.667;8.500;6.600;5.200;15;14;1
2011;854;18;1;3;2.000;185.000;2.000;353.000;6.000;7.000;9.600;7.200;15;14;1
2011;854;20;9;1;1.000;309.000;1.000;491.000;3.667;7.714;2.000;5.400;15;14;1
2011;854;22;3;12;17.000;4.000;9.000;5.000;10.333;7.667;15.400;13.000;15;14;0
2011;854;24;164;24;23.000;0.000;11.000;0.000;19.000;20.000;20.000;19.600;15;14;0
2011;854;30;131;8;8.000;52.000;4.000;114.000;13.000;8.333;9.800;9.200;15;14;0
2011;854;67;5;14;15.000;13.000;8.000;29.000;15.000;12.333;15.400;14.800;15;14;0
2011;854;153;5;16;14.000;16.000;8.000;29.000;13.500;12.286;12.600;15.200;15;14;0
2011;854;155;15;17;12.000;27.000;7.000;36.000;20.000;19.500;14.400;16.400;15;14;0
2011;854;808;4;18;9.000;34.000;5.000;70.000;11.000;10.333;13.000;13.000;15;14;0
2011;854;811;4;15;18.000;2.000;5.000;70.000;20.000;11.286;15.200;14.000;15;14;0
2011;855;1;1;3;5.000;178.000;2.000;388.000;4.000;7.182;7.200;3.200;22;15;0
2011;855;3;131;23;7.000;63.000;4.000;123.000;10.667;11.500;10.400;12.600;22;15;0
2011;855;4;6;5;3.000;202.000;3.000;292.000;7.286;8.977;3.200;6.000;22;15;1
2011;855;5;205;18;22.000;0.000;10.000;0.000;11.500;12.500;16.200;15.800;22;15;0
2011;855;10;166;21;25.000;0.000;12.000;0.000;16.333;19.000;18.200;19.000;22;15;0
2011;855;13;6;4;6.000;90.000;3.000;292.000;12.200;8.822;6.800;4.800;22;15;0
2011;855;15;205;19;21.000;0.000;10.000;0.000;11.182;14.333;19.400;16.600;22;15;0
2011;855;16;10;11;11.000;28.000;6.000;48.000;15.500;17.000;10.800;10.400;22;15;0
2011;855;17;9;6;4.000;194.000;1.000;518.000;11.857;8.750;6.600;5.200;22;15;0
2011;855;18;1;2;2.000;210.000;2.000;388.000;5.111;7.133;6.000;3.600;22;15;1
2011;855;20;9;1;1.000;324.000;1.000;518.000;1.000;8.222;1.800;5.800;22;15;1
2011;855;22;3;13;17.000;4.000;9.000;5.000;10.188;9.477;15.400;11.400;22;15;0
2011;855;24;164;24;23.000;0.000;11.000;0.000;17.000;15.500;20.000;20.000;22;15;0
2011;855;30;131;8;8.000;60.000;4.000;123.000;7.412;11.000;12.600;13.600;22;15;0
2011;855;67;5;15;16.000;13.000;8.000;29.000;14.500;15.000;13.600;14.800;22;15;0
2011;855;153;5;16;14.000;16.000;8.000;29.000;14.500;16.286;14.800;14.800;22;15;0
2011;855;155;15;7;12.000;27.000;7.000;40.000;7.000;11.214;12.800;15.800;22;15;0
2011;855;808;4;10;9.000;36.000;5.000;72.000;20.000;9.571;14.000;15.200;22;15;0
2011;855;811;4;9;18.000;2.000;5.000;72.000;15.000;9.533;15.400;14.400;22;15;0
2011;856;1;1;1;5.000;196.000;2.000;418.000;2.000;7.000;8.000;3.000;35;16;1
2011;856;3;131;7;7.000;67.000;4.000;127.000;20.000;14.000;11.000;10.200;35;16;0
2011;856;4;6;6;3.000;212.000;3.000;310.000;1.000;2.000;3.200;5.600;35;16;0
2011;856;5;205;19;22.000;0.000;10.000;0.000;13.000;17.500;16.600;17.800;35;16;0
2011;856;10;166;21;25.000;0.000;12.000;0.000;19.000;20.000;18.800;20.000;35;16;0
2011;856;13;6;5;6.000;98.000;3.000;310.000;3.000;3.000;7.200;5.400;35;16;0
2011;856;15;205;20;21.000;0.000;10.000;0.000;20.000;16.333;18.600;17.800;35;16;0
2011;856;16;10;10;11.000;28.000;6.000;49.000;16.000;11.000;11.800;9.000;35;16;0
2011;856;17;9;4;4.000;209.000;1.000;558.000;20.000;20.000;6.800;2.400;35;16;1
2011;856;18;1;3;2.000;222.000;2.000;418.000;12.000;5.333;1.800;3.000;35;16;0
2011;856;20;9;2;1.000;349.000;1.000;558.000;17.000;14.333;1.600;2.800;35;16;1
2011;856;22;3;18;17.000;4.000;9.000;5.000;7.000;8.500;14.200;13.200;35;16;0
2011;856;24;164;23;23.000;0.000;11.000;0.000;6.000;14.500;20.000;20.000;35;16;0
2011;856;30;131;12;8.000;60.000;4.000;127.000;4.000;12.000;12.200;10.800;35;16;0
2011;856;67;5;13;15.000;15.000;8.000;37.000;20.000;15.500;15.400;15.800;35;16;0
2011;856;153;5;11;13.000;22.000;8.000;37.000;11.000;13.333;15.400;16.200;35;16;0
2011;856;155;15;14;12.000;27.000;7.000;40.000;8.000;8.500;13.600;12.400;35;16;0
2011;856;808;4;8;9.000;36.000;5.000;72.000;18.000;11.500;13.800;13.200;35;16;0
2011;856;811;4;15;18.000;2.000;5.000;72.000;14.000;15.333;14.400;16.000;35;16;0
2011;858;1;1;2;5.000;227.000;2.000;482.000;10.500;8.750;4.600;3.200;24;18;1
2011;858;3;131;7;7.000;83.000;4.000;159.000;6.500;13.500;10.800;9.800;24;18;0
2011;858;4;6;5;3.000;245.000;3.000;353.000;10.500;11.250;3.400;8.200;24;18;1
2011;858;5;205;17;22.000;0.000;10.000;0.000;14.000;19.000;15.000;16.600;24;18;0
2011;858;10;166;19;25.000;0.000;12.000;0.000;20.000;20.000;20.000;19.600;24;18;0
2011;858;13;6;6;6.000;108.000;3.000;353.000;10.000;9.400;9.600;7.200;24;18;0
2011;858;15;205;18;21.000;0.000;10.000;0.000;14.000;18.333;18.200;16.200;24;18;0
2011;858;16;10;9;11.000;34.000;6.000;57.000;15.000;17.250;11.600;11.000;24;18;0
2011;858;17;9;4;4.000;233.000;1.000;607.000;5.000;3.000;6.800;2.400;24;18;0
2011;858;18;1;3;2.000;255.000;2.000;482.000;3.000;7.200;2.200;3.200;24;18;1
2011;858;20;9;1;1.000;374.000;1.000;607.000;1.000;3.200;1.400;2.600;24;18;0
2011;858;22;3;24;17.000;4.000;9.000;5.000;8.000;12.500;13.800;17.000;24;18;0
2011;858;24;164;22;23.000;0.000;11.000;0.000;19.500;19.500;20.000;19.400;24;18;0
2011;858;30;131;8;8.000;76.000;4.000;159.000;20.000;11.000;12.600;9.800;24;18;0
2011;858;67;5;13;15.000;15.000;8.000;41.000;11.500;13.000;15.200;12.000;24;18;0
2011;858;153;5;15;13.000;26.000;8.000;41.000;14.500;14.800;11.600;13.400;24;18;0
2011;858;155;15;16;12.000;28.000;7.000;42.000;10.000;12.500;16.800;14.600;24;18;0
2011;858;808;4;12;9.000;36.000;5.000;72.000;6.000;10.750;16.400;15.000;24;18;0
2011;858;811;4;14;18.000;2.000;5.000;72.000;19.000;11.200;13.000;14.400;24;18;0
2011;859;1;1;4;5.000;227.000;2.000;497.000;4.750;7.895;4.000;3.400;18;19;0
2011;859;3;131;6;7.000;89.000;4.000;165.000;12.000;6.500;7.400;9.600;18;19;0
2011;859;4;6;5;4.000;257.000;3.000;375.000;6.556;7.089;3.200;7.200;18;19;0
2011;859;5;205;19;22.000;0.000;10.000;0.000;12.750;18.500;15.800;17.000;18;19;0
2011;859;10;166;24;25.000;0.000;12.000;0.000;13.667;20.000;20.000;20.000;18;19;0
2011;859;13;6;7;6.000;118.000;3.000;375.000;7.714;7.035;9.400;6.800;18;19;0
2011;859;15;205;20;21.000;0.000;10.000;0.000;12.929;17.667;19.000;16.800;18;19;0
2011;859;16;10;8;9.000;42.000;6.000;69.000;15.250;16.667;9.400;9.800;18;19;0
2011;859;17;9;2;3.000;258.000;1.000;650.000;12.000;10.417;3.600;6.800;18;19;1
2011;859;18;1;3;2.000;270.000;2.000;497.000;9.455;8.138;2.400;7.000;18;19;1
2011;859;20;9;1;1.000;392.000;1.000;650.000;6.750;9.692;6.000;6.800;18;19;1
2011;859;22;3;12;17.000;4.000;9.000;5.000;13.333;10.020;13.800;17.000;18;19;0
2011;859;24;164;21;23.000;0.000;11.000;0.000;15.500;20.000;20.000;19.000;18;19;0
2011;859;30;131;10;8.000;76.000;4.000;165.000;3.812;6.667;13.000;6.200;18;19;0
2011;859;67;5;14;15.000;15.000;8.000;41.000;10.000;11.800;17.600;14.600;18;19;0
2011;859;153;5;13;14.000;26.000;8.000;41.000;12.500;11.818;13.200;15.600;18;19;0
2011;859;155;15;16;12.000;30.000;7.000;44.000;10.000;13.250;15.200;14.200;18;19;0
2011;859;808;4;15;10.000;37.000;5.000;73.000;16.000;10.227;14.600;13.000;18;19;0
2011;859;811;4;9;18.000;2.000;5.000;73.000;20.000;10.217;14.400;12.400;18;19;0
2012;860;1;1;1;3.000;15.000;1.000;40.000;6.400;8.000;7.400;6.200;1;1;1
2012;860;3;131;7;12.000;0.000;8.000;0.000;9.833;12.750;7.400;8.000;1;1;0
2012;860;4;6;12;5.000;10.000;4.000;10.000;4.500;7.938;3.200;7.200;1;1;0
2012;860;13;6;16;17.000;0.000;4.000;10.000;12.222;7.848;8.600;4.200;1;1;0
2012;860;17;9;5;4.000;12.000;2.000;30.000;11.900;11.286;3.200;6.400;1;1;0
2012;860;18;1;2;1.000;25.000;1.000;40.000;10.250;7.848;2.600;6.400;1;1;1
2012;860;20;9;6;2.000;18.000;2.000;30.000;12.750;10.800;6.200;7.000;1;1;1
2012;860;30;131;4;20.000;0.000;8.000;0.000;8.615;12.600;11.400;9.400;1;1;0
2012;860;155;15;13;6.000;8.000;3.000;12.000;20.000;13.375;14.200;10.600;1;1;0
2012;860;807;10;9;22.000;0.000;7.000;1.000;20.000;12.625;12.800;8.800;1;1;0
2012;860;808;207;19;19.000;0.000;11.000;0.000;11.000;18.000;13.200;18.000;1;1;0
2012;860;811;3;14;16.000;0.000;9.000;0.000;20.000;10.281;14.800;17.000;1;1;0
2012;860;813;3;8;13.000;0.000;9.000;0.000;20.000;10.455;19.000;15.800;1;1;0
2012;860;814;10;15;10.000;1.000;7.000;1.000;10.000;13.667;10.400;10.600;1;1;0
2012;860;815;15;22;8.000;4.000;3.000;12.000;20.000;13.080;11.600;9.800;1;1;0
2012;861;1;1;1;2.000;30.000;1.000;55.000;5.600;8.269;7.000;6.400;2;2;1
2012;861;3;131;7;15.000;0.000;9.000;1.000;12.833;11.250;7.800;12.200;2;2;0
2012;861;4;6;8;1.000;35.000;3.000;35.000;6.500;5.923;3.800;7.200;2;2;1
2012;861;13;6;12;19.000;0.000;3.000;35.000;8.222;5.741;10.600;6.400;2;2;0
2012;861;17;9;4;4.000;24.000;2.000;42.000;11.500;9.071;3.200;6.600;2;2;0
2012;861;18;1;2;3.000;25.000;1.000;55.000;8.083;8.074;2.600;6.400;2;2;0
2012;861;20;9;5;6.000;18.000;2.000;42.000;8.750;8.733;6.000;2.600;2;2;0
2012;861;30;131;3;14.000;1.000;9.000;1.000;5.700;11.600;14.200;13.400;2;2;0
2012;861;37;164;22;23.000;0.000;12.000;0.000;17.000;18.000;13.400;20.000;2;2;0
2012;861;39;164;23;22.000;0.000;12.000;0.000;17.000;18.800;19.200;20.000;2;2;0
2012;861;155;15;17;9.000;8.000;4.000;30.000;14.500;13.167;12.800;9.400;2;2;0
2012;861;807;10;16;13.000;2.000;6.000;9.000;10.000;14.125;15.200;11.000;2;2;0
2012;861;808;207;19;20.000;0.000;11.000;0.000;18.000;18.000;15.200;18.333;2;2;0
2012;861;811;3;13;8.000;8.000;7.000;8.000;16.000;12.731;14.800;16.000;2;2;0
2012;861;813;3;11;16.000;0.000;7.000;8.000;20.000;12.481;18.800;14.400;2;2;0
2012;861;814;10;14;10.000;7.000;6.000;9.000;10.000;13.556;10.000;11.000;2;2;0
2012;861;815;15;9;5.000;22.000;4.000;30.000;20.000;13.684;11.600;11.800;2;2;1
2012;862;1;1;7;1.000;45.000;1.000;88.000;5.800;7.375;7.200;4.800;17;3;1
2012;862;3;131;1;6.000;25.000;5.000;26.000;10.833;6.500;8.800;14.000;17;3;1
2012;862;4;6;9;3.000;37.000;3.000;37.000;4.125;8.000;3.000;8.600;17;3;0
2012;862;13;6;12;18.000;0.000;3.000;37.000;8.875;8.059;12.400;9.400;17;3;0
2012;862;17;9;6;4.000;36.000;2.000;64.000;7.750;7.071;3.400;4.600;17;3;0
2012;862;18;1;5;2.000;43.000;1.000;88.000;5.375;7.118;4.600;4.800;17;3;1
2012;862;20;9;11;5.000;28.000;2.000;64.000;4.400;6.867;8.000;5.000;17;3;0
2012;862;30;131;2;17.000;1.000;5.000;26.000;10.200;5.400;11.400;11.200;17;3;0
2012;862;37;164;22;23.000;0.000;12.000;0.000;12.500;19.500;16.400;20.000;17;3;0
2012;862;39;164;23;24.000;0.000;12.000;0.000;20.000;19.800;20.000;20.000;17;3;0
2012;862;155;15;3;10.000;9.000;4.000;31.000;16.000;12.500;14.400;10.400;17;3;0
2012;862;807;10;16;16.000;2.000;8.000;9.000;15.000;15.875;13.000;11.200;17;3;0
2012;862;808;207;19;21.000;0.000;11.000;0.000;8.000;20.000;13.800;18.800;17;3;0
2012;862;811;3;14;9.000;14.000;7.000;18.000;16.000;13.000;13.400;15.400;17;3;0
2012;862;813;3;13;14.000;4.000;7.000;18.000;18.000;12.647;18.200;12.200;17;3;0
2012;862;814;10;15;12.000;7.000;8.000;9.000;11.000;15.778;9.400;12.600;17;3;0
2012;862;815;15;8;7.000;22.000;4.000;31.000;17.000;12.222;8.800;9.800;17;3;0
2012;863;1;1;2;2.000;49.000;2.000;92.000;5.500;7.500;6.400;4.600;3;4;0
2012;863;3;131;5;6.000;35.000;5.000;37.000;7.800;5.500;7.800;13.600;3;4;0
2012;863;4;6;9;5.000;43.000;4.000;45.000;4.571;5.000;4.200;11.000;3;4;0
2012;863;13;6;14;17.000;2.000;4.000;45.000;6.571;5.133;11.000;9.000;3;4;0
2012;863;17;9;3;3.000;48.000;1.000;101.000;9.000;10.917;3.400;5.200;3;4;0
2012;863;18;1;4;4.000;43.000;2.000;92.000;10.143;7.533;4.600;6.000;3;4;0
2012;863;20;9;1;1.000;53.000;1.000;101.000;9.333;10.385;8.800;5.600;3;4;1
2012;863;30;131;22;18.000;2.000;5.000;37.000;6.500;5.333;15.200;10.600;3;4;0
2012;863;37;164;20;23.000;0.000;12.000;0.000;11.500;20.000;18.400;20.000;3;4;0
2012;863;39;164;24;24.000;0.000;12.000;0.000;19.000;20.000;20.000;20.000;3;4;0
2012;863;155;15;12;12.000;9.000;6.000;31.000;20.000;13.500;11.600;10.800;3;4;0
2012;863;807;10;13;16.000;2.000;8.000;17.000;14.000;13.833;14.000;10.600;3;4;0
2012;863;808;207;18;21.000;0.000;11.000;0.000;20.000;17.000;15.200;18.400;3;4;0
2012;863;811;3;15;11.000;14.000;7.000;18.000;19.000;10.786;12.400;10.600;3;4;0
2012;864;1;1;24;3.000;53.000;2.000;98.000;6.000;8.476;7.800;9.000;4;5;0
2012;864;3;131;6;7.000;41.000;5.000;43.000;9.833;7.500;7.600;10.000;4;5;0
2012;864;4;6;2;2.000;61.000;4.000;63.000;5.200;7.524;5.200;10.600;4;5;1
2012;864;13;6;16;17.000;2.000;4.000;63.000;7.333;7.395;11.800;8.000;4;5;0
2012;864;17;9;11;5.000;48.000;1.000;109.000;8.900;8.000;3.400;5.000;4;5;0
2012;864;18;1;10;6.000;45.000;2.000;98.000;8.545;8.465;7.600;7.800;4;5;0
2012;864;20;9;7;1.000;61.000;1.000;109.000;7.500;8.200;4.200;5.000;4;5;0
2012;864;30;131;8;18.000;2.000;5.000;43.000;3.389;7.400;15.800;9.400;4;5;0
2012;864;37;164;22;23.000;0.000;12.000;0.000;18.800;20.000;19.600;20.000;4;5;0
2012;864;39;164;23;24.000;0.000;12.000;0.000;17.000;20.000;20.000;20.000;4;5;0
2012;864;155;15;9;11.000;19.000;7.000;41.000;11.000;11.310;12.200;9.400;4;5;0
2012;864;807;10;13;15.000;3.000;8.000;18.000;16.000;14.000;14.800;10.400;4;5;0
2012;864;808;207;18;21.000;0.000;11.000;0.000;11.000;16.000;15.800;18.000;4;5;0
2012;864;811;3;17;13.000;14.000;6.000;43.000;20.000;9.452;13.600;15.800;4;5;0
2012;864;813;3;1;9.000;29.000;6.000;43.000;15.000;9.767;17.200;16.600;4;5;1
2012;864;814;10;12;12.000;15.000;8.000;18.000;12.000;13.556;8.600;11.000;4;5;0
2012;864;815;15;5;10.000;22.000;7.000;41.000;9.000;11.100;9.000;10.000;4;5;0
2012;865;1;1;3;4.000;63.000;2.000;108.000;5.200;9.631;5.000;9.000;6;6;0
2012;865;3;131;2;5.000;59.000;5.000;61.000;11.833;14.500;7.600;14.000;6;6;1
2012;865;4;6;5;1.000;76.000;3.000;86.000;6.100;7.519;4.800;9.200;6;6;1
2012;865;13;6;7;14.000;10.000;3.000;86.000;8.000;7.485;13.800;7.200;6;6;0
2012;865;17;9;1;3.000;73.000;1.000;146.000;10.300;10.143;5.400;5.400;6;6;1
2012;865;18;1;12;7.000;45.000;2.000;108.000;11.455;9.576;8.800;9.600;6;6;0
2012;865;20;9;9;2.000;73.000;1.000;146.000;6.500;9.533;5.000;4.600;6;6;0
2012;865;30;131;6;18.000;2.000;5.000;61.000;7.647;13.111;17.600;9.600;6;6;0
2012;865;37;164;20;24.000;0.000;12.000;0.000;18.200;16.000;20.000;20.000;6;6;0
2012;865;39;164;22;22.000;0.000;12.000;0.000;17.500;17.200;20.000;20.000;6;6;0
2012;865;155;15;11;12.000;19.000;7.000;41.000;12.000;13.300;11.400;12.000;6;6;0
2012;865;807;10;10;15.000;7.000;8.000;28.000;20.000;11.500;13.600;10.800;6;6;0
2012;865;808;207;18;23.000;0.000;10.000;0.000;16.000;13.000;17.200;15.800;6;6;0
2012;865;811;3;13;13.000;15.000;6.000;44.000;17.000;10.294;14.800;15.400;6;6;0
2012;865;813;3;24;9.000;29.000;6.000;44.000;18.000;10.290;12.800;15.800;6;6;0
2012;865;814;10;14;11.000;21.000;8.000;28.000;12.000;11.111;9.800;10.000;6;6;0
2012;865;815;15;23;10.000;22.000;7.000;41.000;20.000;13.548;10.400;14.000;6;6;0
2012;866;1;1;2;1.000;88.000;2.000;133.000;11.250;9.750;5.400;11.200;7;7;1
2012;866;3;131;5;5.000;67.000;5.000;69.000;11.600;8.000;5.600;12.400;7;7;0
2012;866;4;6;3;2.000;86.000;4.000;97.000;11.333;8.683;4.400;7.000;7;7;0
2012;866;13;6;6;14.000;11.000;4.000;97.000;9.500;8.625;11.600;6.200;7;7;0
2012;866;17;9;4;4.000;79.000;1.000;164.000;8.778;7.333;4.800;4.600;7;7;0
2012;866;18;1;10;8.000;45.000;2.000;133.000;10.545;9.615;11.800;7.800;7;7;0
2012;866;20;9;1;3.000;85.000;1.000;164.000;4.667;7.308;5.400;5.800;7;7;0
2012;866;30;131;9;18.000;2.000;5.000;69.000;3.765;7.600;17.400;11.600;7;7;0
2012;866;37;164;20;24.000;0.000;12.000;0.000;15.500;17.000;20.000;19.800;7;7;0
2012;866;39;164;24;22.000;0.000;12.000;0.000;16.500;18.200;20.000;20.000;7;7;0
2012;866;155;15;11;11.000;21.000;6.000;58.000;15.500;13.433;14.400;13.600;7;7;0
2012;866;807;10;13;15.000;7.000;8.000;28.000;13.000;15.333;10.800;9.000;7;7;0
2012;866;808;207;18;23.000;0.000;10.000;0.000;11.000;18.000;17.400;16.800;7;7;0
2012;866;811;3;16;13.000;15.000;7.000;44.000;20.000;10.662;13.600;16.000;7;7;0
2012;866;813;3;22;10.000;29.000;7.000;44.000;19.000;10.758;14.800;14.800;7;7;0
2012;866;814;10;8;12.000;21.000;8.000;28.000;18.000;14.857;9.200;10.200;7;7;0
2012;867;1;1;2;3.000;88.000;2.000;137.000;2.500;3.375;5.000;9.400;12;8;0
2012;867;3;131;6;5.000;75.000;5.000;92.000;7.500;12.250;4.200;14.600;12;8;0
2012;867;4;6;11;1.000;111.000;4.000;122.000;9.000;8.125;5.200;7.800;12;8;1
2012;867;13;6;13;16.000;11.000;4.000;122.000;5.667;7.333;10.600;5.000;12;8;0
2012;867;17;9;19;2.000;91.000;1.000;176.000;12.000;10.875;5.400;4.400;12;8;0
2012;867;18;1;9;8.000;49.000;2.000;137.000;7.250;5.111;12.200;11.400;12;8;0
2012;867;20;9;1;4.000;85.000;1.000;176.000;7.000;10.111;4.000;4.000;12;8;0
2012;867;30;131;12;13.000;17.000;5.000;92.000;16.000;11.000;19.800;11.000;12;8;1
2012;867;37;164;21;24.000;0.000;12.000;0.000;12.000;20.000;20.000;20.000;12;8;0
2012;867;39;164;22;23.000;0.000;12.000;0.000;20.000;20.000;20.000;20.000;12;8;0
2012;867;154;208;4;7.000;53.000;3.000;126.000;15.000;2.000;7.800;9.000;12;8;0
2012;867;155;15;7;12.000;21.000;6.000;60.000;11.500;11.500;11.600;12.800;12;8;0
2012;867;807;10;8;14.000;17.000;8.000;44.000;20.000;12.500;11.400;10.400;12;8;0
2012;867;808;207;20;20.000;0.000;10.000;0.000;14.500;14.000;18.000;16.800;12;8;0
2012;867;811;3;14;15.000;16.000;7.000;45.000;20.000;12.750;15.800;12.800;12;8;0
2012;867;813;3;3;10.000;29.000;7.000;45.000;18.000;12.444;13.600;14.600;12;8;0
2012;867;814;10;10;11.000;27.000;8.000;44.000;14.000;11.667;10.000;8.600;12;8;0
2012;867;815;15;15;9.000;39.000;6.000;60.000;11.000;13.600;11.200;13.200;12;8;0
2012;868;1;1;8;4.000;92.000;4.000;142.000;5.200;8.887;8.200;12.000;9;9;0
2012;868;3;131;11;6.000;75.000;5.000;98.000;7.333;6.333;5.200;11.200;9;9;0
2012;868;4;6;1;1.000;129.000;2.000;152.000;8.400;9.163;3.600;7.600;9;9;1
2012;868;13;6;5;13.000;23.000;2.000;152.000;8.333;9.095;11.200;6.800;9;9;0
2012;868;17;9;2;2.000;116.000;1.000;216.000;11.300;9.500;5.400;8.000;9;9;1
2012;868;18;1;16;8.000;50.000;4.000;142.000;10.250;8.875;13.400;10.400;9;9;0
2012;868;20;9;4;3.000;100.000;1.000;216.000;7.250;8.933;7.200;7.400;9;9;1
2012;868;30;131;3;12.000;23.000;5.000;98.000;7.941;7.571;15.600;10.400;9;9;0
2012;868;37;164;21;24.000;0.000;12.000;0.000;17.400;19.000;20.000;19.400;9;9;0
2012;868;39;164;22;23.000;0.000;12.000;0.000;20.000;19.200;20.000;20.000;9;9;0
2012;868;155;15;17;14.000;21.000;6.000;60.000;14.000;11.167;14.000;10.800;9;9;0
2012;868;807;10;14;16.000;17.000;8.000;44.000;10.000;13.375;9.400;8.400;9;9;0
2012;868;808;207;18;20.000;0.000;10.000;0.000;12.500;17.000;17.000;16.200;9;9;0
2012;868;813;3;7;10.000;29.000;7.000;47.000;14.000;9.633;14.400;12.200;9;9;0
2012;868;814;10;10;11.000;27.000;8.000;44.000;15.000;13.222;9.000;9.400;9;9;0
2012;868;815;15;15;9.000;39.000;6.000;60.000;7.000;11.161;10.800;10.800;9;9;0
2012;868;817;5;12;18.000;2.000;9.000;6.000;19.000;16.583;14.000;15.000;9;9;0
2012;869;1;1;7;5.000;92.000;3.000;160.000;2.500;9.594;8.200;12.200;10;10;0
2012;869;3;131;21;6.000;76.000;5.000;105.000;12.667;8.500;7.200;10.600;10;10;0
2012;869;4;6;1;1.000;154.000;2.000;177.000;5.000;8.938;2.600;6.600;10;10;1
2012;869;13;6;13;14.000;23.000;2.000;177.000;5.833;8.815;10.200;4.800;10;10;0
2012;869;17;9;8;2.000;120.000;1.000;230.000;13.286;9.500;4.800;6.600;10;10;0
2012;869;18;1;6;7.000;68.000;3.000;160.000;7.222;9.815;11.800;13.800;10;10;1
2012;869;20;9;2;3.000;110.000;1.000;230.000;5.500;9.333;7.600;7.400;10;10;0
2012;869;30;131;3;12.000;29.000;5.000;105.000;5.867;9.000;15.000;8.200;10;10;0
2012;869;37;164;23;24.000;0.000;12.000;0.000;15.500;20.000;20.000;20.000;10;10;0
2012;869;39;164;24;23.000;0.000;12.000;0.000;16.000;20.000;20.000;19.400;10;10;0
2012;869;155;15;12;10.000;33.000;6.000;80.000;11.000;13.000;13.600;13.400;10;10;0
2012;869;807;10;4;15.000;19.000;8.000;46.000;13.000;16.000;9.400;11.600;10;10;0
2012;869;808;207;18;20.000;0.000;10.000;0.000;10.000;19.000;18.600;17.400;10;10;0
2012;869;811;3;14;16.000;18.000;7.000;47.000;19.000;9.383;13.800;12.000;10;10;0
2012;870;1;1;1;4.000;117.000;2.000;193.000;6.200;8.019;11.400;10.400;11;11;1
2012;870;3;131;13;6.000;77.000;5.000;106.000;12.167;16.000;7.800;8.400;11;11;0
2012;870;4;6;6;1.000;164.000;4.000;189.000;7.800;9.250;2.400;7.000;11;11;0
2012;870;13;6;7;14.000;25.000;4.000;189.000;11.889;9.170;9.600;4.800;11;11;0
2012;870;17;9;11;2.000;124.000;1.000;246.000;8.600;9.571;4.200;7.600;11;11;0
2012;870;18;1;4;7.000;76.000;2.000;193.000;9.667;7.887;10.400;9.000;11;11;0
2012;870;20;9;3;3.000;122.000;1.000;246.000;11.600;9.467;7.400;5.000;11;11;0
2012;870;30;131;17;12.000;29.000;5.000;106.000;7.188;14.800;11.600;9.800;11;11;0
2012;870;37;164;23;24.000;0.000;12.000;0.000;10.667;18.500;20.000;20.000;11;11;0
2012;870;39;164;24;23.000;0.000;12.000;0.000;12.000;19.200;20.000;20.000;11;11;0
2012;870;155;15;15;10.000;33.000;6.000;80.000;10.000;12.167;13.400;10.400;11;11;0
2012;870;807;10;10;16.000;19.000;8.000;46.000;6.000;15.500;9.200;12.400;11;11;0
2012;870;808;207;20;20.000;0.000;10.000;0.000;8.500;17.000;18.400;18.600;11;11;0
2012;870;811;3;9;15.000;24.000;7.000;53.000;17.000;7.538;12.600;13.800;11;11;0
2012;870;813;3;8;11.000;29.000;7.000;53.000;16.000;7.528;15.800;12.800;11;11;0
2012;870;814;10;12;13.000;27.000;8.000;46.000;7.000;15.000;11.800;13.200;11;11;0
2012;870;815;15;14;9.000;47.000;6.000;80.000;15.000;12.355;10.200;12.200;11;11;0
2012;870;817;5;18;18.000;2.000;9.000;6.000;18.000;15.417;13.600;15.400;11;11;0
2012;871;1;1;7;5.000;117.000;2.000;218.000;9.800;7.784;10.600;8.600;13;12;0
2012;871;3;131;23;7.000;77.000;5.000;112.000;7.600;5.286;9.400;11.600;13;12;0
2012;871;4;6;5;1.000;164.000;4.000;199.000;10.875;9.658;2.800;6.200;13;12;0
2012;871;13;6;14;11.000;35.000;4.000;199.000;6.286;9.765;10.200;9.800;13;12;0
2012;871;17;9;12;3.000;132.000;1.000;272.000;8.625;8.667;5.600;5.600;13;12;0
2012;871;18;1;1;6.000;101.000;2.000;218.000;13.100;8.077;8.400;11.200;13;12;1
2012;871;20;9;10;2.000;140.000;1.000;272.000;9.000;8.462;7.400;6.200;13;12;1
2012;871;30;131;13;10.000;35.000;5.000;112.000;6.133;6.000;12.600;12.400;13;12;0
2012;871;37;164;21;24.000;0.000;12.000;0.000;15.000;20.000;20.000;20.000;13;12;0
2012;871;39;164;24;23.000;0.000;12.000;0.000;11.000;20.000;20.000;20.000;13;12;0
2012;871;154;208;8;8.000;76.000;3.000;207.000;18.000;3.000;9.800;5.800;13;12;0
2012;871;155;15;2;12.000;33.000;6.000;80.000;10.000;12.143;12.800;12.800;13;12;0
2012;871;807;10;11;13.000;31.000;7.000;59.000;14.000;9.500;9.800;13.200;13;12;0
2012;871;808;207;19;19.000;0.000;10.000;0.000;9.000;17.000;18.200;17.600;13;12;0
2012;871;811;3;17;16.000;24.000;8.000;53.000;18.000;9.327;12.000;13.600;13;12;0
2012;871;813;3;6;14.000;29.000;8.000;53.000;10.000;9.377;13.800;12.800;13;12;0
2012;871;814;10;9;15.000;28.000;7.000;59.000;11.000;8.889;12.800;9.400;13;12;0
2012;871;815;15;4;9.000;47.000;6.000;80.000;20.000;12.172;10.800;11.000;13;12;0
2012;871;817;5;16;18.000;4.000;9.000;12.000;20.000;14.900;13.200;14.400;13;12;0
2012;872;1;1;1;2.000;142.000;2.000;243.000;9.600;10.046;15.000;6.600;14;13;1
2012;872;3;131;6;7.000;83.000;5.000;126.000;14.333;8.091;10.400;11.800;14;13;0
2012;872;4;6;10;1.000;179.000;3.000;226.000;7.200;8.994;6.200;10.600;14;13;1
2012;872;13;6;3;10.000;47.000;3.000;226.000;10.375;8.961;9.200;8.800;14;13;0
2012;872;17;9;11;5.000;132.000;1.000;272.000;11.900;11.786;5.400;5.000;14;13;0
2012;872;18;1;2;6.000;101.000;2.000;243.000;8.583;9.943;5.400;6.400;14;13;0
2012;872;20;9;5;4.000;140.000;1.000;272.000;6.400;12.333;7.000;8.000;14;13;0
2012;872;30;131;4;11.000;43.000;5.000;126.000;5.188;8.000;9.600;11.800;14;13;0
2012;872;37;164;23;25.000;0.000;12.000;0.000;15.333;20.000;19.600;20.000;14;13;0
2012;872;39;164;21;24.000;0.000;12.000;0.000;20.000;19.800;20.000;20.000;14;13;0
2012;872;155;15;8;12.000;35.000;6.000;100.000;20.000;12.567;13.600;14.400;14;13;0
2012;872;807;10;24;14.000;31.000;7.000;63.000;7.000;14.375;8.200;9.600;14;13;0
2012;872;808;207;18;20.000;0.000;10.000;0.000;17.500;14.000;17.200;16.200;14;13;0
2012;872;811;3;13;16.000;25.000;8.000;54.000;15.500;9.716;11.000;13.400;14;13;0
2012;872;813;3;22;15.000;29.000;8.000;54.000;11.000;9.721;15.200;12.400;14;13;0
2012;872;814;10;9;13.000;32.000;7.000;63.000;8.000;15.111;12.600;11.600;14;13;0
2012;872;815;15;12;9.000;65.000;6.000;100.000;17.000;12.452;14.400;15.000;14;13;1
2012;872;816;208;15;21.000;0.000;4.000;217.000;20.000;5.000;19.800;7.400;14;13;0
2012;872;817;5;14;18.000;4.000;9.000;12.000;16.000;12.917;12.200;12.400;14;13;0
2012;873;1;1;1;4.000;142.000;2.000;261.000;7.000;6.375;11.400;10.800;15;14;0
2012;873;3;131;10;7.000;93.000;5.000;136.000;6.250;12.000;10.600;11.000;15;14;0
2012;873;4;6;5;1.000;194.000;3.000;245.000;2.250;9.125;6.600;8.600;15;14;1
2012;873;13;6;13;10.000;51.000;3.000;245.000;10.000;8.444;6.800;7.400;15;14;0
2012;873;17;9;7;5.000;132.000;1.000;297.000;10.250;6.875;8.600;10.800;15;14;0
2012;873;18;1;4;6.000;119.000;2.000;261.000;5.000;8.333;8.400;14.400;15;14;1
2012;873;20;9;3;2.000;165.000;1.000;297.000;3.000;7.333;7.200;12.200;15;14;1
2012;873;30;131;9;12.000;43.000;5.000;136.000;18.000;10.600;10.200;7.200;15;14;0
2012;873;154;208;8;8.000;82.000;4.000;231.000;20.000;6.000;14.200;10.200;15;14;0
2012;873;155;15;17;13.000;35.000;6.000;101.000;17.500;15.750;11.000;11.800;15;14;0
2012;873;807;10;11;14.000;31.000;7.000;75.000;10.000;13.750;11.400;11.000;15;14;0
2012;873;808;207;18;21.000;0.000;11.000;0.000;14.000;15.000;17.600;15.000;15;14;0
2012;873;811;3;22;16.000;25.000;8.000;54.000;18.500;8.750;11.000;13.200;15;14;0
2012;873;813;3;2;15.000;29.000;8.000;54.000;11.000;9.778;15.000;14.200;15;14;0
2012;873;814;10;6;11.000;44.000;7.000;75.000;6.000;13.778;12.800;11.400;15;14;0
2012;873;815;15;14;9.000;66.000;6.000;101.000;10.000;15.200;13.000;11.600;15;14;0
2012;873;817;5;15;18.000;6.000;9.000;14.000;19.000;13.375;12.400;13.800;15;14;0
2012;874;1;1;9;4.000;152.000;2.000;283.000;4.333;7.000;14.600;10.200;22;15;0
2012;874;3;131;13;7.000;93.000;5.000;136.000;10.500;9.750;8.600;9.200;22;15;0
2012;874;4;6;6;1.000;194.000;3.000;263.000;6.625;8.783;6.800;4.600;22;15;0
2012;874;13;6;10;9.000;69.000;3.000;263.000;11.333;9.085;7.600;8.200;22;15;1
2012;874;17;9;2;5.000;134.000;1.000;324.000;10.875;7.700;10.600;11.200;22;15;0
2012;874;18;1;8;6.000;131.000;2.000;283.000;4.700;6.957;6.800;11.000;22;15;0
2012;874;20;9;1;2.000;190.000;1.000;324.000;1.667;7.818;6.800;12.600;22;15;1
2012;874;30;131;23;13.000;43.000;5.000;136.000;7.333;12.600;13.000;12.600;22;15;0
2012;874;37;164;20;25.000;0.000;12.000;0.000;13.200;19.000;19.200;19.200;22;15;0
2012;874;39;164;24;24.000;0.000;12.000;0.000;15.000;18.800;20.000;19.000;22;15;0
2012;874;154;208;4;8.000;82.000;4.000;239.000;16.000;6.000;11.600;7.400;22;15;0
2012;874;155;15;3;11.000;50.000;6.000;116.000;10.000;11.167;11.400;11.000;22;15;1
2012;874;807;10;15;14.000;37.000;7.000;81.000;20.000;15.167;11.800;11.400;22;15;0
2012;874;808;207;22;21.000;0.000;11.000;0.000;15.500;15.000;16.600;15.600;22;15;0
2012;874;811;3;16;16.000;25.000;8.000;58.000;15.500;9.739;12.800;16.200;22;15;0
2012;874;813;3;12;15.000;33.000;8.000;58.000;14.000;9.830;16.200;15.000;22;15;0
2012;874;814;10;11;12.000;44.000;7.000;81.000;12.000;14.000;9.000;10.800;22;15;0
2012;874;815;15;5;10.000;66.000;6.000;116.000;8.000;10.903;10.600;7.400;22;15;0
2012;874;817;5;14;18.000;7.000;9.000;15.000;20.000;16.125;11.600;14.600;22;15;0
2012;875;1;1;3;4.000;153.000;3.000;284.000;2.000;5.000;10.800;11.600;35;16;0
2012;875;3;131;9;7.000;93.000;5.000;136.000;16.000;15.000;11.400;13.400;35;16;0
2012;875;4;6;4;2.000;209.000;2.000;290.000;3.000;3.750;11.200;8.000;35;16;1
2012;875;13;6;6;9.000;81.000;2.000;290.000;4.500;3.600;5.600;7.800;35;16;0
2012;875;17;9;1;5.000;152.000;1.000;367.000;13.000;11.000;10.800;8.800;35;16;1
2012;875;18;1;11;6.000;131.000;3.000;284.000;8.000;6.000;7.200;9.000;35;16;0
2012;875;20;9;2;1.000;215.000;1.000;367.000;9.000;9.200;6.000;4.800;35;16;1
2012;875;30;131;10;14.000;43.000;5.000;136.000;14.000;16.600;13.800;16.800;35;16;0
2012;875;155;15;13;11.000;50.000;6.000;116.000;11.500;12.000;11.200;10.000;35;16;0
2012;875;807;10;8;12.000;45.000;7.000;89.000;10.000;10.750;11.400;9.000;35;16;0
2012;875;808;207;18;21.000;0.000;11.000;0.000;20.000;17.000;16.800;16.600;35;16;0
2012;875;811;3;17;16.000;25.000;8.000;58.000;13.500;12.750;12.200;14.600;35;16;0
2012;875;813;3;15;15.000;33.000;8.000;58.000;20.000;13.200;14.800;15.400;35;16;0
2012;875;814;10;14;13.000;44.000;7.000;89.000;10.000;9.800;9.200;8.600;35;16;0
2012;875;815;15;12;10.000;66.000;6.000;116.000;16.000;14.000;13.800;14.000;35;16;0
2012;875;817;5;21;18.000;9.000;9.000;21.000;19.000;11.750;11.000;15.200;35;16;0
2012;876;1;1;3;5.000;165.000;3.000;306.000;7.000;4.500;12.600;9.000;68;17;0
2012;876;3;131;10;7.000;93.000;5.000;136.000;6.000;5.500;14.000;18.400;68;17;0
2012;876;4;6;5;2.000;227.000;2.000;316.000;3.000;11.500;10.800;8.000;68;17;1
2012;876;13;6;6;9.000;89.000;2.000;316.000;20.000;8.333;4.600;6.800;68;17;0
2012;876;17;9;2;4.000;167.000;1.000;407.000;4.000;2.500;9.600;2.800;68;17;1
2012;876;18;1;4;6.000;141.000;3.000;306.000;2.000;4.333;10.800;9.400;68;17;0
2012;876;20;9;1;1.000;240.000;1.000;407.000;1.000;2.667;5.400;3.200;68;17;1
2012;876;30;131;14;14.000;43.000;5.000;136.000;5.000;7.333;11.600;16.400;68;17;0
2012;876;39;164;23;24.000;0.000;12.000;0.000;17.000;19.333;20.000;20.000;68;17;0
2012;876;155;15;17;11.000;50.000;6.000;116.000;20.000;17.000;12.000;13.600;68;17;0
2012;876;808;207;19;21.000;0.000;11.000;0.000;11.000;18.000;16.200;16.600;68;17;0
2012;876;811;3;13;16.000;26.000;8.000;59.000;12.000;18.500;13.800;14.600;68;17;0
2012;876;813;3;9;15.000;33.000;8.000;59.000;20.000;15.667;15.000;12.200;68;17;0
2012;876;814;10;16;13.000;44.000;7.000;93.000;13.000;10.000;9.200;9.000;68;17;0
2012;876;815;15;8;10.000;66.000;6.000;116.000;10.000;16.000;13.200;14.400;68;17;0
2012;876;817;5;15;18.000;9.000;9.000;21.000;18.000;14.500;9.800;12.000;68;17;0
2012;877;1;1;1;5.000;165.000;3.000;318.000;7.333;6.500;8.800;9.400;24;18;0
2012;877;3;131;7;8.000;93.000;5.000;136.000;6.333;10.000;14.000;16.000;24;18;0
2012;877;4;6;6;2.000;245.000;2.000;340.000;7.667;8.667;6.800;3.400;24;18;1
2012;877;13;6;8;7.000;95.000;2.000;340.000;7.500;7.714;4.800;3.400;24;18;0
2012;877;17;9;2;4.000;167.000;1.000;422.000;4.667;6.667;9.000;1.600;24;18;0
2012;877;18;1;5;6.000;153.000;3.000;318.000;3.000;8.571;11.600;12.800;24;18;0
2012;877;20;9;24;1.000;255.000;1.000;422.000;8.667;8.571;5.200;5.400;24;18;1
2012;877;30;131;13;15.000;43.000;5.000;136.000;15.000;12.600;14.600;18.400;24;18;0
2012;877;154;208;9;9.000;90.000;4.000;288.000;18.000;1.000;13.200;5.800;24;18;0
2012;877;155;15;15;11.000;58.000;6.000;124.000;10.000;11.500;12.200;18.600;24;18;0
2012;877;807;10;10;12.000;49.000;7.000;95.000;16.000;14.333;11.200;10.000;24;18;0
2012;877;808;207;20;21.000;0.000;11.000;0.000;9.500;13.000;16.800;16.200;24;18;0
2012;877;811;3;14;16.000;30.000;8.000;73.000;17.500;12.667;13.400;12.600;24;18;0
2012;877;813;3;3;14.000;43.000;8.000;73.000;14.000;12.000;14.200;12.600;24;18;0
2012;877;814;10;12;13.000;46.000;7.000;95.000;9.000;15.714;9.600;12.400;24;18;0
2012;877;815;15;11;10.000;66.000;6.000;124.000;11.000;10.400;13.800;15.400;24;18;0
2012;877;817;5;16;18.000;10.000;9.000;22.000;20.000;14.833;10.600;11.600;24;18;0
2012;879;1;1;1;4.000;190.000;3.000;378.000;8.200;8.051;8.200;7.200;18;20;0
2012;879;3;131;9;9.000;93.000;5.000;142.000;11.167;8.750;18.800;17.000;18;20;0
2012;879;4;6;7;2.000;278.000;2.000;400.000;6.300;7.000;6.600;4.400;18;20;1
2012;879;13;6;5;7.000;122.000;2.000;400.000;7.375;6.915;4.600;3.600;18;20;1
2012;879;17;9;3;6.000;179.000;1.000;460.000;10.900;9.143;11.400;9.800;18;20;0
2012;879;18;1;2;5.000;188.000;3.000;378.000;8.917;8.250;8.400;10.200;18;20;1
2012;879;20;9;4;1.000;281.000;1.000;460.000;5.800;8.800;1.600;10.400;18;20;0
2012;879;30;131;13;13.000;49.000;5.000;142.000;4.471;10.000;14.600;15.600;18;20;0
2012;879;37;164;24;25.000;0.000;12.000;0.000;8.500;20.000;20.000;20.000;18;20;0
2012;879;39;164;23;24.000;0.000;12.000;0.000;15.000;20.000;20.000;19.800;18;20;0
2012;879;154;208;18;8.000;96.000;4.000;303.000;13.000;10.000;12.200;8.600;18;20;0
2012;879;155;15;14;12.000;60.000;6.000;126.000;9.667;13.100;11.800;14.000;18;20;0
2012;879;807;10;6;11.000;63.000;7.000;109.000;8.000;14.250;10.600;13.600;18;20;0
2012;879;808;207;19;19.000;0.000;10.000;0.000;13.000;14.000;16.600;15.600;18;20;0
2012;879;811;3;11;16.000;31.000;8.000;76.000;19.000;10.353;11.400;9.600;18;20;0
2012;879;813;3;16;15.000;45.000;8.000;76.000;20.000;10.596;10.400;11.000;18;20;0
2012;879;814;10;10;14.000;46.000;7.000;109.000;8.000;13.222;12.000;12.200;18;20;0
2012;879;815;15;12;10.000;66.000;6.000;126.000;13.000;12.968;16.600;11.000;18;20;0
2012;879;817;5;15;18.000;10.000;9.000;26.000;20.000;11.750;10.800;14.600;18;20;0
2013;880;1;131;3;5.000;10.000;4.000;10.000;5.833;13.833;11.200;12.400;1;1;0
2013;880;3;131;6;20.000;0.000;4.000;10.000;10.143;12.571;17.000;11.200;1;1;0
2013;880;4;6;5;2.000;18.000;1.000;30.000;4.545;8.118;2.400;3.800;1;1;1
2013;880;8;208;7;1.000;25.000;2.000;26.000;7.300;14.000;5.800;12.600;1;1;1
2013;880;13;6;4;4.000;12.000;1.000;30.000;12.700;7.943;4.800;2.800;1;1;0
2013;880;16;10;12;7.000;6.000;5.000;10.000;13.800;13.300;9.000;11.200;1;1;0
2013;880;17;9;2;6.000;8.000;3.000;23.000;11.182;10.250;10.400;7.600;1;1;0
2013;880;18;1;10;9.000;2.000;6.000;2.000;9.538;7.647;7.800;6.200;1;1;0
2013;880;20;9;1;3.000;15.000;3.000;23.000;10.600;10.000;2.600;8.200;1;1;1
2013;880;154;208;8;10.000;1.000;2.000;26.000;20.000;9.667;12.600;9.000;1;1;0
2013;880;807;15;11;22.000;0.000;8.000;0.000;20.000;12.885;10.200;14.600;1;1;0
2013;880;813;3;17;21.000;0.000;9.000;0.000;16.500;10.529;13.200;13.800;1;1;0
2013;880;814;10;9;8.000;4.000;5.000;10.000;10.000;12.727;13.400;10.800;1;1;0
2013;880;815;1;15;11.000;0.000;6.000;2.000;15.000;7.686;17.000;7.200;1;1;0
2013;880;817;5;14;19.000;0.000;7.000;0.000;9.000;12.357;11.400;13.800;1;1;0
2013;880;818;5;13;12.000;0.000;7.000;0.000;11.000;12.800;13.400;15.200;1;1;0
2013;880;819;207;22;16.000;0.000;11.000;0.000;15.000;18.500;17.600;15.200;1;1;0
2013;881;1;131;4;4.000;25.000;4.000;37.000;5.167;11.333;10.200;12.600;2;2;1
2013;881;3;131;6;7.000;12.000;4.000;37.000;12.857;10.143;16.400;10.000;2;2;0
2013;881;4;6;3;6.000;18.000;3.000;40.000;6.000;6.071;2.200;3.000;2;2;0
2013;881;8;208;10;2.000;31.000;2.000;40.000;11.200;14.500;5.000;9.800;2;2;0
2013;881;13;6;2;5.000;22.000;3.000;40.000;8.900;6.621;4.800;6.600;2;2;0
2013;881;16;10;8;9.000;6.000;5.000;10.000;15.000;12.900;8.200;10.800;2;2;0
2013;881;17;9;5;3.000;26.000;1.000;66.000;10.818;8.875;11.200;4.200;2;2;1
2013;881;18;1;7;13.000;2.000;7.000;4.000;8.538;8.286;4.800;9.200;2;2;0
2013;881;20;9;1;1.000;40.000;1.000;66.000;9.200;8.471;3.000;4.200;2;2;1
2013;881;154;208;11;8.000;9.000;2.000;40.000;20.000;12.000;13.200;9.800;2;2;0
2013;881;807;15;12;11.000;4.000;6.000;4.000;9.500;13.100;13.400;15.800;2;2;0
2013;881;813;3;16;22.000;0.000;9.000;0.000;20.000;12.714;14.600;17.800;2;2;0
2013;881;814;10;15;10.000;4.000;5.000;10.000;8.500;13.545;12.600;11.800;2;2;0
2013;881;815;1;9;12.000;2.000;7.000;4.000;11.500;8.586;17.000;11.600;2;2;0
2013;881;817;5;13;21.000;0.000;8.000;1.000;12.000;13.643;13.400;15.200;2;2;0
2013;881;818;5;17;14.000;1.000;8.000;1.000;8.000;13.933;14.200;14.000;2;2;0
2013;881;819;207;20;18.000;0.000;11.000;0.000;20.000;17.000;17.000;15.200;2;2;0
2013;882;1;131;1;4.000;40.000;4.000;52.000;5.333;8.500;10.000;7.800;17;3;1
2013;882;3;131;4;7.000;12.000;4.000;52.000;9.429;7.714;15.000;7.000;17;3;0
2013;882;4;6;3;3.000;43.000;2.000;73.000;4.667;8.333;6.200;7.200;17;3;1
2013;882;8;208;2;2.000;49.000;3.000;60.000;7.714;10.000;5.000;9.000;17;3;1
2013;882;13;6;5;5.000;30.000;2.000;73.000;9.333;7.947;4.600;6.800;17;3;0
2013;882;16;10;13;12.000;6.000;6.000;14.000;16.600;15.400;10.000;15.000;17;3;0
2013;882;17;9;22;6.000;26.000;1.000;78.000;7.333;6.750;11.000;3.600;17;3;0
2013;882;18;1;8;8.000;12.000;5.000;14.000;5.000;6.833;7.200;9.400;17;3;0
2013;882;20;9;9;1.000;52.000;1.000;78.000;4.500;7.529;3.000;6.400;17;3;0
2013;882;154;208;6;9.000;11.000;3.000;60.000;6.000;7.333;12.600;5.200;17;3;0
2013;882;807;15;10;13.000;5.000;8.000;5.000;15.000;12.100;13.400;15.800;17;3;0
2013;882;813;3;14;20.000;0.000;9.000;0.000;13.000;12.389;15.200;17.400;17;3;0
2013;882;814;10;11;10.000;8.000;6.000;14.000;11.500;15.909;14.400;15.400;17;3;0
2013;882;815;1;12;14.000;2.000;5.000;14.000;14.000;6.737;14.000;10.200;17;3;0
2013;882;817;5;7;11.000;6.000;7.000;7.000;17.000;12.857;14.400;13.400;17;3;0
2013;882;818;5;15;15.000;1.000;7.000;7.000;16.000;12.467;13.200;13.200;17;3;0
2013;882;819;207;20;19.000;0.000;11.000;0.000;20.000;20.000;16.000;14.800;17;3;0
2013;883;1;131;9;3.000;50.000;4.000;64.000;6.000;6.500;6.400;9.800;3;4;0
2013;883;3;131;1;9.000;14.000;4.000;64.000;7.333;6.200;14.200;6.800;3;4;0
2013;883;4;6;3;4.000;47.000;3.000;77.000;4.875;5.375;6.000;7.600;3;4;0
2013;883;8;208;8;2.000;67.000;2.000;93.000;5.571;2.500;5.200;6.800;3;4;1
2013;883;13;6;4;6.000;30.000;3.000;77.000;6.875;5.529;4.400;8.400;3;4;0
2013;883;16;10;6;12.000;6.000;5.000;26.000;15.500;12.625;12.400;15.600;3;4;0
2013;883;17;9;7;5.000;32.000;1.000;109.000;8.375;9.714;11.000;6.000;3;4;0
2013;883;18;1;10;10.000;13.000;6.000;23.000;11.125;8.188;7.400;10.600;3;4;0
2013;883;20;9;2;1.000;77.000;1.000;109.000;7.250;9.533;3.200;6.800;3;4;1
2013;883;154;208;11;7.000;26.000;2.000;93.000;3.000;2.333;10.600;5.200;3;4;1
2013;883;807;15;14;14.000;5.000;8.000;5.000;13.000;13.125;10.600;13.000;3;4;0
2013;883;813;3;17;17.000;0.000;9.000;0.000;20.000;12.250;17.000;14.200;3;4;0
2013;883;814;10;5;8.000;20.000;5.000;26.000;6.000;12.667;14.200;16.600;3;4;0
2013;883;815;1;12;11.000;10.000;6.000;23.000;11.000;8.294;13.200;10.400;3;4;0
2013;883;817;5;13;13.000;6.000;7.000;7.000;15.000;15.917;13.800;11.800;3;4;0
2013;883;818;5;16;15.000;1.000;7.000;7.000;14.000;15.923;13.200;12.600;3;4;0
2013;883;819;207;18;20.000;0.000;11.000;0.000;20.000;16.500;15.600;16.200;3;4;0
2013;884;1;131;2;4.000;50.000;4.000;72.000;6.333;10.167;7.200;8.000;4;5;0
2013;884;3;131;1;9.000;22.000;4.000;72.000;9.429;10.429;13.400;9.600;4;5;0
2013;884;4;6;5;3.000;72.000;2.000;117.000;4.909;7.568;7.000;7.000;4;5;1
2013;884;8;208;4;2.000;85.000;3.000;111.000;10.100;3.500;4.400;4.400;4;5;1
2013;884;13;6;9;5.000;45.000;2.000;117.000;8.100;7.422;6.600;6.200;4;5;1
2013;884;16;10;13;13.000;6.000;5.000;32.000;14.800;13.600;13.400;13.400;4;5;0
2013;884;17;9;7;6.000;42.000;1.000;131.000;9.091;8.062;7.800;6.600;4;5;0
2013;884;18;1;14;10.000;17.000;6.000;29.000;8.583;8.477;8.400;8.200;4;5;0
2013;884;20;9;3;1.000;89.000;1.000;131.000;7.200;7.882;3.000;7.400;4;5;0
2013;884;154;208;6;7.000;26.000;3.000;111.000;4.000;3.000;9.800;3.600;4;5;0
2013;884;807;15;15;14.000;5.000;8.000;5.000;13.000;11.387;11.400;14.800;4;5;0
2013;884;813;3;17;18.000;0.000;9.000;0.000;8.000;9.568;17.400;12.600;4;5;0
2013;884;814;10;10;8.000;26.000;5.000;32.000;13.000;13.545;12.000;11.800;4;5;0
2013;884;815;1;8;11.000;12.000;6.000;29.000;14.500;8.467;12.200;8.000;4;5;0
2013;884;817;5;11;12.000;7.000;7.000;8.000;13.000;16.571;14.600;13.400;4;5;0
2013;884;818;5;12;15.000;1.000;7.000;8.000;12.000;16.133;12.800;13.400;4;5;0
2013;884;819;207;22;20.000;0.000;11.000;0.000;20.000;16.500;15.000;17.400;4;5;0
2013;885;1;131;2;4.000;62.000;4.000;109.000;5.167;13.700;5.600;10.200;6;6;0
2013;885;3;131;1;6.000;47.000;4.000;109.000;10.429;12.818;11.600;7.200;6;6;1
2013;885;4;6;6;3.000;78.000;2.000;123.000;5.818;7.474;6.800;6.600;6;6;0
2013;885;8;208;5;2.000;86.000;3.000;112.000;9.400;16.500;2.800;7.600;6;6;0
2013;885;13;6;21;7.000;45.000;2.000;123.000;7.800;7.471;6.600;6.800;6;6;0
2013;885;16;10;8;11.000;16.000;5.000;44.000;12.800;10.700;14.800;9.000;6;6;0
2013;885;17;9;4;5.000;57.000;1.000;164.000;9.455;9.188;8.000;4.200;6;6;1
2013;885;18;1;9;10.000;25.000;6.000;37.000;11.833;9.651;9.800;8.800;6;6;0
2013;885;20;9;3;1.000;107.000;1.000;164.000;6.000;8.824;2.600;4.000;6;6;1
2013;885;154;208;13;9.000;26.000;3.000;112.000;20.000;14.333;10.000;7.800;6;6;0
2013;885;807;15;11;14.000;5.000;8.000;5.000;16.000;13.469;13.400;15.600;6;6;0
2013;885;813;3;16;18.000;0.000;9.000;0.000;20.000;10.471;15.800;13.600;6;6;0
2013;885;814;10;17;8.000;28.000;5.000;44.000;9.500;10.182;9.600;8.400;6;6;0
2013;885;815;1;7;12.000;12.000;6.000;37.000;17.500;9.609;9.200;7.800;6;6;0
2013;885;817;5;12;13.000;7.000;7.000;12.000;17.000;13.357;14.000;16.000;6;6;0
2013;885;818;5;10;15.000;5.000;7.000;12.000;12.000;13.667;15.200;17.200;6;6;0
2013;885;819;207;18;20.000;0.000;11.000;0.000;18.000;16.500;16.000;18.800;6;6;0
2013;886;1;131;2;4.000;77.000;3.000;134.000;9.200;10.000;5.400;6.400;7;7;1
2013;886;3;131;4;6.000;57.000;3.000;134.000;10.667;9.000;7.800;5.200;7;7;0
2013;886;4;6;6;2.000;96.000;2.000;145.000;10.700;8.646;7.800;9.400;7;7;1
2013;886;8;208;10;3.000;88.000;4.000;114.000;6.000;5.000;4.600;10.800;7;7;0
2013;886;13;6;16;7.000;49.000;2.000;145.000;9.556;8.545;10.000;6.800;7;7;0
2013;886;16;10;8;11.000;17.000;5.000;51.000;17.250;14.375;14.400;7.600;7;7;0
2013;886;17;9;5;5.000;69.000;1.000;201.000;8.600;7.071;7.400;3.000;7;7;0
2013;886;18;1;14;10.000;25.000;6.000;37.000;11.000;9.712;9.200;9.000;7;7;0
2013;886;20;9;1;1.000;132.000;1.000;201.000;4.500;6.867;2.400;3.600;7;7;1
2013;886;154;208;22;9.000;26.000;4.000;114.000;2.000;6.333;11.400;12.000;7;7;0
2013;886;807;15;9;15.000;5.000;8.000;5.000;12.500;12.969;11.200;13.600;7;7;0
2013;886;813;3;13;18.000;0.000;9.000;0.000;16.000;10.791;15.600;15.200;7;7;0
2013;886;814;10;17;8.000;34.000;5.000;51.000;14.500;13.889;9.800;8.800;7;7;0
2013;886;815;1;12;13.000;12.000;6.000;37.000;3.000;9.746;10.200;10.200;7;7;0
2013;886;817;5;11;14.000;7.000;7.000;20.000;14.000;12.000;13.800;15.600;7;7;0
2013;886;818;5;7;12.000;13.000;7.000;20.000;15.000;12.231;14.400;14.200;7;7;0
2013;886;819;207;18;20.000;0.000;11.000;0.000;20.000;18.500;17.200;19.200;7;7;0
2013;887;1;131;1;4.000;89.000;2.000;171.000;5.667;7.500;5.400;3.800;9;8;0
2013;887;3;131;2;6.000;82.000;2.000;171.000;8.429;7.111;8.000;3.400;9;8;1
2013;887;4;6;9;2.000;111.000;3.000;168.000;7.818;9.047;3.800;8.200;9;8;1
2013;887;8;208;8;3.000;98.000;4.000;124.000;4.800;5.500;5.000;14.200;9;8;0
2013;887;13;6;11;7.000;57.000;3.000;168.000;7.900;8.991;10.600;8.200;9;8;0
2013;887;16;10;6;11.000;23.000;5.000;59.000;15.000;14.200;12.400;7.600;9;8;0
2013;887;17;9;4;5.000;87.000;1.000;219.000;10.364;8.562;7.800;2.800;9;8;1
2013;887;18;1;10;10.000;25.000;6.000;37.000;10.231;8.890;8.200;10.800;9;8;0
2013;887;20;9;3;1.000;132.000;1.000;219.000;6.400;8.176;2.400;2.400;9;8;0
2013;887;154;208;7;9.000;26.000;4.000;124.000;6.000;5.333;12.800;10.800;9;8;0
2013;887;807;15;14;15.000;6.000;8.000;6.000;11.000;11.500;13.800;15.200;9;8;0
2013;887;813;3;15;16.000;0.000;9.000;0.000;15.000;9.738;15.000;15.600;9;8;0
2013;887;814;10;21;8.000;36.000;5.000;59.000;19.000;13.545;7.000;7.600;9;8;0
2013;887;815;1;13;13.000;12.000;6.000;37.000;14.500;8.946;10.600;11.600;9;8;0
2013;887;817;5;5;14.000;11.000;7.000;24.000;16.000;16.143;13.200;13.400;9;8;0
2013;887;818;5;12;12.000;13.000;7.000;24.000;14.000;15.600;13.600;11.000;9;8;0
2013;887;819;207;18;20.000;0.000;11.000;0.000;19.000;20.000;18.000;19.600;9;8;0
2013;888;1;131;1;4.000;99.000;2.000;183.000;9.333;7.833;5.600;2.800;20;9;0
2013;888;3;131;11;6.000;84.000;2.000;183.000;9.500;7.429;4.400;3.600;20;9;0
2013;888;4;6;8;2.000;123.000;3.000;180.000;4.500;7.907;4.200;8.000;20;9;0
2013;888;13;6;7;7.000;57.000;3.000;180.000;6.000;7.870;10.600;4.600;20;9;0
2013;888;16;10;15;11.000;23.000;5.000;59.000;13.333;11.250;9.600;8.400;20;9;0
2013;888;17;9;3;5.000;93.000;1.000;250.000;9.375;7.100;4.200;6.000;20;9;0
2013;888;18;1;9;10.000;33.000;6.000;49.000;11.100;10.760;9.800;14.400;20;9;0
2013;888;20;9;2;1.000;157.000;1.000;250.000;3.000;7.091;5.800;7.000;20;9;1
2013;888;813;3;18;16.000;0.000;9.000;0.000;14.000;10.111;14.400;13.000;20;9;0
2013;888;814;10;12;9.000;36.000;5.000;59.000;13.000;11.600;7.200;9.200;20;9;0
2013;888;815;1;13;12.000;16.000;6.000;49.000;11.000;10.667;12.400;12.400;20;9;0
2013;888;817;5;6;14.000;11.000;7.000;24.000;19.000;17.375;13.400;11.800;20;9;0
2013;890;1;131;1;4.000;124.000;2.000;208.000;5.333;16.333;5.600;4.800;11;10;1
2013;890;3;131;4;6.000;84.000;2.000;208.000;11.857;14.143;4.400;4.000;11;10;0
2013;890;4;6;5;3.000;133.000;3.000;194.000;7.545;9.167;3.400;8.600;11;10;0
2013;890;8;208;6;2.000;134.000;4.000;183.000;5.800;2.500;5.600;8.400;11;10;1
2013;890;13;6;7;7.000;61.000;3.000;194.000;11.600;9.091;12.000;8.000;11;10;0
2013;890;16;10;11;11.000;23.000;5.000;59.000;18.400;14.700;9.600;9.400;11;10;0
2013;890;17;9;10;5.000;105.000;1.000;277.000;8.545;9.125;4.200;6.400;11;10;0
2013;890;18;1;13;9.000;39.000;6.000;57.000;9.385;7.852;9.000;11.600;11;10;0
2013;890;20;9;2;1.000;172.000;1.000;277.000;10.333;8.824;5.800;7.000;11;10;1
2013;890;154;208;3;8.000;49.000;4.000;183.000;3.000;2.333;14.800;6.200;11;10;0
2013;890;807;15;12;15.000;7.000;8.000;7.000;8.500;12.406;13.400;13.600;11;10;0
2013;890;813;3;15;16.000;1.000;9.000;1.000;14.500;7.630;15.200;13.600;11;10;0
2013;890;814;10;18;10.000;36.000;5.000;59.000;9.500;15.364;8.600;12.400;11;10;0
2013;890;815;1;9;12.000;18.000;6.000;57.000;14.500;7.836;12.800;10.800;11;10;0
2013;890;817;5;8;14.000;11.000;7.000;24.000;16.500;15.429;12.600;13.600;11;10;0
2013;890;818;5;14;13.000;13.000;7.000;24.000;16.000;15.267;15.200;15.000;11;10;0
2013;890;819;207;19;20.000;0.000;11.000;0.000;20.000;18.000;17.800;18.000;11;10;0
2013;891;1;131;1;3.000;139.000;2.000;235.000;12.000;6.111;3.400;7.000;13;11;1
2013;891;3;131;4;6.000;96.000;2.000;235.000;8.167;5.800;7.000;7.400;13;11;0
2013;891;4;6;9;2.000;151.000;3.000;218.000;12.111;9.724;4.200;9.000;13;11;1
2013;891;8;208;8;4.000;134.000;4.000;187.000;7.500;13.500;5.600;6.400;13;11;0
2013;891;13;6;10;7.000;67.000;3.000;218.000;6.125;9.658;13.000;8.200;13;11;0
2013;891;16;10;12;11.000;25.000;6.000;61.000;10.000;9.000;11.400;14.600;13;11;0
2013;891;17;9;3;5.000;115.000;1.000;312.000;8.333;8.000;4.000;7.200;13;11;0
2013;891;18;1;6;9.000;47.000;5.000;65.000;12.000;7.943;8.800;10.000;13;11;0
2013;891;20;9;2;1.000;197.000;1.000;312.000;7.833;7.800;5.600;4.000;13;11;1
2013;891;154;208;7;8.000;53.000;4.000;187.000;20.000;16.000;11.600;6.800;13;11;0
2013;891;807;15;11;15.000;7.000;8.000;7.000;9.000;12.467;12.600;14.000;13;11;0
2013;891;813;3;17;16.000;1.000;9.000;1.000;15.000;9.574;14.400;14.600;13;11;0
2013;891;814;10;5;10.000;36.000;6.000;61.000;10.500;9.000;10.800;14.600;13;11;0
2013;891;815;1;13;12.000;18.000;5.000;65.000;20.000;7.907;12.800;7.200;13;11;0
2013;891;817;5;19;14.000;12.000;7.000;25.000;15.000;13.833;13.200;15.800;13;11;0
2013;891;818;5;18;13.000;13.000;7.000;25.000;8.000;13.538;13.600;13.400;13;11;0
2013;891;819;207;22;20.000;0.000;11.000;0.000;16.000;15.500;17.400;16.400;13;11;0
2013;892;1;131;12;3.000;141.000;3.000;245.000;8.167;7.846;3.200;7.200;14;12;0
2013;892;3;131;6;6.000;104.000;3.000;245.000;13.286;7.929;7.600;7.200;14;12;0
2013;892;4;6;5;2.000;169.000;2.000;248.000;6.818;8.933;3.200;8.800;14;12;1
2013;892;8;208;11;4.000;134.000;4.000;191.000;7.100;9.000;7.800;8.000;14;12;0
2013;892;13;6;4;7.000;79.000;2.000;248.000;9.667;8.895;10.200;4.800;14;12;0
2013;892;16;10;17;11.000;25.000;6.000;61.000;15.400;14.400;12.200;16.000;14;12;0
2013;892;17;9;2;5.000;130.000;1.000;352.000;12.636;12.938;4.400;2.800;14;12;1
2013;892;18;1;9;9.000;48.000;5.000;66.000;9.692;10.090;8.800;8.200;14;12;0
2013;892;20;9;1;1.000;222.000;1.000;352.000;9.000;12.353;5.400;3.200;14;12;1
2013;892;154;208;13;8.000;57.000;4.000;191.000;15.000;9.667;9.800;9.600;14;12;0
2013;892;807;15;3;14.000;17.000;8.000;17.000;14.000;12.125;13.000;14.600;14;12;0
2013;892;813;3;14;16.000;1.000;9.000;1.000;11.000;9.739;13.800;15.600;14;12;0
2013;892;814;10;15;10.000;36.000;6.000;61.000;8.000;14.545;13.000;17.000;14;12;0
2013;892;815;1;8;12.000;18.000;5.000;66.000;9.500;10.089;11.800;8.600;14;12;0
2013;892;817;5;7;13.000;18.000;7.000;31.000;14.000;13.643;11.600;13.400;14;12;0
2013;892;818;5;10;15.000;13.000;7.000;31.000;20.000;13.200;14.400;10.800;14;12;0
2013;892;819;207;20;20.000;0.000;11.000;0.000;16.000;14.500;17.400;17.000;14;12;0
2013;893;1;131;5;3.000;151.000;3.000;267.000;10.400;12.333;4.400;8.200;15;13;0
2013;893;3;131;2;6.000;116.000;3.000;267.000;6.000;11.286;7.800;5.400;15;13;0
2013;893;4;6;7;2.000;187.000;2.000;274.000;2.400;8.400;3.200;4.600;15;13;1
2013;893;8;208;13;4.000;149.000;4.000;206.000;10.333;6.500;8.200;10.800;15;13;1
2013;893;13;6;6;7.000;87.000;2.000;274.000;9.500;7.818;9.400;3.400;15;13;0
2013;893;16;10;15;11.000;26.000;6.000;62.000;13.000;12.800;13.400;17.000;15;13;0
2013;893;17;9;4;5.000;130.000;1.000;377.000;10.400;6.700;4.200;2.600;15;13;0
2013;893;18;1;8;9.000;54.000;5.000;76.000;4.400;7.700;8.400;9.600;15;13;0
2013;893;20;9;1;1.000;247.000;1.000;377.000;2.600;7.455;5.400;5.000;15;13;1
2013;893;154;208;3;8.000;57.000;4.000;206.000;13.500;5.333;8.800;10.200;15;13;0
2013;893;807;15;11;13.000;19.000;8.000;19.000;12.000;14.333;9.800;13.200;15;13;0
2013;893;813;3;18;16.000;1.000;9.000;1.000;16.500;11.000;13.400;16.200;15;13;0
2013;893;814;10;17;10.000;36.000;6.000;62.000;5.000;12.545;16.000;15.400;15;13;0
2013;893;815;1;14;12.000;22.000;5.000;76.000;10.000;7.636;12.000;9.200;15;13;0
2013;893;817;5;9;14.000;18.000;7.000;31.000;14.000;13.600;10.000;12.400;15;13;0
2013;893;818;5;12;15.000;13.000;7.000;31.000;20.000;14.364;17.400;14.400;15;13;0
2013;893;819;207;19;20.000;0.000;11.000;0.000;16.000;17.000;17.200;17.400;15;13;0
2013;894;1;131;2;4.000;161.000;3.000;283.000;4.667;16.000;4.600;5.600;35;14;0
2013;894;3;131;4;6.000;122.000;3.000;283.000;18.333;14.429;8.400;5.800;35;14;0
2013;894;4;6;5;2.000;195.000;2.000;284.000;3.000;3.667;3.000;4.200;35;14;0
2013;894;8;208;9;3.000;167.000;4.000;239.000;5.000;6.000;7.800;10.200;35;14;1
2013;894;13;6;6;7.000;89.000;2.000;284.000;4.333;4.000;9.400;4.000;35;14;0
2013;894;16;10;14;12.000;26.000;6.000;62.000;13.500;10.167;14.000;17.600;35;14;0
2013;894;17;9;13;5.000;130.000;1.000;402.000;9.333;7.833;6.800;4.200;35;14;0
2013;894;18;1;11;9.000;58.000;5.000;81.000;13.333;9.000;7.200;9.600;35;14;0
2013;894;20;9;1;1.000;272.000;1.000;402.000;6.333;9.714;1.400;8.200;35;14;1
2013;894;154;208;3;8.000;72.000;4.000;239.000;7.000;4.667;9.200;9.000;35;14;1
2013;894;807;15;7;11.000;31.000;7.000;31.000;8.000;13.500;9.600;10.600;35;14;0
2013;894;813;3;18;16.000;1.000;9.000;1.000;18.000;13.333;13.400;13.600;35;14;0
2013;894;814;10;15;10.000;36.000;6.000;62.000;11.000;11.571;18.200;17.600;35;14;0
2013;894;815;1;10;13.000;23.000;5.000;81.000;13.500;8.857;9.600;9.000;35;14;0
2013;894;817;5;12;14.000;18.000;8.000;31.000;14.000;10.667;12.800;15.200;35;14;0
2013;894;818;5;16;15.000;13.000;8.000;31.000;8.000;11.857;15.800;16.600;35;14;0
2013;894;819;207;19;20.000;0.000;11.000;0.000;19.000;16.500;18.000;17.200;35;14;0
2013;895;1;131;3;4.000;161.000;3.000;287.000;4.500;12.333;4.600;5.400;22;15;0
2013;895;3;131;6;6.000;126.000;3.000;287.000;13.200;13.429;8.000;8.200;22;15;0
2013;895;4;6;8;2.000;207.000;2.000;297.000;8.444;8.938;3.400;5.400;22;15;0
2013;895;8;208;9;3.000;177.000;4.000;264.000;6.000;12.500;7.800;7.400;22;15;0
2013;895;13;6;5;7.000;90.000;2.000;297.000;10.000;8.837;6.800;5.400;22;15;0
2013;895;16;10;22;12.000;26.000;6.000;62.000;14.000;13.750;15.400;18.800;22;15;0
2013;895;17;9;1;5.000;148.000;1.000;445.000;10.667;7.250;9.600;7.800;22;15;1
2013;895;18;1;10;9.000;60.000;5.000;83.000;4.636;6.896;7.600;9.000;22;15;0
2013;895;20;9;2;1.000;297.000;1.000;445.000;1.500;6.846;1.400;8.000;22;15;1
2013;895;154;208;4;8.000;87.000;4.000;264.000;17.500;10.000;9.200;6.800;22;15;1
2013;895;807;15;7;10.000;39.000;7.000;45.000;13.500;11.250;8.400;9.800;22;15;0
2013;895;813;3;15;17.000;1.000;9.000;1.000;11.000;9.792;13.000;12.800;22;15;0
2013;895;814;10;12;11.000;36.000;6.000;62.000;12.000;13.778;20.000;17.200;22;15;0
2013;895;815;1;11;13.000;23.000;5.000;83.000;15.000;6.939;10.000;8.400;22;15;0
2013;895;817;5;16;14.000;18.000;8.000;31.000;16.000;15.200;14.200;18.800;22;15;0
2013;895;818;5;17;15.000;13.000;8.000;31.000;13.000;15.000;15.400;17.200;22;15;0
2013;895;819;207;20;20.000;0.000;11.000;0.000;20.000;16.000;17.400;16.400;22;15;0
2013;896;1;131;3;4.000;169.000;2.000;313.000;5.500;11.000;8.400;8.800;68;16;0
2013;896;3;131;2;6.000;144.000;2.000;313.000;8.500;10.000;5.800;9.200;68;16;1
2013;896;4;6;8;2.000;207.000;3.000;309.000;2.500;7.750;3.200;7.000;68;16;0
2013;896;8;208;6;3.000;183.000;4.000;285.000;7.000;8.000;8.400;6.800;68;16;0
2013;896;13;6;5;8.000;102.000;3.000;309.000;13.000;8.400;7.200;8.000;68;16;0
2013;896;16;10;13;13.000;28.000;6.000;68.000;9.000;10.500;13.800;17.400;68;16;0
2013;896;17;9;4;5.000;148.000;1.000;470.000;3.500;2.250;9.200;5.200;68;16;0
2013;896;18;1;10;9.000;60.000;5.000;93.000;3.500;4.500;8.000;10.000;68;16;0
2013;896;20;9;1;1.000;322.000;1.000;470.000;1.000;5.800;1.000;9.000;68;16;1
2013;896;154;208;17;7.000;102.000;4.000;285.000;9.000;7.667;8.600;4.000;68;16;1
2013;896;807;15;7;11.000;39.000;7.000;45.000;8.000;18.000;7.400;8.000;68;16;0
2013;896;813;3;18;17.000;1.000;9.000;1.000;19.000;15.750;14.200;14.200;68;16;0
2013;896;814;10;12;10.000;40.000;6.000;68.000;12.500;10.200;19.000;15.200;68;16;0
2013;896;815;1;9;12.000;33.000;5.000;93.000;17.000;6.400;11.200;11.200;68;16;0
2013;896;817;5;11;14.000;19.000;8.000;32.000;15.500;14.250;14.200;15.200;68;16;0
2013;896;818;5;14;15.000;13.000;8.000;32.000;15.000;13.400;15.400;14.400;68;16;0
2013;896;819;207;21;20.000;0.000;11.000;0.000;19.000;17.500;18.000;16.800;68;16;0
2013;897;1;131;4;4.000;175.000;2.000;334.000;10.750;12.333;9.000;8.600;24;17;0
2013;897;3;131;3;6.000;159.000;2.000;334.000;10.500;11.571;5.400;8.600;24;17;1
2013;897;4;6;10;2.000;217.000;3.000;323.000;6.250;7.625;5.000;7.600;24;17;0
2013;897;8;208;22;3.000;183.000;4.000;297.000;6.500;10.000;5.600;4.200;24;17;0
2013;897;13;6;7;8.000;106.000;3.000;323.000;7.333;7.333;6.600;6.800;24;17;0
2013;897;16;10;17;13.000;29.000;6.000;77.000;12.667;14.875;13.800;12.800;24;17;0
2013;897;17;9;1;5.000;166.000;1.000;513.000;8.500;7.875;12.200;5.000;24;17;1
2013;897;18;1;12;9.000;60.000;5.000;95.000;3.250;8.000;9.600;10.600;24;17;0
2013;897;20;9;2;1.000;347.000;1.000;513.000;7.250;7.222;1.000;5.200;24;17;1
2013;897;154;208;6;7.000;114.000;4.000;297.000;18.500;14.000;7.600;8.000;24;17;0
2013;897;807;15;5;11.000;39.000;7.000;45.000;20.000;11.167;8.600;11.600;24;17;0
2013;897;813;3;14;17.000;1.000;9.000;1.000;9.500;11.125;13.200;14.600;24;17;0
2013;897;814;10;11;10.000;48.000;6.000;77.000;9.000;14.333;16.600;10.400;24;17;0
2013;897;815;1;8;12.000;35.000;5.000;95.000;13.000;8.444;10.000;11.000;24;17;0
2013;897;817;5;9;14.000;19.000;8.000;32.000;15.500;13.875;14.200;13.200;24;17;0
2013;897;818;5;13;15.000;13.000;8.000;32.000;12.000;14.111;15.600;12.800;24;17;0
2013;897;819;207;19;20.000;0.000;11.000;0.000;18.000;14.500;17.800;19.400;24;17;0
2013;898;1;131;5;3.000;187.000;2.000;348.000;1.000;14.500;8.600;5.200;69;18;0
2013;898;3;131;12;6.000;161.000;2.000;348.000;13.000;11.000;4.800;4.400;69;18;0
2013;898;4;6;6;2.000;227.000;3.000;333.000;3.000;3.500;5.600;7.600;69;18;0
2013;898;5;208;8;23.000;0.000;4.000;315.000;18.000;6.500;16.000;7.800;69;18;0
2013;898;13;6;13;8.000;106.000;3.000;333.000;4.000;4.000;7.400;6.600;69;18;0
2013;898;17;9;2;5.000;181.000;1.000;553.000;20.000;12.500;12.000;5.000;69;18;1
2013;898;18;1;15;9.000;61.000;5.000;102.000;5.000;3.000;10.000;11.000;69;18;0
2013;898;20;9;1;1.000;372.000;1.000;553.000;2.000;9.333;1.000;5.400;69;18;1
2013;898;154;208;3;7.000;132.000;4.000;315.000;7.000;9.333;6.800;10.200;69;18;1
2013;898;807;15;4;11.000;47.000;7.000;53.000;8.000;12.500;10.400;13.600;69;18;0
2013;898;813;3;17;18.000;1.000;9.000;5.000;9.000;9.500;12.600;14.200;69;18;0
2013;898;814;10;11;10.000;48.000;6.000;77.000;15.000;15.000;13.400;11.000;69;18;0
2013;898;815;1;7;12.000;41.000;5.000;102.000;11.000;5.333;9.400;10.000;69;18;0
2013;898;817;5;10;14.000;19.000;8.000;32.000;12.000;18.000;16.000;13.600;69;18;0
2013;898;818;5;14;15.000;13.000;8.000;32.000;20.000;15.667;14.800;13.400;69;18;0
2013;898;819;207;22;20.000;0.000;11.000;0.000;20.000;17.500;18.200;20.000;69;18;0
2013;899;1;131;5;4.000;189.000;2.000;360.000;10.167;9.500;8.400;5.000;18;19;0
2013;899;3;131;2;6.000;171.000;2.000;360.000;11.714;9.429;5.800;6.400;18;19;0
2013;899;4;6;3;2.000;242.000;3.000;354.000;5.909;6.850;6.200;7.000;18;19;1
2013;899;5;208;11;22.000;0.000;4.000;315.000;13.500;15.500;15.600;9.200;18;19;0
2013;899;13;6;9;8.000;112.000;3.000;354.000;6.889;6.787;8.800;6.800;18;19;0
2013;899;16;10;15;13.000;29.000;6.000;77.000;13.400;13.800;15.000;12.400;18;19;0
2013;899;17;9;4;3.000;199.000;1.000;596.000;10.273;8.625;9.600;1.600;18;19;1
2013;899;18;1;14;9.000;73.000;5.000;122.000;8.308;8.131;10.600;8.600;18;19;0
2013;899;20;9;1;1.000;397.000;1.000;596.000;5.833;8.235;1.000;1.800;18;19;1
2013;899;154;208;6;7.000;132.000;4.000;315.000;17.000;15.000;3.000;11.400;18;19;0
2013;899;807;15;10;10.000;51.000;7.000;57.000;6.500;13.312;9.800;12.400;18;19;0
2013;899;813;3;16;18.000;1.000;9.000;5.000;20.000;10.811;13.800;13.400;18;19;0
2013;899;814;10;12;12.000;48.000;6.000;77.000;13.500;13.727;12.600;13.400;18;19;0
2013;899;815;1;19;11.000;49.000;5.000;122.000;18.500;8.065;9.200;8.400;18;19;0
2013;899;817;5;7;14.000;20.000;8.000;33.000;16.500;11.571;13.800;13.800;18;19;0
2013;899;818;5;8;15.000;13.000;8.000;33.000;8.000;11.467;14.400;13.200;18;19;0
2013;899;819;207;18;20.000;0.000;11.000;0.000;12.000;12.500;18.400;19.600;18;19;0
2014;900;1;131;1;19.000;0.000;2.000;25.000;5.714;13.500;9.200;6.000;1;1;0
2014;900;3;131;3;1.000;25.000;2.000;25.000;11.375;14.111;5.400;9.200;1;1;1
2014;900;4;6;5;4.000;12.000;3.000;18.000;4.333;7.833;5.600;7.200;1;1;0
2014;900;8;6;11;7.000;6.000;3.000;18.000;6.727;7.730;7.800;6.400;1;1;0
2014;900;13;3;9;20.000;0.000;4.000;10.000;11.909;10.917;8.400;15.400;1;1;0
2014;900;16;15;13;11.000;0.000;7.000;0.000;12.667;13.214;13.600;10.600;1;1;0
2014;900;18;1;10;3.000;15.000;1.000;33.000;9.500;7.778;9.800;7.200;1;1;1
2014;900;20;9;12;18.000;0.000;11.000;0.000;9.333;9.611;1.000;1.600;1;1;0
2014;900;154;208;22;15.000;0.000;9.000;0.000;15.500;9.750;6.800;11.400;1;1;0
2014;900;155;207;14;21.000;0.000;10.000;0.000;16.667;17.750;13.000;19.000;1;1;0
2014;900;807;10;7;6.000;8.000;5.000;9.000;20.000;12.333;10.600;13.600;1;1;0
2014;900;813;208;21;16.000;0.000;9.000;0.000;18.000;10.800;14.400;13.600;1;1;0
2014;900;815;10;16;10.000;1.000;5.000;9.000;13.667;11.846;8.400;13.600;1;1;0
2014;900;817;9;2;22.000;0.000;11.000;0.000;14.000;10.053;12.000;5.000;1;1;0
2014;900;818;5;6;8.000;4.000;6.000;6.000;11.500;12.750;13.800;13.000;1;1;0
2014;900;820;206;17;13.000;0.000;8.000;0.000;17.000;15.250;19.400;19.000;1;1;0
2014;900;821;15;20;12.000;0.000;7.000;0.000;13.000;13.138;12.200;10.200;1;1;0
2014;900;822;3;15;5.000;10.000;4.000;10.000;14.000;11.162;15.400;16.400;1;1;0
2014;900;824;206;18;14.000;0.000;8.000;0.000;15.000;14.800;19.000;17.600;1;1;0
2014;901;1;131;1;2.000;25.000;1.000;68.000;4.857;9.375;9.000;8.600;2;2;1
2014;901;3;131;3;1.000;43.000;1.000;68.000;11.750;8.444;4.000;7.000;2;2;1
2014;901;4;6;4;3.000;24.000;3.000;30.000;7.333;6.567;5.600;6.800;2;2;0
2014;901;8;6;6;9.000;6.000;3.000;30.000;10.818;6.484;8.600;5.000;2;2;0
2014;901;13;3;13;10.000;6.000;4.000;20.000;8.545;12.867;10.400;14.000;2;2;0
2014;901;16;15;17;15.000;0.000;8.000;0.000;15.833;12.818;13.000;11.400;2;2;0
2014;901;18;1;10;4.000;23.000;2.000;43.000;9.143;8.600;8.600;4.400;2;2;0
2014;901;20;9;2;7.000;15.000;6.000;15.000;7.833;8.056;4.400;8.800;2;2;1
2014;901;154;208;15;14.000;0.000;9.000;0.000;15.000;10.500;9.200;13.800;2;2;0
2014;901;155;207;20;18.000;0.000;10.000;0.000;17.333;15.750;12.800;19.000;2;2;0
2014;901;807;10;7;6.000;18.000;5.000;19.000;9.000;14.167;10.600;11.200;2;2;0
2014;901;813;208;16;21.000;0.000;9.000;0.000;20.000;10.600;14.400;15.600;2;2;0
2014;901;815;10;14;13.000;1.000;5.000;19.000;10.667;13.462;7.400;9.000;2;2;0
2014;901;817;9;5;22.000;0.000;6.000;15.000;15.000;7.789;13.800;9.200;2;2;0
2014;901;818;5;9;11.000;4.000;7.000;7.000;9.000;13.688;13.000;10.800;2;2;0
2014;901;820;206;21;17.000;0.000;11.000;0.000;16.000;16.500;18.200;16.200;2;2;0
2014;901;821;15;12;16.000;0.000;8.000;0.000;12.000;13.043;13.200;12.200;2;2;0
2014;901;822;3;18;8.000;14.000;4.000;20.000;11.000;12.677;13.000;13.800;2;2;0
2014;901;824;206;19;20.000;0.000;11.000;0.000;13.000;16.200;17.400;15.600;2;2;0
2014;902;1;131;2;2.000;50.000;1.000;111.000;5.833;6.667;8.000;5.600;3;3;1
2014;902;3;131;1;1.000;61.000;1.000;111.000;7.571;5.857;4.000;4.800;3;3;1
2014;902;4;6;9;4.000;26.000;5.000;33.000;5.222;6.056;4.200;6.800;3;3;0
2014;902;8;6;5;12.000;7.000;5.000;33.000;5.125;6.211;10.600;7.200;3;3;0
2014;902;13;3;7;11.000;12.000;6.000;30.000;7.778;12.278;11.000;12.200;3;3;0
2014;902;16;15;22;16.000;0.000;9.000;0.000;15.000;13.500;14.800;14.000;3;3;0
2014;902;18;1;6;5.000;23.000;3.000;43.000;11.000;8.167;7.000;5.200;3;3;0
2014;902;20;9;10;6.000;23.000;4.000;35.000;6.000;9.000;4.800;12.000;3;3;0
2014;902;154;208;16;15.000;0.000;8.000;0.000;3.000;2.500;10.800;17.000;3;3;0
2014;902;155;207;18;19.000;0.000;11.000;0.000;17.500;17.750;12.600;16.600;3;3;0
2014;902;807;10;11;3.000;28.000;2.000;44.000;12.667;11.800;7.800;10.800;3;3;0
2014;902;813;208;17;20.000;0.000;8.000;0.000;17.000;4.400;16.200;15.000;3;3;0
2014;902;815;10;4;9.000;16.000;2.000;44.000;8.500;11.182;10.800;9.600;3;3;1
2014;902;817;9;13;10.000;12.000;4.000;35.000;15.500;8.824;15.000;13.000;3;3;0
2014;902;818;5;14;13.000;4.000;7.000;7.000;18.000;16.357;14.200;12.200;3;3;0
2014;902;820;206;21;18.000;0.000;10.000;0.000;20.000;20.000;17.800;15.800;3;3;0
2014;902;821;15;15;17.000;0.000;9.000;0.000;18.000;14.273;13.600;16.000;3;3;0
2014;902;822;3;3;8.000;18.000;6.000;30.000;14.000;12.000;11.400;9.400;3;3;0
2014;902;824;206;19;22.000;0.000;10.000;0.000;19.000;19.000;17.800;15.000;3;3;0
2014;903;1;131;1;2.000;75.000;1.000;154.000;5.000;9.125;6.800;1.400;17;4;1
2014;903;3;131;4;1.000;79.000;1.000;154.000;10.625;8.222;3.800;1.400;17;4;1
2014;903;4;6;5;3.000;41.000;4.000;52.000;4.300;7.850;5.000;8.400;17;4;1
2014;903;8;6;11;12.000;11.000;4.000;52.000;7.000;7.619;11.600;7.600;17;4;0
2014;903;13;3;6;11.000;12.000;6.000;36.000;9.000;12.500;10.800;7.000;17;4;0
2014;903;16;15;14;16.000;0.000;9.000;0.000;17.333;12.750;17.200;17.600;17;4;0
2014;903;18;1;12;8.000;23.000;5.000;43.000;5.000;6.950;8.000;10.400;17;4;0
2014;903;20;9;3;5.000;33.000;2.000;57.000;4.429;7.333;5.800;10.200;17;4;0
2014;903;154;208;10;15.000;0.000;8.000;0.000;7.500;7.750;12.400;14.800;17;4;0
2014;903;155;207;18;19.000;0.000;11.000;0.000;14.000;18.750;14.400;15.800;17;4;0
2014;903;807;10;8;4.000;36.000;3.000;54.000;13.333;15.250;6.000;9.000;17;4;0
2014;903;813;208;22;20.000;0.000;8.000;0.000;13.333;10.400;16.800;15.800;17;4;0
2014;903;815;10;16;10.000;18.000;3.000;54.000;13.000;14.538;9.600;8.200;17;4;0
2014;903;817;9;2;6.000;24.000;2.000;57.000;12.000;7.211;12.600;6.800;17;4;0
2014;903;818;5;9;13.000;4.000;7.000;8.000;14.000;12.438;15.000;14.000;17;4;0
2014;903;820;206;21;18.000;0.000;10.000;0.000;17.000;17.750;16.200;15.600;17;4;0
2014;903;821;15;17;17.000;0.000;9.000;0.000;20.000;13.462;14.800;19.600;17;4;0
2014;903;822;3;7;7.000;24.000;6.000;36.000;13.000;12.619;10.000;9.000;17;4;0
2014;903;824;206;19;22.000;0.000;10.000;0.000;15.000;18.000;17.000;16.600;17;4;0
2014;904;1;131;1;1.000;100.000;1.000;197.000;7.143;9.875;6.200;1.600;4;5;1
2014;904;3;131;2;2.000;97.000;1.000;197.000;9.000;8.889;2.400;1.400;4;5;1
2014;904;4;6;7;3.000;49.000;3.000;66.000;4.583;7.326;4.600;8.400;4;5;0
2014;904;8;6;6;11.000;17.000;3.000;66.000;9.364;7.298;11.800;7.200;4;5;0
2014;904;13;3;9;12.000;12.000;5.000;46.000;7.636;9.804;11.200;9.000;4;5;0
2014;904;16;15;16;16.000;0.000;9.000;0.000;14.500;11.485;17.200;19.200;4;5;0
2014;904;18;1;8;8.000;23.000;6.000;43.000;8.538;8.478;8.200;13.600;4;5;0
2014;904;20;9;15;4.000;45.000;2.000;84.000;6.667;7.667;6.600;7.000;4;5;0
2014;904;154;208;5;13.000;4.000;8.000;4.000;13.000;7.750;16.200;16.400;4;5;0
2014;904;155;207;20;19.000;0.000;11.000;0.000;9.000;17.750;15.200;17.400;4;5;0
2014;904;807;10;10;6.000;37.000;4.000;57.000;13.667;13.000;6.000;9.000;4;5;0
2014;904;813;208;22;20.000;0.000;8.000;4.000;10.000;7.800;16.200;13.800;4;5;0
2014;904;815;10;11;10.000;20.000;4.000;57.000;12.667;12.769;10.000;6.600;4;5;0
2014;904;817;9;3;5.000;39.000;2.000;84.000;11.500;7.474;11.200;4.600;4;5;1
2014;904;818;5;21;14.000;4.000;7.000;8.000;16.000;16.375;15.000;12.800;4;5;0
2014;904;820;206;17;18.000;0.000;10.000;0.000;19.000;19.000;15.800;17.000;4;5;0
2014;904;821;15;13;17.000;0.000;9.000;0.000;11.000;11.647;15.200;19.200;4;5;0
2014;904;822;3;4;7.000;34.000;5.000;46.000;16.000;9.872;9.800;10.000;4;5;0
2014;904;824;206;18;22.000;0.000;10.000;0.000;18.000;19.000;16.800;16.800;4;5;0
2014;905;1;131;2;2.000;118.000;1.000;240.000;5.000;11.833;4.600;1.600;6;6;1
2014;905;3;131;1;1.000;122.000;1.000;240.000;9.250;11.077;1.800;1.600;6;6;1
2014;905;4;6;5;3.000;61.000;3.000;78.000;5.917;7.569;5.200;6.800;6;6;0
2014;905;8;6;6;12.000;17.000;3.000;78.000;9.455;7.543;8.800;5.600;6;6;0
2014;905;13;3;16;11.000;18.000;6.000;52.000;9.000;10.625;12.400;9.600;6;6;0
2014;905;16;15;18;18.000;0.000;10.000;0.000;11.500;13.382;18.000;18.000;6;6;0
2014;905;18;1;12;8.000;31.000;5.000;52.000;11.385;9.682;9.600;13.000;6;6;0
2014;905;20;9;4;6.000;45.000;2.000;99.000;5.333;8.444;7.200;4.000;6;6;0
2014;905;154;208;14;13.000;8.000;7.000;8.000;20.000;15.000;13.400;14.400;6;6;0
2014;905;155;207;20;21.000;0.000;11.000;0.000;15.000;17.500;17.600;19.800;6;6;0
2014;905;807;10;11;5.000;47.000;4.000;67.000;14.333;10.083;6.400;7.400;6;6;0
2014;905;813;208;15;22.000;0.000;7.000;8.000;20.000;13.600;16.000;13.200;6;6;0
2014;905;815;10;10;10.000;20.000;4.000;67.000;17.000;9.692;10.600;7.800;6;6;0
2014;905;817;9;3;4.000;54.000;2.000;99.000;17.500;9.053;9.800;7.200;6;6;1
2014;905;818;5;7;14.000;4.000;8.000;8.000;10.000;13.312;16.400;13.800;6;6;0
2014;905;820;206;19;20.000;0.000;9.000;2.000;14.000;16.250;15.800;17.800;6;6;0
2014;905;821;15;17;19.000;0.000;10.000;0.000;13.000;13.514;16.000;17.800;6;6;0
2014;905;822;3;13;7.000;34.000;6.000;52.000;12.000;10.575;6.600;9.400;6;6;0
2014;905;824;206;21;16.000;2.000;9.000;2.000;19.000;15.800;17.000;17.400;6;6;0
2014;906;1;131;2;2.000;118.000;1.000;258.000;8.167;8.500;1.200;1.600;7;7;0
2014;906;3;131;1;1.000;140.000;1.000;258.000;9.857;9.444;1.800;4.600;7;7;1
2014;906;4;6;7;4.000;69.000;3.000;87.000;9.909;8.537;5.200;7.400;7;7;0
2014;906;8;6;10;12.000;18.000;3.000;87.000;6.300;8.500;9.800;7.000;7;7;0
2014;906;13;3;5;11.000;18.000;6.000;58.000;9.400;10.913;9.800;9.600;7;7;0
2014;906;16;15;16;17.000;0.000;10.000;0.000;15.800;13.412;19.400;16.400;7;7;0
2014;906;18;1;9;7.000;43.000;5.000;66.000;11.077;9.765;10.200;10.400;7;7;0
2014;906;20;9;3;5.000;60.000;2.000;139.000;3.800;6.500;7.600;6.800;7;7;1
2014;906;154;208;14;13.000;8.000;8.000;8.000;7.500;8.000;12.000;13.400;7;7;0
2014;906;155;207;21;21.000;0.000;11.000;0.000;13.333;19.250;16.000;17.000;7;7;0
2014;906;807;10;11;6.000;57.000;4.000;77.000;15.333;13.200;6.200;10.800;7;7;0
2014;906;813;208;17;22.000;0.000;8.000;8.000;16.000;9.400;17.200;13.600;7;7;0
2014;906;815;10;13;10.000;20.000;4.000;77.000;7.000;12.455;12.800;10.000;7;7;0
2014;906;817;9;6;3.000;79.000;2.000;139.000;14.500;6.294;6.000;6.600;7;7;1
2014;906;818;5;8;14.000;8.000;7.000;12.000;10.500;11.786;18.200;16.400;7;7;0
2014;906;820;206;18;20.000;0.000;9.000;2.000;19.000;19.250;16.000;15.400;7;7;0
2014;906;821;15;22;19.000;0.000;10.000;0.000;20.000;13.400;16.600;15.800;7;7;0
2014;906;822;3;4;8.000;40.000;6.000;58.000;14.000;10.929;8.800;10.600;7;7;0
2014;906;824;206;19;16.000;2.000;9.000;2.000;17.000;19.600;16.000;16.200;7;7;0
2014;907;4;6;4;4.000;79.000;3.000;98.000;15.500;8.170;5.600;7.800;70;8;0
2014;907;8;6;8;12.000;19.000;3.000;98.000;8.667;8.104;9.400;7.400;70;8;0
2014;907;13;3;1;9.000;30.000;5.000;85.000;19.000;11.583;10.800;9.400;70;8;0
2014;907;18;1;11;8.000;43.000;6.000;72.000;7.000;8.963;9.800;8.200;70;8;0
2014;908;1;131;6;2.000;161.000;1.000;326.000;5.429;6.500;4.600;4.600;9;9;1
2014;908;3;131;1;1.000;165.000;1.000;326.000;7.500;6.000;1.600;4.600;9;9;0
2014;908;4;6;16;4.000;87.000;3.000;106.000;7.417;8.963;4.800;8.600;9;9;0
2014;908;8;6;18;12.000;19.000;3.000;106.000;4.818;8.936;9.400;7.400;9;9;0
2014;908;13;3;15;10.000;30.000;4.000;103.000;7.727;9.794;10.200;8.400;9;9;0
2014;908;16;15;13;17.000;0.000;10.000;0.000;13.667;11.529;16.600;14.800;9;9;0
2014;908;18;1;3;8.000;55.000;6.000;90.000;10.429;9.093;8.600;8.200;9;9;0
2014;908;20;9;2;6.000;70.000;2.000;168.000;8.833;8.889;10.600;7.200;9;9;0
2014;908;154;208;11;14.000;8.000;8.000;8.000;12.500;8.750;13.200;16.400;9;9;0
2014;908;155;207;22;22.000;0.000;11.000;0.000;13.000;18.500;17.200;16.600;9;9;0
2014;908;807;10;4;7.000;63.000;5.000;91.000;10.667;13.167;7.000;10.400;9;9;0
2014;908;813;208;20;19.000;0.000;8.000;8.000;13.667;9.400;16.400;14.400;9;9;0
2014;908;815;10;7;11.000;28.000;5.000;91.000;16.333;12.769;11.200;7.800;9;9;0
2014;908;817;9;8;3.000;98.000;2.000;168.000;13.333;8.684;3.800;7.600;9;9;1
2014;908;818;5;10;13.000;9.000;7.000;15.000;18.000;16.000;15.800;17.000;9;9;0
2014;908;820;206;17;21.000;0.000;9.000;2.000;17.000;17.500;18.000;16.800;9;9;0
2014;908;821;15;19;20.000;0.000;10.000;0.000;14.000;11.571;16.000;14.400;9;9;0
2014;908;822;3;14;5.000;73.000;4.000;103.000;12.000;9.969;7.600;9.400;9;9;1
2014;908;824;206;12;16.000;2.000;9.000;2.000;16.000;17.200;16.200;18.200;9;9;0
2014;909;1;131;20;2.000;176.000;1.000;366.000;9.667;8.500;4.600;4.800;10;10;1
2014;909;3;131;1;1.000;190.000;1.000;366.000;12.000;7.400;4.800;5.000;10;10;1
2014;909;4;6;7;4.000;97.000;4.000;116.000;4.500;8.864;5.400;10.600;10;10;0
2014;909;8;6;12;12.000;19.000;4.000;116.000;12.375;8.806;12.200;9.600;10;10;0
2014;909;13;3;3;10.000;30.000;3.000;121.000;6.714;9.597;11.400;7.400;10;10;0
2014;909;16;15;15;17.000;0.000;10.000;0.000;16.000;12.467;14.800;15.800;10;10;0
2014;909;18;1;11;8.000;59.000;6.000;96.000;6.700;9.697;7.200;7.600;10;10;0
2014;909;20;9;6;6.000;82.000;2.000;188.000;5.333;8.900;10.600;7.600;10;10;0
2014;909;154;208;14;14.000;8.000;8.000;8.000;18.000;10.500;11.400;14.800;10;10;0
2014;909;155;207;19;22.000;0.000;11.000;0.000;7.500;17.500;16.600;17.600;10;10;0
2014;909;807;10;9;7.000;69.000;5.000;98.000;11.000;14.000;7.400;9.000;10;10;0
2014;909;813;208;18;19.000;0.000;8.000;8.000;15.000;14.000;17.000;15.200;10;10;0
2014;909;815;10;10;11.000;29.000;5.000;98.000;6.000;13.000;11.600;8.200;10;10;0
2014;909;817;9;5;3.000;106.000;2.000;188.000;13.000;8.455;3.600;8.200;10;10;0
2014;909;818;5;13;13.000;9.000;7.000;15.000;14.000;13.500;15.400;15.400;10;10;0
2014;910;1;131;22;2.000;191.000;1.000;393.000;4.714;14.750;5.000;4.800;11;11;1
2014;910;3;131;1;1.000;202.000;1.000;393.000;12.750;13.444;4.600;5.200;11;11;0
2014;910;4;6;5;4.000;115.000;3.000;142.000;7.333;9.071;5.200;10.800;11;11;1
2014;910;8;6;16;12.000;27.000;3.000;142.000;5.455;8.947;13.000;9.200;11;11;0
2014;910;13;3;6;9.000;40.000;4.000;135.000;11.273;7.893;13.200;10.000;11;11;0
2014;910;16;15;11;17.000;0.000;10.000;0.000;19.000;12.618;15.200;17.000;11;11;0
2014;910;18;1;7;8.000;60.000;6.000;97.000;9.214;7.857;6.600;7.000;11;11;0
2014;910;20;9;2;6.000;88.000;2.000;219.000;9.286;8.500;10.600;5.200;11;11;0
2014;910;154;208;14;14.000;8.000;8.000;8.000;4.500;3.250;14.000;14.800;11;11;0
2014;910;155;207;17;22.000;0.000;11.000;0.000;12.667;16.250;15.600;17.200;11;11;0
2014;910;807;10;9;7.000;69.000;5.000;98.000;9.333;15.583;6.800;8.400;11;11;0
2014;910;813;208;20;19.000;0.000;8.000;8.000;13.000;6.800;16.400;16.600;11;11;0
2014;910;815;10;12;11.000;29.000;5.000;98.000;12.667;15.923;11.800;11.200;11;11;0
2014;910;817;9;4;3.000;131.000;2.000;219.000;15.333;8.421;4.200;5.000;11;11;1
2014;910;818;5;8;13.000;11.000;7.000;17.000;14.000;15.062;13.600;14.800;11;11;0
2014;910;820;206;18;21.000;0.000;9.000;2.000;17.000;18.500;17.000;15.400;11;11;0
2014;910;821;15;13;20.000;0.000;10.000;0.000;20.000;12.571;16.400;15.400;11;11;0
2014;910;822;3;3;5.000;95.000;4.000;135.000;20.000;7.842;6.000;10.400;11;11;0
2014;910;824;206;15;16.000;2.000;9.000;2.000;16.000;18.000;15.000;15.600;11;11;0
2014;911;1;131;2;2.000;191.000;1.000;411.000;10.714;5.636;5.200;5.800;13;12;0
2014;911;3;131;1;1.000;220.000;1.000;411.000;7.571;6.750;5.200;6.000;13;12;1
2014;911;4;6;4;4.000;121.000;3.000;160.000;11.100;9.636;4.800;9.200;13;12;0
2014;911;8;6;8;10.000;39.000;3.000;160.000;9.000;9.613;11.800;6.200;13;12;0
2014;911;13;3;9;9.000;40.000;4.000;150.000;6.222;9.804;12.800;7.800;13;12;0
2014;911;16;15;14;17.000;0.000;10.000;0.000;9.833;12.531;13.800;16.200;13;12;0
2014;911;18;1;10;8.000;68.000;5.000;105.000;11.500;7.964;7.400;9.200;13;12;0
2014;911;20;9;3;6.000;98.000;2.000;254.000;6.857;7.375;8.000;4.200;13;12;0
2014;911;154;208;15;14.000;8.000;8.000;8.000;16.667;14.000;16.600;16.800;13;12;0
2014;911;807;10;18;7.000;70.000;6.000;103.000;10.333;9.917;9.800;13.400;13;12;0
2014;911;813;208;17;19.000;0.000;8.000;8.000;15.667;15.200;14.600;17.400;13;12;0
2014;911;815;10;13;12.000;33.000;6.000;103.000;17.333;9.923;11.400;13.200;13;12;0
2014;911;817;9;5;3.000;156.000;2.000;254.000;13.333;7.235;3.800;4.600;13;12;1
2014;911;818;5;12;13.000;11.000;7.000;19.000;10.000;13.429;12.000;13.000;13;12;0
2014;911;820;206;19;21.000;0.000;9.000;2.000;19.000;17.000;17.400;15.400;13;12;0
2014;911;821;15;20;20.000;0.000;10.000;0.000;14.000;12.576;16.800;15.000;13;12;0
2014;911;822;3;6;5.000;110.000;4.000;150.000;15.000;9.860;4.400;10.000;13;12;1
2014;911;824;206;16;16.000;2.000;9.000;2.000;18.000;16.800;16.200;15.800;13;12;0
2014;912;1;131;1;2.000;216.000;1.000;454.000;8.286;7.800;5.600;5.800;14;13;1
2014;912;3;131;2;1.000;238.000;1.000;454.000;12.375;7.375;5.200;5.800;14;13;1
2014;912;4;6;7;5.000;121.000;4.000;162.000;6.417;8.868;5.000;6.000;14;13;0
2014;912;8;6;11;10.000;41.000;4.000;162.000;7.455;8.934;10.600;8.000;14;13;0
2014;912;13;3;4;9.000;55.000;3.000;177.000;9.100;9.873;13.000;6.200;14;13;1
2014;912;16;15;14;17.000;0.000;10.000;0.000;15.500;11.941;14.000;14.200;14;13;0
2014;912;18;1;6;7.000;72.000;5.000;110.000;9.714;10.110;7.800;9.800;14;13;0
2014;912;20;9;8;6.000;106.000;2.000;272.000;7.857;11.722;8.400;4.000;14;13;0
2014;912;154;208;17;14.000;8.000;8.000;8.000;11.500;9.250;17.600;17.400;14;13;0
2014;912;155;207;18;22.000;0.000;11.000;0.000;17.000;16.000;16.600;19.400;14;13;0
2014;912;807;10;13;8.000;70.000;6.000;109.000;11.000;15.167;10.800;13.400;14;13;0
2014;912;813;208;16;19.000;0.000;8.000;8.000;12.000;10.600;15.000;18.200;14;13;0
2014;912;815;10;10;11.000;39.000;6.000;109.000;10.333;14.923;10.800;13.800;14;13;0
2014;912;817;9;9;3.000;166.000;2.000;272.000;11.667;11.421;3.800;4.000;14;13;0
2014;912;818;5;12;13.000;11.000;7.000;19.000;20.000;13.688;12.600;12.600;14;13;0
2014;912;820;206;20;21.000;0.000;9.000;2.000;20.000;18.000;16.400;16.000;14;13;0
2014;912;821;15;15;20.000;0.000;10.000;0.000;13.000;12.029;17.000;14.400;14;13;0
2014;912;822;3;3;4.000;122.000;3.000;177.000;15.000;9.778;3.600;6.400;14;13;0
2014;912;824;206;19;16.000;2.000;9.000;2.000;19.000;18.800;15.400;17.400;14;13;0
2014;913;1;131;1;1.000;241.000;1.000;479.000;9.500;10.375;5.400;5.600;15;14;1
2014;913;3;131;2;2.000;238.000;1.000;479.000;5.667;9.333;5.400;5.000;15;14;0
2014;913;4;6;5;4.000;133.000;4.000;178.000;2.333;7.667;8.200;9.400;15;14;0
2014;913;8;6;7;11.000;45.000;4.000;178.000;8.500;7.385;10.400;9.000;15;14;0
2014;913;13;3;6;9.000;65.000;3.000;187.000;8.800;11.167;12.800;6.200;15;14;0
2014;913;16;15;17;17.000;0.000;10.000;0.000;12.400;13.375;14.400;16.000;15;14;0
2014;913;18;1;11;7.000;72.000;6.000;111.000;4.833;7.667;7.200;9.600;15;14;0
2014;913;20;9;4;5.000;124.000;2.000;305.000;2.333;6.917;5.400;3.600;15;14;1
2014;913;154;208;16;14.000;8.000;8.000;8.000;16.000;9.250;18.000;16.800;15;14;0
2014;913;155;207;20;22.000;0.000;11.000;0.000;16.000;17.250;16.400;19.600;15;14;0
2014;913;807;10;13;8.000;72.000;5.000;117.000;11.000;13.167;11.400;11.200;15;14;0
2014;913;813;208;18;19.000;0.000;8.000;8.000;14.667;10.000;15.400;16.800;15;14;0
2014;913;815;10;15;10.000;45.000;5.000;117.000;9.333;12.846;11.000;9.200;15;14;0
2014;913;817;9;3;3.000;181.000;2.000;305.000;16.667;6.538;3.200;3.800;15;14;1
2014;913;818;5;12;13.000;19.000;7.000;27.000;17.000;14.333;11.200;11.600;15;14;0
2014;913;820;206;21;21.000;0.000;9.000;2.000;17.000;15.750;17.400;17.800;15;14;0
2014;913;821;15;14;20.000;0.000;10.000;0.000;12.000;14.000;17.000;16.400;15;14;0
2014;913;822;3;8;6.000;122.000;3.000;187.000;13.000;10.692;3.800;5.600;15;14;0
2014;913;824;206;19;16.000;2.000;9.000;2.000;18.000;16.000;16.000;18.200;15;14;0
2014;914;1;131;2;1.000;266.000;1.000;522.000;7.600;12.750;5.400;5.400;22;15;1
2014;914;3;131;1;2.000;256.000;1.000;522.000;12.333;11.444;6.000;5.200;22;15;1
2014;914;4;6;5;5.000;133.000;4.000;178.000;8.000;8.860;7.800;9.200;22;15;0
2014;914;8;6;10;11.000;45.000;4.000;178.000;5.889;9.118;7.600;12.800;22;15;0
2014;914;13;3;4;9.000;71.000;3.000;201.000;10.000;10.060;9.600;5.200;22;15;0
2014;914;16;15;14;17.000;0.000;10.000;0.000;14.000;10.971;15.600;17.600;22;15;0
2014;914;18;1;8;7.000;82.000;6.000;121.000;5.000;7.100;10.000;11.600;22;15;0
2014;914;20;9;9;4.000;139.000;2.000;332.000;1.400;6.429;4.800;3.400;22;15;1
2014;914;154;208;16;14.000;8.000;8.000;8.000;12.667;8.250;18.200;15.200;22;15;0
2014;914;155;207;19;22.000;0.000;11.000;0.000;7.667;17.750;17.600;18.200;22;15;0
2014;914;807;10;13;8.000;76.000;5.000;122.000;11.000;13.500;11.600;8.600;22;15;0
2014;914;813;208;22;19.000;0.000;8.000;8.000;12.667;9.600;14.400;14.000;22;15;0
2014;914;815;10;11;10.000;46.000;5.000;122.000;15.000;13.000;10.200;8.600;22;15;0
2014;914;817;9;6;3.000;193.000;2.000;332.000;15.000;6.200;3.200;3.800;22;15;0
2014;914;818;5;20;13.000;21.000;7.000;29.000;12.500;14.750;10.400;10.600;22;15;0
2014;914;820;206;21;21.000;0.000;9.000;2.000;19.000;19.250;17.600;18.200;22;15;0
2014;914;821;15;15;20.000;0.000;10.000;0.000;7.000;11.257;17.000;18.800;22;15;0
2014;914;822;3;3;6.000;130.000;3.000;201.000;17.000;10.000;5.600;6.000;22;15;0
2014;914;824;206;18;16.000;2.000;9.000;2.000;20.000;19.000;16.400;18.200;22;15;0
2014;916;1;131;2;1.000;316.000;1.000;608.000;2.500;10.500;4.600;5.400;69;17;1
2014;916;3;131;1;2.000;292.000;1.000;608.000;11.000;8.600;5.800;1.400;69;17;1
2014;916;4;6;6;6.000;149.000;4.000;196.000;4.000;6.250;12.000;11.400;69;17;0
2014;916;8;6;8;12.000;47.000;4.000;196.000;6.000;6.200;8.400;11.000;69;17;0
2014;916;13;3;4;8.000;83.000;3.000;238.000;8.500;11.000;7.800;7.600;69;17;0
2014;916;16;15;9;18.000;0.000;10.000;0.000;20.000;11.250;17.000;17.000;69;17;0
2014;916;18;1;12;7.000;94.000;5.000;147.000;7.500;5.750;8.200;7.600;69;17;0
2014;916;20;9;18;5.000;149.000;2.000;363.000;1.500;7.250;4.800;5.000;69;17;0
2014;916;154;208;16;14.000;8.000;8.000;10.000;4.500;7.500;16.200;15.600;69;17;0
2014;916;807;10;13;9.000;76.000;6.000;123.000;7.000;15.250;10.200;9.400;69;17;0
2014;916;813;208;10;16.000;2.000;8.000;10.000;13.000;8.200;16.200;15.400;69;17;0
2014;916;815;10;11;11.000;47.000;6.000;123.000;9.000;15.400;8.400;11.200;69;17;0
2014;916;817;9;5;3.000;214.000;2.000;363.000;11.500;7.200;4.000;5.800;69;17;1
2014;916;818;5;14;13.000;22.000;7.000;30.000;18.000;14.750;10.400;12.200;69;17;0
2014;916;821;15;15;20.000;0.000;10.000;0.000;14.000;12.600;16.400;16.600;69;17;0
2014;916;822;3;3;4.000;155.000;3.000;238.000;8.000;9.600;5.400;6.200;69;17;0
2014;917;1;131;2;1.000;334.000;1.000;651.000;10.000;8.875;1.000;1.600;18;18;1
2014;917;3;131;1;2.000;317.000;1.000;651.000;10.875;8.111;5.800;1.600;18;18;1
2014;917;4;6;8;5.000;157.000;4.000;210.000;5.667;6.790;11.800;9.200;18;18;0
2014;917;8;6;10;11.000;53.000;4.000;210.000;5.500;6.778;10.200;8.000;18;18;0
2014;917;13;3;3;8.000;98.000;3.000;254.000;6.900;11.091;6.000;5.800;18;18;1
2014;917;16;15;13;18.000;0.000;10.000;0.000;13.333;13.118;17.800;15.200;18;18;0
2014;917;18;1;5;7.000;106.000;5.000;161.000;8.000;8.032;9.400;8.600;18;18;0
2014;917;20;9;6;4.000;159.000;2.000;373.000;5.143;7.833;5.200;5.800;18;18;0
2014;917;154;208;14;14.000;8.000;8.000;10.000;18.667;16.750;14.400;14.200;18;18;0
2014;917;807;10;12;9.000;80.000;6.000;127.000;7.000;13.500;11.400;13.000;18;18;0
2014;917;813;208;16;16.000;2.000;8.000;10.000;20.000;16.800;13.800;14.400;18;18;0
2014;917;815;10;18;12.000;47.000;6.000;127.000;14.333;13.077;10.200;12.600;18;18;0
2014;917;817;9;9;3.000;214.000;2.000;373.000;14.333;7.684;4.400;6.000;18;18;0
2014;917;818;5;15;13.000;22.000;7.000;30.000;11.500;11.688;10.200;12.600;18;18;0
2014;917;821;15;11;20.000;0.000;10.000;0.000;12.000;13.200;16.200;15.800;18;18;0
2014;917;822;3;4;6.000;156.000;3.000;254.000;20.000;10.946;5.800;5.200;18;18;0
2014;918;1;131;2;1.000;384.000;1.000;701.000;10.000;10.500;1.200;1.600;24;19;1
2014;918;3;131;1;2.000;317.000;1.000;701.000;9.000;9.444;5.600;1.400;24;19;0
2014;918;4;6;8;6.000;161.000;4.000;216.000;6.000;7.400;8.800;8.200;24;19;0
2014;918;8;6;7;12.000;55.000;4.000;216.000;11.667;7.545;9.800;8.200;24;19;0
2014;918;13;3;4;7.000;134.000;3.000;320.000;7.500;11.500;6.000;5.000;24;19;1
2014;918;16;15;13;18.000;0.000;10.000;0.000;12.000;11.750;18.000;15.400;24;19;0
2014;918;18;1;6;8.000;126.000;5.000;181.000;5.000;8.500;8.600;7.600;24;19;0
2014;918;20;9;19;5.000;167.000;2.000;405.000;6.000;6.600;5.000;8.000;24;19;0
2014;918;154;208;18;14.000;8.000;8.000;10.000;13.667;11.500;14.600;13.400;24;19;0
2014;918;155;207;16;22.000;0.000;11.000;0.000;9.000;16.500;19.200;18.000;24;19;0
2014;918;807;10;12;9.000;96.000;6.000;155.000;18.000;13.500;10.600;13.200;24;19;0
2014;918;813;208;15;16.000;2.000;8.000;10.000;10.000;11.800;13.400;12.400;24;19;0
2014;918;815;10;11;10.000;59.000;6.000;155.000;11.667;12.818;11.800;12.400;24;19;0
2014;918;817;9;20;3.000;238.000;2.000;405.000;15.667;6.727;7.000;8.200;24;19;0
2014;918;818;5;10;13.000;22.000;7.000;30.000;14.500;14.400;10.200;12.600;24;19;0
2014;918;821;15;14;20.000;0.000;10.000;0.000;13.000;12.222;15.200;15.600;24;19;0
2014;918;822;3;3;4.000;186.000;3.000;320.000;15.000;10.636;7.000;4.800;24;19;1
2015;926;1;131;1;1.000;25.000;1.000;43.000;7.375;12.800;1.200;4.000;1;1;1
2015;926;3;131;2;2.000;18.000;1.000;43.000;10.222;11.727;4.200;3.800;1;1;1
2015;926;8;6;5;12.000;0.000;2.000;15.000;6.750;7.711;10.200;9.000;1;1;0
2015;926;13;3;3;4.000;12.000;4.000;12.000;12.583;11.000;5.400;4.600;1;1;0
2015;926;18;1;16;11.000;0.000;8.000;0.000;9.067;7.500;6.000;7.400;1;1;0
2015;926;20;6;4;3.000;15.000;2.000;15.000;10.571;7.821;6.200;8.800;1;1;1
2015;926;154;208;8;14.000;0.000;9.000;0.000;15.333;11.667;14.600;14.000;1;1;0
2015;926;807;10;13;7.000;6.000;6.000;7.000;18.000;11.714;10.000;10.600;1;1;0
2015;926;813;208;9;15.000;0.000;9.000;0.000;17.500;12.000;14.800;15.000;1;1;0
2015;926;815;10;14;10.000;1.000;6.000;7.000;12.750;11.400;11.800;8.600;1;1;0
2015;926;817;9;6;6.000;8.000;5.000;8.000;16.667;10.650;7.200;7.600;1;1;0
2015;926;822;3;18;18.000;0.000;4.000;12.000;9.500;10.821;5.400;4.400;1;1;0
2015;926;825;1;17;17.000;0.000;8.000;0.000;2.000;7.590;9.400;8.000;1;1;0
2015;926;826;9;12;16.000;0.000;5.000;8.000;9.000;10.429;14.200;8.200;1;1;0
2015;926;828;15;15;8.000;4.000;3.000;14.000;17.000;13.100;17.600;15.000;1;1;0
2015;927;1;131;1;1.000;43.000;1.000;76.000;4.375;7.800;1.200;3.800;2;2;1
2015;927;3;131;3;3.000;33.000;1.000;76.000;10.667;7.273;4.200;4.000;2;2;1
2015;927;4;1;18;20.000;0.000;9.000;0.000;7.077;8.531;9.800;10.600;2;2;0
2015;927;8;6;11;5.000;12.000;2.000;52.000;10.917;6.656;10.200;8.200;2;2;0
2015;927;13;3;7;4.000;20.000;3.000;30.000;8.417;12.531;4.800;7.400;2;2;0
2015;927;18;1;17;16.000;0.000;9.000;0.000;8.933;8.818;7.200;12.400;2;2;0
2015;927;20;6;2;2.000;40.000;2.000;52.000;7.143;6.576;6.200;7.600;2;2;1
2015;927;154;208;10;15.000;0.000;8.000;0.000;13.667;12.333;14.400;14.600;2;2;0
2015;927;807;10;13;9.000;6.000;7.000;7.000;8.000;14.071;9.800;9.000;2;2;0
2015;927;813;208;12;18.000;0.000;8.000;0.000;20.000;12.143;14.600;14.400;2;2;0
2015;927;815;10;14;14.000;1.000;7.000;7.000;13.500;14.067;11.800;8.800;2;2;0
2015;927;817;9;4;8.000;9.000;6.000;11.000;15.333;8.200;7.600;10.400;2;2;0
2015;927;822;3;8;7.000;10.000;3.000;30.000;9.500;12.333;7.800;6.600;2;2;0
2015;927;826;9;5;13.000;2.000;6.000;11.000;10.000;8.286;15.200;8.800;2;2;0
2015;927;828;15;9;12.000;4.000;4.000;14.000;14.000;13.208;15.800;11.600;2;2;0
2015;928;1;131;1;1.000;68.000;1.000;119.000;4.500;7.600;1.400;4.400;17;3;1
2015;928;3;131;2;3.000;51.000;1.000;119.000;9.667;7.000;4.400;1.800;17;3;1
2015;928;4;1;18;17.000;0.000;9.000;0.000;4.182;7.409;9.000;14.800;17;3;0
2015;928;8;6;6;5.000;24.000;2.000;79.000;7.111;7.636;9.200;6.000;17;3;0
2015;928;13;3;4;4.000;30.000;3.000;48.000;9.545;12.364;3.800;7.200;17;3;0
2015;928;18;1;17;16.000;0.000;9.000;0.000;5.545;7.609;9.800;15.000;17;3;0
2015;928;20;6;3;2.000;55.000;2.000;79.000;4.500;7.478;4.800;4.800;17;3;1
2015;928;154;208;8;9.000;6.000;8.000;6.000;12.000;11.000;13.200;15.000;17;3;0
2015;928;807;10;16;10.000;6.000;7.000;7.000;11.500;14.143;10.200;10.200;17;3;0
2015;928;813;208;11;20.000;0.000;8.000;6.000;13.500;10.429;14.200;12.600;17;3;0
2015;928;815;10;15;15.000;1.000;7.000;7.000;12.000;14.533;12.400;12.800;17;3;0
2015;928;817;9;7;8.000;11.000;5.000;13.000;9.333;7.050;8.200;9.000;17;3;0
2015;928;822;3;5;6.000;18.000;3.000;48.000;10.000;12.043;8.200;7.600;17;3;0
2015;928;826;9;12;14.000;2.000;5.000;13.000;10.000;7.143;14.200;10.000;17;3;0
2015;928;828;15;10;13.000;5.000;4.000;19.000;20.000;13.643;15.600;11.800;17;3;0
2015;929;1;131;1;1.000;93.000;1.000;159.000;5.143;5.375;1.400;2.000;3;4;1
2015;929;3;131;3;2.000;66.000;1.000;159.000;6.875;4.889;4.400;1.800;3;4;1
2015;929;4;1;14;16.000;0.000;9.000;0.000;5.600;9.100;10.200;15.600;3;4;0
2015;929;8;6;4;4.000;42.000;2.000;107.000;5.667;6.400;7.400;3.000;3;4;1
2015;929;13;3;6;5.000;31.000;3.000;61.000;7.700;11.800;4.000;8.000;3;4;0
2015;929;18;1;20;17.000;0.000;9.000;0.000;11.600;9.190;10.200;14.400;3;4;0
2015;929;20;6;2;3.000;65.000;2.000;107.000;6.000;6.190;4.000;2.800;3;4;0
2015;929;154;208;10;9.000;12.000;6.000;12.000;6.000;6.000;12.400;13.400;3;4;0
2015;929;807;10;8;10.000;6.000;8.000;11.000;10.750;10.500;11.000;13.600;3;4;0
2015;929;813;208;16;20.000;0.000;6.000;12.000;16.000;6.143;16.000;11.800;3;4;0
2015;929;815;10;11;13.000;5.000;8.000;11.000;6.667;10.692;11.200;14.200;3;4;0
2015;929;817;9;7;7.000;19.000;4.000;23.000;11.667;8.556;9.400;12.600;3;4;0
2015;929;822;3;5;6.000;30.000;3.000;61.000;11.000;11.714;8.400;6.400;3;4;0
2015;929;826;9;17;15.000;4.000;4.000;23.000;11.000;8.421;15.000;10.600;3;4;0
2015;929;828;15;13;14.000;5.000;5.000;19.000;20.000;14.667;14.600;10.800;3;4;0
2015;930;1;131;2;1.000;111.000;1.000;202.000;6.375;8.200;1.200;2.000;4;5;1
2015;930;3;131;1;2.000;91.000;1.000;202.000;8.222;7.636;4.800;1.800;4;5;1
2015;930;4;1;13;16.000;0.000;9.000;0.000;4.692;8.604;11.200;14.800;4;5;0
2015;930;8;6;7;4.000;52.000;2.000;132.000;9.167;7.292;6.400;3.000;4;5;0
2015;930;13;3;9;6.000;39.000;3.000;81.000;8.083;9.771;5.400;6.000;4;5;0
2015;930;18;1;14;17.000;0.000;9.000;0.000;8.714;8.837;13.400;15.400;4;5;0
2015;930;20;6;3;3.000;80.000;2.000;132.000;6.286;7.245;4.000;3.800;4;5;1
2015;930;154;208;11;8.000;16.000;6.000;16.000;11.333;9.000;10.400;12.600;4;5;0
2015;930;807;10;17;12.000;6.000;8.000;11.000;12.750;12.500;12.000;13.000;4;5;0
2015;930;813;208;12;20.000;0.000;6.000;16.000;11.250;8.857;16.600;11.000;4;5;0
2015;930;815;10;18;13.000;5.000;8.000;11.000;11.750;12.667;9.800;13.400;4;5;0
2015;930;817;9;10;7.000;25.000;4.000;30.000;8.667;7.250;7.000;10.400;4;5;0
2015;930;822;3;4;5.000;42.000;3.000;81.000;10.500;9.694;7.200;6.200;4;5;0
2015;930;826;9;8;15.000;5.000;4.000;30.000;14.000;7.238;14.600;10.000;4;5;0
2015;930;828;15;16;14.000;5.000;5.000;19.000;20.000;11.771;14.000;11.200;4;5;0
2015;931;1;131;1;1.000;126.000;1.000;242.000;4.625;10.357;1.400;1.800;6;6;1
2015;931;3;131;2;2.000;116.000;1.000;242.000;8.333;9.867;2.200;2.000;6;6;1
2015;931;4;1;13;17.000;0.000;9.000;4.000;5.769;9.644;14.000;16.200;6;6;0
2015;931;8;6;6;4.000;60.000;2.000;158.000;9.667;7.576;5.400;3.600;6;6;0
2015;931;13;3;12;6.000;39.000;3.000;81.000;8.833;10.649;6.200;6.000;6;6;0
2015;931;18;1;10;16.000;4.000;9.000;4.000;11.000;9.747;15.600;17.200;6;6;0
2015;931;20;6;3;3.000;98.000;2.000;158.000;7.429;7.564;3.000;4.200;6;6;1
2015;931;154;208;15;10.000;16.000;7.000;16.000;16.333;15.000;9.400;13.400;6;6;0
2015;931;807;10;11;13.000;6.000;6.000;17.000;12.000;10.500;13.800;12.000;6;6;0
2015;931;813;208;8;20.000;0.000;7.000;16.000;20.000;14.571;16.600;12.200;6;6;0
2015;931;815;10;7;11.000;11.000;6.000;17.000;18.000;10.533;11.000;12.000;6;6;0
2015;931;817;9;4;7.000;35.000;4.000;52.000;12.667;8.750;7.600;10.200;6;6;0
2015;931;822;3;16;5.000;42.000;3.000;81.000;14.000;10.707;7.400;7.800;6;6;0
2015;931;826;9;5;8.000;17.000;4.000;52.000;19.000;8.571;12.600;7.400;6;6;0
2015;931;828;15;17;15.000;5.000;5.000;21.000;11.000;13.556;13.000;12.000;6;6;0
2015;932;1;131;1;1.000;151.000;1.000;285.000;9.429;8.700;1.800;2.000;7;7;1
2015;932;3;131;2;2.000;134.000;1.000;285.000;8.875;8.000;2.000;1.600;7;7;1
2015;932;4;1;13;18.000;0.000;9.000;4.000;9.583;9.671;16.000;16.600;7;7;0
2015;932;8;6;3;4.000;72.000;2.000;180.000;6.636;8.522;4.200;4.200;7;7;0
2015;932;13;3;15;6.000;47.000;3.000;104.000;9.636;10.873;8.400;8.600;7;7;0
2015;932;18;1;20;17.000;4.000;9.000;4.000;10.571;9.817;15.000;16.600;7;7;0
2015;932;20;6;18;3.000;108.000;2.000;180.000;3.667;8.457;2.800;4.000;7;7;0
2015;932;154;208;5;9.000;17.000;5.000;23.000;10.000;11.000;9.000;14.800;7;7;0
2015;932;807;10;7;12.000;10.000;7.000;21.000;12.750;12.333;14.600;10.800;7;7;0
2015;932;813;208;6;15.000;6.000;5.000;23.000;16.750;10.857;17.600;13.800;7;7;0
2015;932;815;10;10;11.000;11.000;7.000;21.000;8.333;12.000;10.400;10.800;7;7;0
2015;932;817;9;9;7.000;35.000;4.000;54.000;10.000;6.000;7.400;7.000;7;7;0
2015;932;822;3;4;5.000;57.000;3.000;104.000;10.500;10.806;6.600;9.000;7;7;1
2015;932;826;9;8;8.000;19.000;4.000;54.000;16.000;6.368;10.200;7.800;7;7;0
2015;932;828;15;12;16.000;5.000;6.000;21.000;20.000;13.417;14.000;12.000;7;7;0
2015;933;1;131;1;1.000;169.000;1.000;328.000;2.000;1.500;1.600;1.600;70;8;1
2015;933;3;131;2;2.000;159.000;1.000;328.000;1.000;1.667;1.800;1.800;70;8;1
2015;933;4;1;19;18.000;0.000;9.000;4.000;12.000;8.964;16.400;16.400;70;8;0
2015;933;8;6;14;4.000;72.000;2.000;192.000;9.000;8.143;4.200;4.000;70;8;0
2015;933;13;3;4;6.000;62.000;3.000;129.000;11.500;11.158;8.400;8.400;70;8;1
2015;933;18;1;20;17.000;4.000;9.000;4.000;7.800;9.158;15.400;17.200;70;8;0
2015;933;20;6;3;3.000;120.000;2.000;192.000;20.000;8.360;3.600;7.200;70;8;0
2015;933;154;208;9;10.000;17.000;6.000;29.000;14.000;13.000;8.800;13.600;70;8;0
2015;933;807;10;5;9.000;18.000;5.000;31.000;9.000;7.500;13.400;10.000;70;8;0
2015;933;813;208;10;13.000;12.000;6.000;29.000;12.000;13.667;15.800;12.800;70;8;0
2015;933;815;10;13;12.000;13.000;5.000;31.000;6.000;7.000;10.000;8.600;70;8;0
2015;933;817;9;18;7.000;36.000;4.000;55.000;8.000;14.500;8.000;8.200;70;8;0
2015;933;822;3;6;5.000;67.000;3.000;129.000;3.000;10.949;6.200;8.200;70;8;0
2015;933;826;9;15;8.000;19.000;4.000;55.000;20.000;13.000;10.200;8.200;70;8;0
2015;933;828;15;11;16.000;5.000;7.000;21.000;18.000;12.125;13.000;12.800;70;8;0
2015;934;1;131;1;1.000;194.000;1.000;371.000;4.875;7.000;1.800;1.400;9;9;1
2015;934;3;131;2;2.000;177.000;1.000;371.000;8.667;6.538;1.600;1.400;9;9;1
2015;934;4;1;17;18.000;1.000;9.000;5.000;7.308;9.000;18.000;16.800;9;9;0
2015;934;8;6;5;5.000;76.000;2.000;211.000;6.250;9.055;7.200;6.800;9;9;0
2015;934;13;3;3;6.000;74.000;3.000;151.000;8.833;9.846;8.000;6.200;9;9;0
2015;934;18;1;18;17.000;4.000;9.000;5.000;10.000;9.013;16.000;17.200;9;9;0
2015;934;20;6;6;3.000;135.000;2.000;211.000;8.286;9.045;3.800;8.000;9;9;1
2015;934;154;208;12;10.000;17.000;6.000;29.000;12.333;10.667;10.400;11.800;9;9;0
2015;934;807;10;9;9.000;24.000;5.000;39.000;10.000;12.643;10.600;8.200;9;9;0
2015;934;813;208;14;13.000;12.000;6.000;29.000;14.500;11.571;13.600;11.200;9;9;0
2015;934;815;10;11;12.000;15.000;5.000;39.000;15.000;12.267;9.600;8.200;9;9;0
2015;934;817;9;10;7.000;36.000;4.000;63.000;10.750;8.400;8.200;9.600;9;9;0
2015;934;822;3;4;4.000;77.000;3.000;151.000;7.000;9.758;6.000;4.200;9;9;0
2015;934;826;9;7;8.000;27.000;4.000;63.000;9.000;8.714;8.800;11.800;9;9;0
2015;934;828;15;15;16.000;5.000;7.000;21.000;19.000;11.806;13.600;12.600;9;9;0
2015;936;1;131;1;1.000;202.000;1.000;383.000;4.500;12.500;1.800;1.600;11;10;0
2015;936;3;131;2;2.000;181.000;1.000;383.000;11.778;11.909;1.400;2.400;11;10;0
2015;936;4;1;15;15.000;11.000;9.000;17.000;6.923;7.966;17.800;17.000;11;10;0
2015;936;8;6;5;5.000;76.000;2.000;236.000;5.500;8.897;8.400;7.800;11;10;0
2015;936;13;3;8;6.000;74.000;3.000;151.000;10.750;7.845;6.800;4.000;11;10;0
2015;936;18;1;16;17.000;6.000;9.000;17.000;9.267;7.915;15.800;14.200;11;10;0
2015;936;20;6;3;3.000;160.000;2.000;236.000;9.000;9.051;3.400;10.400;11;10;1
2015;936;154;208;10;10.000;23.000;6.000;35.000;10.000;7.833;12.400;12.800;11;10;0
2015;936;807;10;11;9.000;24.000;5.000;39.000;12.000;16.143;9.400;8.400;11;10;0
2015;936;813;208;14;14.000;12.000;6.000;35.000;13.000;7.714;14.200;12.800;11;10;0
2015;936;815;10;13;13.000;15.000;5.000;39.000;14.250;16.400;9.800;10.200;11;10;0
2015;936;817;9;4;7.000;51.000;4.000;96.000;11.750;8.050;10.000;10.400;11;10;1
2015;936;822;3;6;4.000;77.000;3.000;151.000;14.000;7.915;6.200;5.800;11;10;0
2015;936;826;9;7;8.000;45.000;4.000;96.000;14.000;7.810;8.200;9.200;11;10;1
2015;936;828;15;17;18.000;6.000;8.000;22.000;20.000;12.694;13.000;14.200;11;10;0
2015;937;1;131;1;1.000;227.000;1.000;426.000;11.750;6.385;2.600;3.600;13;11;1
2015;937;3;131;2;2.000;199.000;1.000;426.000;6.875;6.000;2.800;3.600;13;11;1
2015;937;4;1;20;15.000;11.000;9.000;17.000;10.727;8.000;14.800;12.000;13;11;0
2015;937;8;6;16;4.000;82.000;2.000;242.000;8.500;9.567;11.000;6.800;13;11;0
2015;937;13;3;6;5.000;82.000;3.000;161.000;6.900;9.741;8.000;7.800;13;11;0
2015;937;18;1;19;18.000;6.000;9.000;17.000;11.077;8.086;14.400;11.200;13;11;0
2015;937;20;6;8;3.000;160.000;2.000;242.000;6.625;9.545;3.000;7.400;13;11;0
2015;937;154;208;9;9.000;38.000;5.000;50.000;17.500;16.167;12.200;12.600;13;11;1
2015;937;807;10;11;12.000;24.000;6.000;49.000;10.250;9.786;10.400;12.800;13;11;0
2015;937;813;208;7;14.000;12.000;5.000;50.000;17.000;14.286;13.200;11.800;13;11;0
2015;937;815;10;4;11.000;25.000;6.000;49.000;15.000;10.467;11.000;15.000;13;11;0
2015;937;817;9;5;8.000;51.000;4.000;108.000;10.250;6.889;9.200;7.600;13;11;0
2015;937;822;3;3;6.000;79.000;3.000;161.000;9.000;9.678;8.000;8.000;13;11;0
2015;937;826;9;12;7.000;57.000;4.000;108.000;9.000;7.474;6.600;8.800;13;11;0
2015;937;828;15;13;17.000;7.000;8.000;23.000;17.000;12.647;12.200;12.600;13;11;0
2015;938;1;131;1;1.000;252.000;1.000;451.000;7.375;7.059;2.200;3.800;14;12;1
2015;938;3;131;4;2.000;199.000;1.000;451.000;11.222;6.722;3.000;3.600;14;12;0
2015;938;4;1;16;15.000;11.000;9.000;17.000;7.538;10.086;13.600;12.000;14;12;0
2015;938;8;6;2;5.000;92.000;2.000;270.000;7.583;8.935;11.200;8.200;14;12;0
2015;938;13;3;5;4.000;97.000;3.000;188.000;8.545;9.699;6.200;9.000;14;12;1
2015;938;18;1;15;18.000;6.000;9.000;17.000;9.600;10.170;15.600;11.800;14;12;0
2015;938;20;6;3;3.000;178.000;2.000;270.000;7.625;8.914;5.000;8.600;14;12;1
2015;938;154;208;8;9.000;38.000;6.000;50.000;13.000;11.167;10.400;12.200;14;12;0
2015;938;807;10;9;11.000;30.000;5.000;63.000;11.250;14.357;12.200;14.600;14;12;0
2015;938;813;208;10;14.000;12.000;6.000;50.000;12.500;12.286;13.000;12.400;14;12;0
2015;938;815;10;7;10.000;33.000;5.000;63.000;9.500;13.867;10.600;14.200;14;12;0
2015;938;817;9;19;8.000;55.000;4.000;113.000;10.000;11.100;11.800;6.600;14;12;0
2015;938;822;3;6;6.000;91.000;3.000;188.000;9.500;9.608;7.000;8.600;14;12;0
2015;938;826;9;18;7.000;58.000;4.000;113.000;11.000;10.952;6.600;7.000;14;12;0
2015;938;828;15;12;17.000;9.000;8.000;25.000;20.000;12.222;11.600;12.400;14;12;0
2015;939;1;131;5;1.000;252.000;1.000;463.000;8.286;10.500;2.200;5.800;15;13;0
2015;939;3;131;6;2.000;211.000;1.000;463.000;7.857;11.182;6.000;7.800;15;13;0
2015;939;4;1;12;15.000;11.000;9.000;17.000;2.571;8.571;13.200;13.600;15;13;0
2015;939;8;6;3;4.000;107.000;2.000;310.000;8.400;7.429;11.400;5.400;15;13;1
2015;939;13;3;9;6.000;97.000;3.000;198.000;8.167;10.714;5.600;7.000;15;13;0
2015;939;18;1;15;18.000;6.000;9.000;17.000;6.714;9.133;14.600;15.200;15;13;0
2015;939;20;6;1;3.000;203.000;2.000;310.000;2.286;7.133;4.400;5.800;15;13;1
2015;939;154;208;10;10.000;38.000;6.000;50.000;15.250;10.333;12.200;15.000;15;13;0
2015;939;807;10;11;12.000;30.000;5.000;69.000;10.500;12.429;12.000;11.400;15;13;0
2015;939;813;208;18;14.000;12.000;6.000;50.000;14.000;10.714;15.600;14.800;15;13;0
2015;939;815;10;13;9.000;39.000;5.000;69.000;8.750;12.933;9.600;11.600;15;13;0
2015;939;817;9;2;7.000;73.000;4.000;139.000;13.250;6.286;10.800;8.400;15;13;1
2015;939;822;3;7;5.000;101.000;3.000;198.000;12.000;11.267;7.200;8.200;15;13;0
2015;939;826;9;4;8.000;66.000;4.000;139.000;14.000;6.000;6.800;8.400;15;13;0
2015;939;828;15;17;17.000;9.000;8.000;26.000;15.000;14.600;10.600;10.800;15;13;0
2015;940;1;131;2;1.000;277.000;1.000;506.000;6.500;10.500;5.400;8.400;22;14;1
2015;940;3;131;1;2.000;229.000;1.000;506.000;10.857;9.636;6.600;8.200;22;14;1
2015;940;4;1;12;16.000;11.000;9.000;17.000;9.273;7.192;12.600;15.800;22;14;0
2015;940;8;6;6;4.000;119.000;2.000;337.000;6.500;9.173;8.200;4.600;22;14;0
2015;940;13;3;5;6.000;97.000;3.000;208.000;9.667;9.923;8.800;8.000;22;14;0
2015;940;18;1;14;18.000;6.000;9.000;17.000;5.000;7.264;14.400;15.200;22;14;0
2015;940;20;6;4;3.000;218.000;2.000;337.000;1.667;9.075;3.800;3.000;22;14;1
2015;940;154;208;8;9.000;44.000;6.000;60.000;13.250;10.667;11.800;16.600;22;14;0
2015;940;807;10;13;11.000;38.000;5.000;77.000;10.250;12.750;14.800;9.000;22;14;0
2015;940;813;208;11;14.000;16.000;6.000;60.000;13.500;10.143;16.600;14.200;22;14;0
2015;940;815;10;9;10.000;39.000;5.000;77.000;13.750;12.231;9.200;9.200;22;14;0
2015;940;817;9;7;7.000;73.000;4.000;139.000;12.250;6.062;9.200;6.000;22;14;0
2015;940;822;3;3;5.000;111.000;3.000;208.000;11.500;10.057;7.200;9.600;22;14;0
2015;940;826;9;20;8.000;66.000;4.000;139.000;11.000;6.588;5.600;8.200;22;14;0
2015;940;828;15;15;17.000;9.000;8.000;26.000;17.000;11.306;10.200;10.800;22;14;0
2015;941;1;131;2;1.000;302.000;1.000;531.000;1.000;1.500;5.400;8.400;71;15;1
2015;941;3;131;1;3.000;229.000;1.000;531.000;2.000;1.333;6.600;5.200;71;15;0
2015;941;4;1;19;16.000;11.000;9.000;19.000;6.000;4.500;12.800;14.800;71;15;0
2015;941;8;6;5;4.000;123.000;2.000;359.000;9.000;7.500;7.400;2.600;71;15;0
2015;941;13;3;15;6.000;109.000;3.000;220.000;11.000;7.000;11.400;10.000;71;15;0
2015;941;18;1;13;18.000;8.000;9.000;19.000;4.000;6.667;13.800;14.200;71;15;0
2015;941;20;6;4;2.000;236.000;2.000;359.000;8.000;7.667;3.800;3.800;71;15;1
2015;941;154;208;8;10.000;44.000;6.000;66.000;17.000;17.500;9.800;12.000;71;15;0
2015;941;807;10;6;11.000;38.000;5.000;92.000;12.000;11.000;14.600;10.200;71;15;0
2015;941;813;208;14;14.000;22.000;6.000;66.000;18.000;17.333;14.600;11.400;71;15;0
2015;941;815;10;7;9.000;54.000;5.000;92.000;10.000;13.667;9.800;12.800;71;15;1
2015;941;817;9;10;8.000;73.000;4.000;149.000;7.000;7.500;9.200;9.200;71;15;0
2015;941;822;3;3;5.000;111.000;3.000;220.000;3.000;6.000;7.200;10.000;71;15;0
2015;941;826;9;11;7.000;76.000;4.000;149.000;14.000;10.000;7.000;10.200;71;15;0
2015;941;828;15;17;17.000;9.000;8.000;34.000;19.000;15.500;10.800;13.600;71;15;0
2015;942;1;131;2;1.000;327.000;1.000;574.000;2.000;7.500;4.400;5.200;69;16;1
2015;942;3;131;1;3.000;247.000;1.000;574.000;8.000;6.571;8.600;4.600;69;16;1
2015;942;4;1;9;17.000;11.000;9.000;27.000;4.667;7.167;14.000;12.600;69;16;0
2015;942;8;6;18;4.000;123.000;2.000;374.000;9.500;7.333;5.400;3.600;69;16;0
2015;942;13;3;7;6.000;109.000;3.000;220.000;7.000;8.833;9.800;8.600;69;16;0
2015;942;18;1;11;16.000;16.000;9.000;27.000;9.000;7.714;13.800;11.600;69;16;0
2015;942;20;6;13;2.000;251.000;2.000;374.000;3.333;8.571;4.000;6.600;69;16;1
2015;942;154;208;10;11.000;44.000;6.000;70.000;6.667;8.333;11.800;10.200;69;16;0
2015;942;807;10;6;12.000;38.000;5.000;102.000;10.000;15.667;14.400;9.400;69;16;0
2015;942;813;208;12;14.000;26.000;6.000;70.000;11.667;9.714;13.200;11.400;69;16;0
2015;942;815;10;5;9.000;64.000;5.000;102.000;11.667;15.429;6.600;10.800;69;16;0
2015;942;817;9;3;8.000;74.000;4.000;150.000;8.667;6.500;11.600;10.800;69;16;0
2015;942;822;3;16;5.000;111.000;3.000;220.000;6.500;10.000;7.000;11.000;69;16;0
2015;942;826;9;4;7.000;76.000;4.000;150.000;15.000;7.000;7.600;11.600;69;16;0
2015;944;1;131;2;1.000;363.000;1.000;660.000;9.000;7.400;4.600;4.800;18;18;1
2015;944;3;131;1;2.000;297.000;1.000;660.000;9.778;6.909;5.400;1.600;18;18;1
2015;944;4;1;20;17.000;11.000;9.000;27.000;5.692;7.985;14.000;12.000;18;18;0
2015;944;8;6;4;5.000;135.000;2.000;401.000;5.636;6.781;10.000;11.600;18;18;0
2015;944;13;3;8;6.000;117.000;3.000;253.000;6.545;10.930;12.600;11.400;18;18;0
2015;944;18;1;16;16.000;16.000;9.000;27.000;7.733;8.091;12.200;13.200;18;18;0
2015;944;20;6;3;3.000;266.000;2.000;401.000;5.125;6.738;5.400;12.000;18;18;1
2015;944;154;208;14;11.000;49.000;6.000;76.000;18.250;16.000;13.000;10.800;18;18;0
2015;944;807;10;5;10.000;52.000;5.000;120.000;7.250;13.214;13.200;7.400;18;18;0
2015;944;813;208;15;14.000;27.000;6.000;76.000;18.250;14.857;9.200;11.000;18;18;0
2015;944;815;10;11;9.000;68.000;5.000;120.000;14.500;12.733;7.000;8.000;18;18;0
2015;944;817;9;19;8.000;84.000;4.000;178.000;15.250;8.200;9.400;7.400;18;18;0
2015;944;822;3;7;4.000;136.000;3.000;253.000;15.500;11.086;8.800;13.000;18;18;0
2015;944;826;9;6;7.000;94.000;4.000;178.000;11.000;8.333;8.200;8.600;18;18;0
2015;945;1;131;2;1.000;381.000;1.000;703.000;8.500;9.900;1.400;1.600;24;19;1
2015;945;3;131;1;2.000;322.000;1.000;703.000;9.833;9.182;4.800;1.600;24;19;1
2015;945;4;1;16;17.000;11.000;9.000;27.000;6.500;8.417;13.600;13.800;24;19;0
2015;945;8;6;3;4.000;150.000;2.000;428.000;11.250;7.750;10.200;9.400;24;19;1
2015;945;13;3;8;6.000;121.000;3.000;257.000;6.400;10.000;12.800;10.600;24;19;0
2015;945;18;1;12;16.000;16.000;9.000;27.000;5.000;9.077;11.800;16.000;24;19;0
2015;945;20;6;15;3.000;278.000;2.000;428.000;6.333;7.385;5.800;9.400;24;19;0
2015;945;154;208;18;11.000;51.000;6.000;78.000;13.500;13.000;12.000;9.400;24;19;0
2015;945;807;10;7;10.000;58.000;5.000;136.000;15.000;12.333;10.400;7.600;24;19;0
2015;945;813;208;13;14.000;27.000;6.000;78.000;12.250;12.429;8.800;9.600;24;19;0
2015;945;815;10;4;9.000;78.000;5.000;136.000;10.500;11.923;8.000;8.000;24;19;0
2015;945;817;9;5;8.000;92.000;4.000;187.000;12.750;6.500;11.200;8.000;24;19;0
2015;945;822;3;6;5.000;136.000;3.000;257.000;9.000;9.846;8.800;8.400;24;19;0
2015;945;826;9;9;7.000;95.000;4.000;187.000;20.000;6.462;8.400;6.600;24;19;0
2016;948;1;131;1;2.000;18.000;1.000;43.000;6.667;10.917;1.600;1.400;1;1;1
2016;948;3;131;2;1.000;25.000;1.000;43.000;9.400;10.231;4.600;1.600;1;1;1
2016;948;4;1;11;21.000;0.000;9.000;0.000;4.308;7.825;14.800;14.400;1;1;0
2016;948;8;6;4;18.000;0.000;2.000;15.000;7.154;7.700;10.000;6.400;1;1;0
2016;948;13;3;6;5.000;10.000;3.000;14.000;11.923;11.000;11.000;9.800;1;1;0
2016;948;18;1;12;14.000;0.000;9.000;0.000;9.188;8.146;11.000;15.800;1;1;0
2016;948;20;6;3;3.000;15.000;2.000;15.000;9.625;7.951;6.000;6.400;1;1;1
2016;948;807;10;10;7.000;6.000;6.000;6.000;15.800;11.312;10.600;7.600;1;1;0
2016;948;815;10;9;13.000;0.000;6.000;6.000;12.200;11.059;6.600;7.400;1;1;0
2016;948;817;9;8;4.000;12.000;4.000;12.000;14.000;10.682;9.400;7.600;1;1;0
2016;948;821;210;20;20.000;0.000;5.000;8.000;12.500;6.000;14.200;6.000;1;1;0
2016;948;822;3;16;8.000;4.000;3.000;14.000;12.333;10.854;10.400;10.200;1;1;0
2016;948;825;4;14;12.000;0.000;8.000;0.000;9.500;7.750;10.000;13.600;1;1;0
2016;948;826;9;18;22.000;0.000;4.000;12.000;12.500;10.391;7.800;7.600;1;1;0
2016;948;828;15;15;17.000;0.000;10.000;0.000;12.500;12.688;15.400;15.000;1;1;0
2016;948;830;5;5;10.000;1.000;7.000;3.000;13.000;12.150;9.600;13.600;1;1;0
2016;948;831;15;17;15.000;0.000;10.000;0.000;5.000;12.818;12.000;15.000;1;1;0
2016;948;832;5;7;9.000;2.000;7.000;3.000;9.000;12.048;13.200;13.000;1;1;0
2016;949;1;131;1;2.000;33.000;1.000;83.000;4.625;4.700;1.800;1.400;3;2;1
2016;949;3;131;2;1.000;50.000;1.000;83.000;6.444;4.545;1.200;1.800;3;2;1
2016;949;8;6;4;4.000;18.000;2.000;33.000;5.300;6.136;12.000;6.200;3;2;1
2016;949;13;3;7;7.000;14.000;4.000;20.000;7.909;11.364;11.200;7.800;3;2;0
2016;949;18;1;14;20.000;0.000;8.000;1.000;12.364;9.682;12.000;15.600;3;2;0
2016;949;20;6;3;6.000;15.000;2.000;33.000;5.857;5.957;6.200;6.000;3;2;0
2016;949;807;10;8;9.000;6.000;7.000;6.000;11.200;10.500;8.200;8.800;3;2;0
2016;949;815;10;18;17.000;0.000;7.000;6.000;7.000;10.800;8.600;9.400;3;2;0
2016;949;817;9;5;3.000;24.000;3.000;30.000;10.250;8.450;7.200;9.800;3;2;0
2016;949;821;210;13;22.000;0.000;5.000;18.000;18.500;5.000;15.600;10.333;3;2;0
2016;949;822;3;6;11.000;6.000;4.000;20.000;8.667;11.217;9.600;8.400;3;2;0
2016;949;825;4;22;14.000;0.000;9.000;0.000;18.000;10.571;11.400;13.200;3;2;0
2016;949;826;9;15;10.000;6.000;3.000;30.000;10.000;8.238;11.200;9.200;3;2;0
2016;949;828;15;17;16.000;0.000;10.000;0.000;17.000;14.429;14.800;14.800;3;2;0
2016;949;830;5;10;8.000;9.000;6.000;11.000;18.000;16.556;9.600;13.000;3;2;0
2016;949;831;15;21;19.000;0.000;10.000;0.000;12.000;14.267;13.800;14.600;3;2;0
2016;949;832;5;11;12.000;2.000;6.000;11.000;19.000;16.000;11.800;10.400;3;2;0
2016;950;1;131;22;2.000;39.000;1.000;114.000;4.111;6.583;2.200;1.600;17;3;0
2016;950;3;131;1;1.000;75.000;1.000;114.000;8.900;6.615;1.000;2.800;17;3;1
2016;950;4;1;11;18.000;0.000;8.000;1.000;4.833;7.875;16.800;15.400;17;3;0
2016;950;8;6;3;5.000;28.000;2.000;61.000;6.800;7.292;9.200;9.600;17;3;0
2016;950;13;3;10;6.000;22.000;4.000;29.000;9.167;11.792;9.400;8.600;17;3;0
2016;950;18;1;12;19.000;0.000;8.000;1.000;6.250;8.040;14.800;15.400;17;3;0
2016;950;20;6;4;4.000;33.000;2.000;61.000;4.333;7.200;9.800;9.800;17;3;1
2016;950;807;10;13;11.000;6.000;7.000;6.000;13.200;14.312;8.400;11.200;17;3;0
2016;950;815;10;7;15.000;0.000;7.000;6.000;11.800;14.353;10.800;13.200;17;3;0
2016;950;817;9;2;3.000;36.000;3.000;57.000;9.250;7.682;6.000;9.400;17;3;0
2016;950;821;210;18;22.000;0.000;5.000;18.000;19.000;19.000;16.400;13.800;17;3;0
2016;950;822;3;5;10.000;7.000;4.000;29.000;8.667;11.560;7.600;7.200;17;3;0
2016;950;825;4;17;14.000;0.000;9.000;0.000;13.000;7.188;12.000;14.600;17;3;0
2016;950;826;9;6;7.000;21.000;3.000;57.000;14.500;7.522;10.000;8.200;17;3;1
2016;950;828;15;15;17.000;0.000;10.000;0.000;15.000;13.062;14.200;14.600;17;3;0
2016;950;830;5;9;9.000;13.000;6.000;17.000;17.000;12.550;10.000;10.800;17;3;0
2016;950;831;15;16;21.000;0.000;10.000;0.000;8.000;13.235;14.800;14.800;17;3;0
2016;950;832;5;8;12.000;4.000;6.000;17.000;13.000;12.333;14.000;10.200;17;3;0
2016;951;1;131;10;2.000;57.000;1.000;157.000;1.000;5.500;3.200;2.600;71;4;1
2016;951;3;131;1;1.000;100.000;1.000;157.000;10.000;4.800;1.000;2.800;71;4;1
2016;951;4;1;14;11.000;8.000;7.000;10.000;8.500;7.250;17.000;13.800;71;4;0
2016;951;8;6;3;3.000;43.000;2.000;76.000;8.500;6.250;6.400;6.600;71;4;1
2016;951;13;3;4;6.000;32.000;4.000;51.000;7.500;7.500;9.400;8.200;71;4;0
2016;951;18;1;12;16.000;1.000;7.000;10.000;6.500;7.000;14.600;12.200;71;4;0
2016;951;20;6;7;5.000;33.000;2.000;76.000;5.000;5.600;6.600;6.600;71;4;0
2016;951;807;10;13;13.000;6.000;8.000;8.000;15.500;11.000;10.000;14.000;71;4;0
2016;951;815;10;6;15.000;2.000;8.000;8.000;6.500;13.000;11.400;15.600;71;4;0
2016;951;817;9;5;4.000;36.000;3.000;57.000;11.000;8.750;5.800;8.000;71;4;0
2016;951;821;210;16;22.000;0.000;5.000;22.000;15.000;8.000;16.400;13.000;71;4;0
2016;951;822;3;2;9.000;19.000;4.000;51.000;7.500;7.000;9.000;7.600;71;4;0
2016;951;826;9;8;8.000;21.000;3.000;57.000;9.500;9.200;9.800;5.800;71;4;0
2016;951;828;15;22;19.000;0.000;10.000;0.000;19.500;14.250;15.000;15.400;71;4;0
2016;951;830;5;9;10.000;13.000;6.000;17.000;10.000;13.250;9.800;10.000;71;4;0
2016;951;831;15;19;21.000;0.000;10.000;0.000;6.000;14.200;15.400;15.200;71;4;0
2016;951;832;5;11;14.000;4.000;6.000;17.000;16.000;14.400;13.200;12.000;71;4;0
2016;952;1;131;1;3.000;57.000;1.000;157.000;5.889;7.083;3.200;2.400;4;5;0
2016;952;3;131;2;1.000;100.000;1.000;157.000;7.500;8.154;1.000;6.400;4;5;0
2016;952;4;1;10;12.000;8.000;8.000;12.000;5.786;8.980;14.200;10.200;4;5;0
2016;952;8;6;5;2.000;61.000;2.000;109.000;8.846;7.160;6.200;10.200;4;5;1
2016;952;13;3;18;7.000;36.000;4.000;65.000;7.923;9.580;6.400;6.800;4;5;0
2016;952;18;1;12;16.000;3.000;8.000;12.000;9.200;9.176;13.800;12.000;4;5;0
2016;952;20;6;6;4.000;48.000;2.000;109.000;5.875;7.059;10.000;6.400;4;5;1
2016;952;807;10;11;15.000;6.000;7.000;14.000;13.200;12.688;13.000;14.400;4;5;0
2016;952;815;10;9;13.000;8.000;7.000;14.000;12.000;13.118;10.800;15.200;4;5;0
2016;952;817;9;3;5.000;48.000;3.000;94.000;8.250;7.364;5.800;8.000;4;5;0
2016;952;821;210;16;19.000;0.000;6.000;22.000;13.500;18.000;17.000;15.200;4;5;0
2016;952;822;3;7;8.000;29.000;4.000;65.000;8.333;9.549;8.800;6.600;4;5;0
2016;952;825;4;15;14.000;6.000;9.000;6.000;12.000;8.300;12.800;16.200;4;5;0
2016;952;826;5;13;9.000;22.000;5.000;26.000;12.000;15.900;11.400;13.200;4;5;0
2016;952;828;15;19;20.000;0.000;10.000;0.000;17.000;11.838;14.600;16.000;4;5;0
2016;952;830;9;4;6.000;38.000;3.000;94.000;11.000;7.217;11.800;7.400;4;5;1
2016;952;831;15;20;22.000;0.000;10.000;0.000;12.000;11.842;16.000;15.600;4;5;0
2016;952;832;5;8;11.000;12.000;5.000;26.000;9.000;15.619;11.800;11.600;4;5;0
2016;953;1;131;3;2.000;82.000;1.000;188.000;4.444;9.312;7.000;9.400;6;6;1
2016;953;3;131;2;1.000;106.000;1.000;188.000;7.600;8.824;5.200;9.400;6;6;0
2016;953;4;1;9;12.000;18.000;7.000;24.000;6.714;9.728;15.000;11.400;6;6;0
2016;953;8;6;11;4.000;61.000;2.000;121.000;9.385;7.525;6.000;6.000;6;6;0
2016;953;13;3;14;7.000;37.000;4.000;66.000;9.308;10.750;6.400;6.400;6;6;0
2016;953;18;1;13;16.000;5.000;7.000;24.000;10.800;9.677;13.200;9.800;6;6;0
2016;953;20;6;4;5.000;60.000;2.000;121.000;6.750;7.620;9.800;9.800;6;6;0
2016;953;807;10;5;14.000;14.000;5.000;37.000;11.800;10.312;15.600;13.600;6;6;0
2016;953;815;10;7;9.000;23.000;5.000;37.000;15.800;10.059;11.200;12.600;6;6;1
2016;953;817;9;1;3.000;66.000;3.000;112.000;10.750;8.364;5.400;6.800;6;6;1
2016;953;821;210;12;18.000;0.000;8.000;22.000;14.000;13.000;16.200;13.400;6;6;0
2016;953;822;3;10;8.000;29.000;4.000;66.000;14.000;10.740;7.200;6.400;6;6;0
2016;953;825;4;16;15.000;6.000;9.000;6.000;10.000;10.714;12.200;13.800;6;6;0
2016;953;826;5;8;10.000;22.000;6.000;30.000;11.500;13.850;11.400;11.200;6;6;0
2016;953;828;15;17;20.000;0.000;10.000;0.000;12.000;13.421;14.200;15.400;6;6;0
2016;953;830;9;18;6.000;38.000;3.000;112.000;18.000;8.087;8.800;6.600;6;6;0
2016;953;831;15;18;22.000;0.000;10.000;0.000;9.000;13.487;16.000;14.600;6;6;0
2016;953;832;5;6;13.000;16.000;6.000;30.000;10.000;14.143;10.800;13.400;6;6;0
2016;954;1;131;1;2.000;107.000;1.000;223.000;8.375;7.500;6.800;10.400;7;7;1
2016;954;3;131;2;1.000;116.000;1.000;223.000;8.111;7.000;6.400;10.400;7;7;0
2016;954;4;1;10;12.000;18.000;7.000;24.000;10.385;9.944;12.600;10.400;7;7;0
2016;954;8;6;6;5.000;69.000;2.000;147.000;6.417;8.408;6.600;10.000;7;7;0
2016;954;13;3;8;8.000;37.000;4.000;81.000;9.333;10.699;7.400;7.800;7;7;0
2016;954;18;1;12;16.000;5.000;7.000;24.000;11.133;9.959;12.200;10.600;7;7;0
2016;954;20;6;3;3.000;78.000;2.000;147.000;3.857;8.375;10.000;7.200;7;7;1
2016;954;807;10;9;13.000;18.000;5.000;42.000;11.800;11.929;15.400;9.000;7;7;0
2016;954;815;10;11;9.000;24.000;5.000;42.000;9.000;11.667;9.200;8.800;7;7;0
2016;954;817;9;4;4.000;72.000;3.000;130.000;10.750;6.500;5.000;8.000;7;7;0
2016;954;821;210;13;18.000;0.000;8.000;22.000;17.000;14.000;14.400;13.400;7;7;0
2016;954;822;3;7;7.000;44.000;4.000;81.000;8.000;10.824;8.000;11.000;7;7;1
2016;954;825;4;22;15.000;6.000;9.000;6.000;9.000;13.094;13.600;16.200;7;7;0
2016;954;826;5;15;10.000;22.000;6.000;32.000;12.500;12.000;11.000;11.200;7;7;0
2016;954;828;15;21;20.000;0.000;10.000;0.000;17.000;13.500;14.000;15.200;7;7;0
2016;954;830;9;5;6.000;50.000;3.000;130.000;15.000;6.524;10.400;6.400;7;7;0
2016;954;831;15;18;22.000;0.000;10.000;0.000;16.000;13.538;16.400;15.000;7;7;0
2016;954;832;5;20;14.000;18.000;6.000;32.000;12.000;12.000;10.600;11.200;7;7;0
2016;956;1;131;1;2.000;142.000;1.000;295.000;2.000;1.500;6.000;3.800;70;9;1
2016;956;3;131;6;1.000;153.000;1.000;295.000;1.000;1.400;7.200;2.600;70;9;0
2016;956;4;1;14;14.000;18.000;7.000;32.000;14.000;9.293;12.000;14.400;70;9;0
2016;956;8;6;4;4.000;96.000;2.000;192.000;11.000;8.275;7.200;3.600;70;9;1
2016;956;13;3;22;9.000;38.000;4.000;92.000;8.667;10.800;10.600;10.200;70;9;0
2016;956;18;1;3;15.000;13.000;7.000;32.000;9.333;9.441;12.200;16.200;70;9;0
2016;956;20;6;9;3.000;96.000;2.000;192.000;12.500;8.173;6.200;3.400;70;9;0
2016;956;807;10;2;13.000;20.000;5.000;59.000;7.500;7.500;12.800;6.600;70;9;0
2016;956;815;10;16;8.000;39.000;5.000;59.000;7.500;9.800;6.400;9.800;70;9;0
2016;956;817;9;5;5.000;88.000;3.000;168.000;9.000;12.750;6.200;8.800;70;9;0
2016;956;821;210;11;19.000;0.000;8.000;28.000;19.000;7.000;13.600;12.600;70;9;0
2016;956;822;3;7;7.000;54.000;4.000;92.000;4.000;11.024;6.000;11.800;70;9;0
2016;956;825;4;17;16.000;6.000;9.000;6.000;7.000;10.789;14.000;17.600;70;9;0
2016;956;826;5;22;11.000;22.000;6.000;36.000;17.000;16.500;15.800;14.400;70;9;0
2016;956;828;15;18;21.000;0.000;11.000;0.000;15.500;12.111;14.800;15.800;70;9;0
2016;956;830;9;8;6.000;72.000;3.000;168.000;8.000;11.200;10.000;6.200;70;9;1
2016;956;831;15;21;22.000;0.000;11.000;0.000;11.000;12.263;15.600;15.400;70;9;0
2016;956;832;5;15;12.000;22.000;6.000;36.000;16.000;17.600;11.200;17.200;70;9;0
2016;957;1;131;1;2.000;167.000;1.000;335.000;4.444;6.214;5.800;3.200;9;10;1
2016;957;3;131;2;1.000;168.000;1.000;335.000;8.000;5.867;7.800;2.400;9;10;1
2016;957;4;1;9;14.000;18.000;7.000;32.000;7.500;9.139;14.400;15.200;9;10;0
2016;957;8;6;5;3.000;106.000;2.000;204.000;6.385;8.991;7.200;6.400;9;10;0
2016;957;13;3;12;9.000;38.000;4.000;92.000;8.462;9.687;13.600;9.600;9;10;0
2016;957;18;1;17;15.000;13.000;7.000;32.000;10.562;9.188;11.400;13.400;9;10;0
2016;957;20;6;11;5.000;98.000;2.000;204.000;7.625;8.956;6.400;7.000;9;10;0
2016;957;807;10;8;11.000;26.000;5.000;73.000;9.400;12.062;12.400;11.600;9;10;0
2016;957;815;10;10;8.000;47.000;5.000;73.000;13.800;11.765;8.000;11.000;9;10;0
2016;957;817;9;4;4.000;100.000;3.000;198.000;11.600;8.591;5.000;5.200;9;10;0
2016;957;821;210;14;19.000;0.000;8.000;28.000;17.000;20.000;12.400;13.400;9;10;0
2016;957;822;3;6;7.000;54.000;4.000;92.000;6.333;9.706;7.000;11.200;9;10;0
2016;957;825;4;16;16.000;6.000;9.000;6.000;7.000;11.448;15.400;15.200;9;10;0
2016;957;826;5;15;13.000;23.000;6.000;41.000;7.500;15.250;17.200;16.400;9;10;0
2016;957;828;15;22;21.000;0.000;11.000;0.000;15.000;12.000;15.000;15.000;9;10;0
2016;957;830;9;3;6.000;90.000;3.000;198.000;16.000;8.391;6.600;5.200;9;10;1
2016;957;831;15;21;22.000;0.000;11.000;0.000;20.000;12.231;15.000;15.600;9;10;0
2016;957;832;5;7;12.000;26.000;6.000;41.000;14.000;15.000;10.400;16.600;9;10;0
2016;958;1;131;2;1.000;192.000;1.000;378.000;4.667;11.583;1.800;2.000;11;11;1
2016;958;3;131;1;2.000;186.000;1.000;378.000;11.400;10.769;4.000;2.000;11;11;1
2016;958;4;1;7;13.000;24.000;7.000;38.000;6.786;7.933;13.200;12.000;11;11;0
2016;958;8;6;14;4.000;114.000;2.000;224.000;6.462;8.917;7.800;8.000;11;11;0
2016;958;13;3;18;9.000;38.000;4.000;94.000;10.846;8.000;14.200;12.000;11;11;0
2016;958;18;1;8;15.000;13.000;7.000;38.000;9.250;7.918;12.000;11.200;11;11;0
2016;958;20;6;5;5.000;110.000;2.000;224.000;8.111;8.869;7.600;8.800;11;11;0
2016;958;807;10;9;12.000;27.000;5.000;74.000;13.600;16.562;9.800;10.400;11;11;0
2016;958;815;10;13;8.000;47.000;5.000;74.000;15.200;16.176;7.800;11.800;11;11;0
2016;958;817;9;3;3.000;115.000;3.000;223.000;10.000;7.545;5.000;4.200;11;11;1
2016;958;821;210;15;19.000;0.000;8.000;28.000;19.000;14.000;13.400;13.600;11;11;0
2016;958;822;3;10;7.000;56.000;4.000;94.000;13.667;8.164;8.800;14.400;11;11;0
2016;958;825;4;19;16.000;6.000;9.000;6.000;12.000;11.350;16.000;15.200;11;11;0
2016;958;826;5;12;14.000;23.000;6.000;45.000;8.000;14.250;17.200;13.800;11;11;0
2016;958;828;15;22;21.000;0.000;11.000;0.000;16.000;12.579;16.800;15.200;11;11;0
2016;958;830;9;4;6.000;100.000;3.000;223.000;4.000;7.348;6.800;3.200;11;11;0
2016;958;831;15;16;22.000;0.000;11.000;0.000;11.000;12.769;15.000;16.800;11;11;0
2016;958;832;5;6;10.000;30.000;6.000;45.000;17.000;14.333;10.800;12.800;11;11;0
2016;959;1;131;2;1.000;217.000;1.000;415.000;8.000;6.333;1.800;2.200;10;12;1
2016;959;3;131;1;2.000;198.000;1.000;415.000;9.800;5.571;3.000;1.600;10;12;0
2016;959;4;1;13;13.000;24.000;7.000;42.000;4.556;9.662;13.600;12.000;10;12;0
2016;959;8;6;5;4.000;122.000;3.000;242.000;12.222;8.838;4.800;9.000;10;12;0
2016;959;13;3;10;9.000;38.000;4.000;96.000;8.625;9.672;15.800;12.200;10;12;0
2016;959;18;1;12;15.000;17.000;7.000;42.000;6.818;9.696;14.600;13.200;10;12;0
2016;959;20;6;6;5.000;120.000;3.000;242.000;5.000;8.797;7.600;6.000;10;12;0
2016;959;807;10;8;10.000;33.000;5.000;81.000;9.667;12.625;10.600;10.200;10;12;0
2016;959;815;10;9;8.000;48.000;5.000;81.000;8.000;12.000;9.400;8.200;10;12;0
2016;959;817;9;3;3.000;133.000;2.000;256.000;9.500;8.250;5.200;3.200;10;12;1
2016;959;821;210;11;19.000;0.000;8.000;28.000;14.000;13.000;13.800;15.200;10;12;0
2016;959;822;3;7;7.000;58.000;4.000;96.000;2.000;9.862;8.200;14.800;10;12;0
2016;959;825;4;16;16.000;6.000;9.000;6.000;9.000;9.667;15.200;14.800;10;12;0
2016;959;826;5;18;14.000;23.000;6.000;45.000;20.000;14.100;16.400;10.000;10;12;0
2016;959;828;15;22;21.000;0.000;11.000;0.000;18.000;12.719;17.600;17.200;10;12;0
2016;960;1;131;21;1.000;232.000;1.000;455.000;10.556;5.733;1.800;2.200;13;13;1
2016;960;3;131;1;2.000;223.000;1.000;455.000;6.333;5.562;2.800;2.200;13;13;1
2016;960;4;1;22;11.000;30.000;6.000;48.000;10.917;8.186;13.800;12.200;13;13;0
2016;960;8;6;3;5.000;124.000;3.000;252.000;8.364;9.566;4.800;6.000;13;13;0
2016;960;13;3;10;10.000;39.000;5.000;101.000;6.818;9.667;16.200;14.400;13;13;0
2016;960;18;1;9;15.000;17.000;6.000;48.000;11.286;8.167;11.800;11.200;13;13;0
2016;960;20;6;4;4.000;128.000;3.000;252.000;7.222;9.561;8.200;6.000;13;13;0
2016;960;807;10;7;9.000;45.000;4.000;103.000;12.200;10.125;10.400;8.800;13;13;0
2016;960;815;10;6;8.000;58.000;4.000;103.000;13.000;9.765;9.400;8.400;13;13;0
2016;960;817;9;5;3.000;151.000;2.000;274.000;11.800;7.300;4.200;3.000;13;13;1
2016;960;821;210;18;19.000;0.000;8.000;28.000;14.500;13.000;13.400;12.800;13;13;0
2016;960;822;3;8;7.000;62.000;5.000;101.000;9.000;9.672;9.400;13.600;13;13;0
2016;960;825;4;12;16.000;6.000;9.000;6.000;12.000;11.550;15.200;16.000;13;13;0
2016;960;826;5;19;14.000;23.000;7.000;45.000;6.500;12.944;17.000;12.200;13;13;0
2016;960;828;15;20;21.000;0.000;11.000;0.000;13.500;12.528;18.200;18.200;13;13;0
2016;960;830;9;2;6.000;115.000;2.000;274.000;8.000;7.048;4.000;3.000;13;13;0
2016;960;831;15;16;22.000;0.000;11.000;0.000;11.000;12.703;15.600;19.000;13;13;0
2016;960;832;5;14;12.000;30.000;7.000;45.000;17.000;13.000;11.800;13.400;13;13;0
2016;961;1;131;1;1.000;250.000;1.000;498.000;6.667;7.263;1.400;2.200;14;14;1
2016;961;3;131;2;2.000;248.000;1.000;498.000;11.800;7.000;2.800;2.200;14;14;1
2016;961;4;1;12;11.000;30.000;6.000;48.000;8.286;10.211;11.400;14.000;14;14;0
2016;961;8;6;4;5.000;136.000;3.000;279.000;7.385;8.876;5.800;6.000;14;14;0
2016;961;13;3;11;10.000;41.000;4.000;111.000;8.083;9.533;16.200;11.600;14;14;0
2016;961;18;1;14;15.000;17.000;6.000;48.000;9.875;10.250;13.800;12.400;14;14;0
2016;961;20;6;3;4.000;143.000;3.000;279.000;7.000;8.850;9.000;6.000;14;14;1
2016;961;807;10;9;9.000;46.000;5.000;108.000;10.400;13.375;9.400;7.400;14;14;0
2016;961;815;10;8;8.000;62.000;5.000;108.000;8.800;13.176;9.800;7.200;14;14;0
2016;961;817;9;6;3.000;161.000;2.000;290.000;9.600;10.909;3.200;4.600;14;14;0
2016;961;821;210;10;19.000;0.000;8.000;28.000;16.000;11.000;12.600;12.000;14;14;0
2016;961;822;3;5;7.000;70.000;4.000;111.000;7.667;9.526;9.800;11.600;14;14;0
2016;961;825;4;21;16.000;6.000;9.000;6.000;10.000;11.176;16.000;16.000;14;14;0
2016;961;826;5;16;14.000;23.000;7.000;45.000;10.500;13.300;15.400;14.200;14;14;0
2016;961;828;15;19;21.000;0.000;11.000;0.000;14.500;12.158;18.600;18.400;14;14;0
2016;961;830;9;7;6.000;121.000;2.000;290.000;12.000;10.652;4.600;4.600;14;14;0
2016;961;831;15;18;22.000;0.000;11.000;0.000;13.000;12.256;16.600;18.200;14;14;0
2016;961;832;5;15;12.000;30.000;7.000;45.000;11.000;13.571;11.600;16.400;14;14;0
2016;962;1;131;3;2.000;265.000;1.000;538.000;9.500;10.583;1.600;2.200;15;15;1
2016;962;3;131;1;1.000;273.000;1.000;538.000;7.375;10.000;2.200;2.000;15;15;1
2016;962;4;1;9;11.000;36.000;6.000;54.000;4.375;9.562;10.600;12.400;15;15;0
2016;962;8;6;5;5.000;148.000;3.000;301.000;7.500;6.750;6.000;5.400;15;15;0
2016;962;13;3;11;10.000;41.000;5.000;111.000;9.714;10.875;14.000;8.400;15;15;0
2016;962;18;1;12;15.000;17.000;6.000;54.000;7.875;9.412;15.000;12.200;15;15;0
2016;962;20;6;22;4.000;153.000;3.000;301.000;2.125;6.588;5.400;5.200;15;15;0
2016;962;807;10;8;9.000;46.000;4.000;112.000;12.400;12.562;7.600;7.400;15;15;0
2016;962;815;10;17;8.000;66.000;4.000;112.000;8.400;13.059;8.000;9.600;15;15;0
2016;962;817;9;2;3.000;179.000;2.000;316.000;11.000;6.000;3.200;5.600;15;15;1
2016;962;821;210;13;19.000;0.000;8.000;28.000;16.000;20.000;13.000;14.200;15;15;0
2016;962;822;3;10;7.000;70.000;5.000;111.000;9.667;10.941;9.200;9.000;15;15;0
2016;962;825;4;15;16.000;7.000;9.000;7.000;10.000;11.750;16.600;18.000;15;15;0
2016;962;826;5;7;14.000;25.000;7.000;47.000;10.000;13.062;14.800;16.400;15;15;0
2016;962;828;15;14;21.000;0.000;11.000;0.000;13.000;13.917;18.800;19.000;15;15;0
2016;962;830;9;4;6.000;129.000;2.000;316.000;8.000;5.765;5.600;5.400;15;15;0
2016;962;831;15;16;22.000;0.000;11.000;0.000;10.000;14.154;18.400;18.200;15;15;0
2016;962;832;5;6;12.000;30.000;7.000;47.000;9.000;12.824;13.000;15.400;15;15;0
2016;963;1;131;1;2.000;265.000;1.000;553.000;4.111;6.917;2.000;1.600;2;16;0
2016;963;3;131;2;1.000;288.000;1.000;553.000;9.900;7.769;1.800;5.000;2;16;1
2016;963;4;1;22;10.000;42.000;6.000;62.000;7.857;9.059;9.400;14.600;2;16;0
2016;963;8;6;6;4.000;160.000;3.000;313.000;10.385;6.412;5.800;4.400;2;16;0
2016;963;13;3;10;11.000;41.000;5.000;121.000;8.231;12.118;14.200;11.000;2;16;0
2016;963;18;1;9;15.000;19.000;6.000;62.000;9.438;9.000;16.400;11.800;2;16;0
2016;963;20;6;5;5.000;153.000;3.000;313.000;6.375;6.343;4.600;4.000;2;16;0
2016;963;807;10;8;9.000;50.000;4.000;124.000;9.200;14.000;10.400;10.400;2;16;0
2016;963;815;10;7;8.000;74.000;4.000;124.000;13.400;13.647;8.400;11.000;2;16;0
2016;963;817;9;4;3.000;204.000;2.000;359.000;14.000;8.318;2.800;6.200;2;16;1
2016;963;821;210;13;20.000;0.000;8.000;28.000;14.500;20.000;12.000;15.600;2;16;0
2016;963;822;3;11;7.000;80.000;5.000;121.000;8.000;12.143;10.400;12.000;2;16;0
2016;963;825;4;14;16.000;7.000;9.000;8.000;9.000;8.250;15.200;15.600;2;16;0
2016;963;826;5;15;14.000;25.000;7.000;47.000;9.500;13.150;14.600;15.400;2;16;0
2016;963;828;15;17;21.000;0.000;11.000;0.000;16.500;13.385;18.000;17.000;2;16;0
2016;963;830;9;3;6.000;147.000;2.000;359.000;7.000;8.000;6.400;4.200;2;16;1
2016;963;831;15;18;22.000;0.000;11.000;0.000;12.000;13.333;18.000;16.000;2;16;0
2016;963;832;5;16;12.000;30.000;7.000;47.000;8.000;13.190;14.200;14.200;2;16;0
2016;964;1;131;2;2.000;280.000;1.000;593.000;5.714;9.000;5.400;5.200;22;17;1
2016;964;3;131;1;1.000;313.000;1.000;593.000;9.750;8.538;2.000;5.600;22;17;1
2016;964;4;1;15;11.000;42.000;6.000;62.000;9.417;7.426;9.400;10.800;22;17;0
2016;964;8;6;8;4.000;170.000;3.000;335.000;6.273;8.963;5.400;7.600;22;17;0
2016;964;13;3;12;10.000;43.000;5.000;124.000;10.400;9.963;13.200;11.200;22;17;0
2016;964;18;1;22;15.000;19.000;6.000;62.000;5.786;7.582;13.800;11.600;22;17;0
2016;964;20;6;6;6.000;165.000;3.000;335.000;1.857;8.891;8.200;8.000;22;17;0
2016;964;807;10;9;9.000;54.000;4.000;134.000;9.400;12.214;10.000;10.200;22;17;0
2016;964;815;10;5;8.000;80.000;4.000;134.000;13.400;11.933;7.400;10.200;22;17;0
2016;964;817;9;4;3.000;212.000;2.000;385.000;12.800;6.944;2.400;3.600;22;17;0
2016;964;821;210;10;20.000;0.000;8.000;28.000;10.000;11.000;13.200;16.800;22;17;0
2016;964;822;3;11;7.000;81.000;5.000;124.000;9.333;9.945;9.600;11.800;22;17;0
2016;964;825;4;17;16.000;7.000;9.000;8.000;14.000;9.938;16.200;15.200;22;17;0
2016;964;826;5;13;14.000;25.000;7.000;47.000;12.000;13.500;14.200;12.600;22;17;0
2016;964;828;15;18;21.000;0.000;11.000;0.000;15.500;11.605;16.400;16.200;22;17;0
2016;964;830;9;3;5.000;165.000;2.000;385.000;9.000;6.895;5.800;3.400;22;17;1
2016;964;831;15;19;22.000;0.000;11.000;0.000;20.000;11.692;18.000;14.800;22;17;0
2016;964;832;5;14;12.000;30.000;7.000;47.000;10.000;13.471;14.800;12.200;22;17;0
2016;965;1;131;1;2.000;305.000;1.000;636.000;1.750;6.000;5.800;5.200;69;18;1
2016;965;3;131;2;1.000;331.000;1.000;636.000;6.500;5.444;1.400;5.200;69;18;1
2016;965;4;1;12;10.000;52.000;6.000;74.000;6.250;7.500;10.200;13.800;69;18;0
2016;965;8;6;5;5.000;170.000;3.000;347.000;11.667;7.875;5.200;8.000;69;18;0
2016;965;13;3;9;11.000;49.000;5.000;130.000;9.500;11.125;10.600;11.400;69;18;0
2016;965;18;1;19;15.000;21.000;6.000;74.000;8.250;7.222;15.800;11.000;69;18;0
2016;965;20;6;6;4.000;177.000;3.000;347.000;3.250;9.111;8.000;10.800;69;18;0
2016;965;807;10;7;9.000;54.000;4.000;138.000;11.000;14.125;10.200;7.400;69;18;0
2016;965;815;10;11;7.000;84.000;4.000;138.000;10.000;15.000;6.800;10.200;69;18;0
2016;965;817;9;3;3.000;227.000;2.000;400.000;9.000;7.750;3.200;3.400;69;18;1
2016;965;821;210;14;20.000;0.000;8.000;29.000;14.000;10.000;15.000;16.200;69;18;0
2016;965;822;3;8;8.000;81.000;5.000;130.000;10.667;10.667;9.800;8.800;69;18;0
2016;965;826;5;13;14.000;25.000;7.000;55.000;14.000;11.875;13.800;13.800;69;18;0
2016;965;828;15;16;21.000;0.000;11.000;0.000;15.000;12.625;15.800;15.200;69;18;0
2016;965;830;9;4;6.000;165.000;2.000;400.000;4.000;7.222;5.600;2.800;69;18;0
2016;965;831;15;21;22.000;0.000;11.000;0.000;9.000;12.778;17.600;15.400;69;18;0
2016;965;832;5;10;12.000;38.000;7.000;55.000;7.000;11.778;15.400;13.200;69;18;0
2016;966;1;131;1;2.000;330.000;1.000;679.000;2.000;1.500;5.400;2.000;32;19;1
2016;966;3;131;2;1.000;349.000;1.000;679.000;1.000;1.333;1.600;1.600;32;19;1
2016;966;4;1;11;10.000;52.000;6.000;74.000;20.000;11.938;9.800;11.400;32;19;0
2016;966;8;6;6;5.000;178.000;3.000;365.000;19.000;12.226;7.200;10.800;32;19;0
2016;966;13;3;9;11.000;51.000;5.000;136.000;6.000;6.812;10.000;9.400;32;19;0
2016;966;18;1;13;15.000;21.000;6.000;74.000;14.000;12.000;13.400;12.200;32;19;0
2016;966;20;6;7;4.000;187.000;3.000;365.000;18.000;12.031;7.600;7.600;32;19;0
2016;966;807;10;5;9.000;60.000;4.000;145.000;7.000;7.500;13.800;10.200;32;19;0
2016;966;815;10;12;7.000;85.000;4.000;145.000;8.000;7.333;7.400;10.400;32;19;0
2016;966;817;9;4;3.000;242.000;2.000;427.000;5.000;4.500;3.400;6.600;32;19;1
2016;966;822;3;8;8.000;85.000;5.000;136.000;3.000;6.941;11.400;10.200;32;19;0
2016;966;826;5;18;14.000;25.000;7.000;55.000;4.000;11.000;13.200;11.600;32;19;0
2016;966;828;15;15;21.000;0.000;11.000;0.000;12.000;14.500;14.800;16.000;32;19;0
2016;966;830;9;3;6.000;177.000;2.000;427.000;9.000;4.000;7.400;6.800;32;19;0
2016;966;831;15;19;22.000;0.000;11.000;0.000;17.000;13.333;17.200;14.800;32;19;0
2016;966;832;5;10;12.000;38.000;7.000;55.000;13.000;13.333;12.600;13.000;32;19;0
2016;967;1;131;1;2.000;355.000;1.000;722.000;8.222;6.417;5.200;1.400;18;20;1
2016;967;3;131;2;1.000;367.000;1.000;722.000;8.900;6.000;1.800;1.400;18;20;1
2016;967;4;1;10;10.000;53.000;6.000;75.000;6.357;8.179;9.600;11.400;18;20;0
2016;967;8;6;3;6.000;178.000;3.000;375.000;5.500;6.682;7.600;7.600;18;20;0
2016;967;13;3;13;11.000;51.000;5.000;136.000;7.667;10.983;10.000;10.000;18;20;0
2016;967;18;1;17;15.000;21.000;6.000;75.000;8.125;8.206;13.400;9.800;18;20;0
2016;967;20;6;5;4.000;197.000;3.000;375.000;4.889;6.881;8.000;10.800;18;20;0
2016;967;807;10;8;9.000;66.000;4.000;163.000;7.000;12.688;13.200;10.800;18;20;0
2016;967;815;10;9;7.000;97.000;4.000;163.000;14.000;12.353;7.800;10.800;18;20;0
2016;967;817;9;6;3.000;246.000;2.000;446.000;14.400;8.273;3.000;6.400;18;20;0
2016;967;821;210;12;21.000;0.000;8.000;29.000;13.000;20.000;18.000;18.400;18;20;0
2016;967;822;3;11;8.000;85.000;5.000;136.000;12.000;11.100;11.800;11.600;18;20;0
2016;967;825;4;18;16.000;7.000;9.000;8.000;9.000;10.500;14.600;13.600;18;20;0
2016;967;826;5;14;14.000;25.000;7.000;63.000;9.000;11.950;13.000;13.600;18;20;0
2016;967;828;15;20;22.000;0.000;10.000;2.000;16.000;13.289;13.800;14.800;18;20;0
2016;967;830;9;4;5.000;192.000;2.000;446.000;9.000;8.261;6.800;7.600;18;20;1
2016;967;831;15;21;17.000;2.000;10.000;2.000;13.000;13.487;15.800;15.200;18;20;0
2016;967;832;5;15;12.000;46.000;7.000;63.000;19.000;12.000;12.800;12.800;18;20;0
2016;968;1;131;1;2.000;380.000;1.000;765.000;7.571;8.500;4.800;1.600;24;21;1
2016;968;3;131;2;1.000;385.000;1.000;765.000;8.571;7.923;2.000;1.400;24;21;1
2016;968;4;1;9;10.000;54.000;6.000;76.000;8.000;9.286;10.200;12.000;24;21;0
2016;968;8;6;4;6.000;186.000;3.000;398.000;9.600;7.143;10.800;8.000;24;21;0
2016;968;13;3;10;11.000;53.000;5.000;138.000;6.667;10.071;11.200;12.400;24;21;0
2016;968;18;1;12;15.000;21.000;6.000;76.000;6.000;9.333;12.800;12.200;24;21;0
2016;968;20;6;5;4.000;212.000;3.000;398.000;6.000;7.067;8.000;8.400;24;21;1
2016;968;807;10;7;9.000;72.000;4.000;173.000;13.400;11.429;10.400;7.200;24;21;0
2016;968;815;10;8;7.000;101.000;4.000;173.000;9.400;11.133;7.000;7.000;24;21;0
2016;968;817;9;3;3.000;256.000;2.000;468.000;11.400;6.714;4.200;7.600;24;21;0
2016;968;821;210;13;21.000;0.000;8.000;29.000;14.000;11.000;19.200;17.800;24;21;0
2016;968;822;3;11;8.000;85.000;5.000;138.000;10.333;10.000;10.000;11.000;24;21;0
2016;968;825;4;18;16.000;7.000;9.000;8.000;11.000;12.000;15.400;15.400;24;21;0
2016;968;826;5;17;14.000;25.000;7.000;63.000;15.000;14.500;13.800;11.800;24;21;0
2016;968;828;15;22;22.000;0.000;10.000;2.000;14.000;12.833;14.600;14.200;24;21;0
2016;968;830;9;6;5.000;204.000;2.000;468.000;16.000;6.600;6.200;4.600;24;21;0
2016;968;831;15;19;17.000;2.000;10.000;2.000;15.000;13.000;15.000;14.200;24;21;0
2016;968;832;5;21;12.000;46.000;7.000;63.000;11.000;14.800;11.200;14.400;24;21;0
2017;969;1;131;1;2.000;18.000;2.000;33.000;6.200;9.571;1.400;1.600;1;1;1
2017;969;4;1;12;14.000;0.000;9.000;0.000;5.500;8.286;10.800;13.600;1;1;0
2017;969;8;6;4;4.000;12.000;1.000;37.000;7.929;7.833;11.200;7.800;1;1;0
2017;969;13;3;7;6.000;8.000;4.000;8.000;11.429;10.786;10.400;13.400;1;1;0
2017;969;20;6;2;1.000;25.000;1.000;37.000;8.889;7.744;4.200;7.600;1;1;1
2017;969;154;210;6;20.000;0.000;10.000;0.000;13.200;13.000;14.800;16.200;1;1;0
2017;969;807;4;11;11.000;0.000;7.000;0.000;14.333;8.091;10.200;17.200;1;1;0
2017;969;815;10;10;7.000;6.000;5.000;7.000;12.333;11.167;7.400;7.200;1;1;0
2017;969;817;9;20;17.000;0.000;3.000;10.000;12.000;10.875;5.000;4.800;1;1;0
2017;969;822;131;3;3.000;15.000;2.000;33.000;11.250;9.067;13.200;1.600;1;1;1
2017;969;825;210;17;15.000;0.000;10.000;0.000;10.333;15.333;15.800;16.400;1;1;0
2017;969;826;5;9;9.000;2.000;6.000;6.000;15.667;11.909;14.800;14.400;1;1;0
2017;969;828;15;14;18.000;0.000;8.000;0.000;14.000;12.882;15.200;15.200;1;1;0
2017;969;830;9;5;5.000;10.000;3.000;10.000;11.500;11.120;6.600;7.400;1;1;0
2017;969;832;5;8;8.000;4.000;6.000;6.000;9.000;11.783;12.600;13.000;1;1;0
2017;969;835;4;19;19.000;0.000;7.000;0.000;11.000;8.217;15.000;16.600;1;1;0
2017;970;1;131;1;2.000;43.000;1.000;66.000;4.400;6.214;1.200;2.000;17;2;1
2017;970;4;1;13;19.000;0.000;10.000;0.000;5.385;8.231;10.400;14.600;17;2;0
2017;970;8;6;4;5.000;22.000;2.000;65.000;6.636;7.000;11.000;3.800;17;2;0
2017;970;13;3;6;8.000;8.000;6.000;8.000;8.923;11.500;9.800;12.600;17;2;0
2017;970;20;6;2;1.000;43.000;2.000;65.000;4.100;6.926;3.600;3.800;17;2;1
2017;970;154;210;19;14.000;0.000;7.000;4.000;12.400;16.500;16.600;15.000;17;2;0
2017;970;807;4;7;13.000;0.000;8.000;0.000;13.500;8.556;10.800;17.600;17;2;0
2017;970;815;10;8;9.000;8.000;5.000;10.000;11.667;14.167;7.400;7.200;17;2;0
2017;970;817;9;5;6.000;12.000;3.000;37.000;8.200;7.333;7.200;6.800;17;2;0
2017;970;822;131;3;4.000;23.000;1.000;66.000;9.000;5.867;11.800;1.800;17;2;0
2017;970;825;210;12;10.000;4.000;7.000;4.000;15.000;14.667;16.000;13.800;17;2;0
2017;970;826;5;9;11.000;2.000;4.000;12.000;10.667;12.182;14.000;12.000;17;2;0
2017;970;828;15;14;18.000;0.000;9.000;0.000;15.333;13.611;15.800;14.000;17;2;0
2017;970;830;9;16;3.000;25.000;3.000;37.000;12.500;7.200;7.200;7.000;17;2;1
2017;970;832;5;11;7.000;10.000;4.000;12.000;11.000;12.391;10.800;14.200;17;2;0
2017;970;835;4;20;17.000;0.000;8.000;0.000;20.000;8.737;16.400;16.200;17;2;0
2017;971;1;131;2;2.000;61.000;2.000;99.000;4.444;4.250;1.200;2.800;3;3;1
2017;971;4;1;15;19.000;0.000;10.000;0.000;6.091;10.125;12.600;16.200;3;3;0
2017;971;8;6;5;4.000;34.000;1.000;102.000;5.000;6.583;8.200;3.000;3;3;0
2017;971;13;3;8;7.000;16.000;5.000;16.000;7.917;11.125;11.200;15.400;3;3;0
2017;971;20;6;3;1.000;68.000;1.000;102.000;7.750;6.480;3.200;3.200;3;3;1
2017;971;154;210;9;10.000;4.000;7.000;8.000;6.000;12.000;16.800;13.200;3;3;0
2017;971;807;4;7;13.000;2.000;8.000;2.000;11.833;11.312;8.800;14.400;3;3;0
2017;971;815;10;18;8.000;14.000;4.000;17.000;8.800;11.125;7.600;8.800;3;3;0
2017;971;817;9;4;6.000;22.000;3.000;47.000;9.000;8.182;7.400;6.600;3;3;0
2017;971;822;131;1;3.000;38.000;2.000;99.000;8.750;4.077;9.800;2.800;3;3;1
2017;971;825;210;20;11.000;4.000;7.000;8.000;14.500;10.667;15.200;12.400;3;3;0
2017;971;826;5;11;14.000;2.000;6.000;12.000;9.000;16.100;15.200;11.800;3;3;0
2017;971;828;15;19;20.000;0.000;9.000;0.000;15.333;14.250;16.000;16.000;3;3;0
2017;971;830;9;6;5.000;25.000;3.000;47.000;12.000;8.043;3.800;6.800;3;3;0
2017;971;832;5;16;9.000;10.000;6.000;12.000;18.500;15.905;11.000;10.600;3;3;0
2017;971;835;4;10;17.000;0.000;8.000;2.000;20.000;11.176;16.400;12.800;3;3;0
2017;971;836;15;13;15.000;0.000;9.000;0.000;13.000;14.294;18.000;15.800;3;3;0
2017;971;838;1;17;18.000;0.000;10.000;0.000;10.000;10.280;13.667;15.000;3;3;0
2017;972;1;131;4;2.000;73.000;1.000;136.000;1.333;4.167;1.400;3.000;71;4;0
2017;972;4;1;15;20.000;0.000;10.000;0.000;7.667;7.500;12.800;16.200;71;4;0
2017;972;8;6;2;4.000;49.000;2.000;135.000;6.667;8.000;7.800;2.600;71;4;1
2017;972;13;3;6;8.000;18.000;5.000;18.000;6.667;6.500;10.600;14.600;71;4;0
2017;972;20;6;1;1.000;86.000;2.000;135.000;10.000;7.286;2.400;3.000;71;4;1
2017;972;154;210;19;12.000;4.000;7.000;8.000;14.000;12.500;14.400;12.200;71;4;0
2017;972;807;4;8;11.000;6.000;8.000;6.000;17.333;10.000;9.200;13.200;71;4;0
2017;972;815;10;9;7.000;22.000;4.000;31.000;7.333;12.333;7.000;9.200;71;4;0
2017;972;817;9;5;6.000;22.000;3.000;57.000;11.000;10.167;7.800;7.000;71;4;0
2017;972;822;131;3;3.000;63.000;1.000;136.000;6.333;4.143;8.800;3.200;71;4;1
2017;972;825;210;13;13.000;4.000;7.000;8.000;6.000;14.667;15.600;13.000;71;4;0
2017;972;826;5;12;14.000;2.000;6.000;13.000;11.333;14.000;14.000;12.000;71;4;0
2017;972;828;15;18;21.000;0.000;9.000;0.000;17.667;14.500;16.800;14.400;71;4;0
2017;972;830;9;7;5.000;35.000;3.000;57.000;14.500;11.143;6.600;9.400;71;4;0
2017;972;832;5;14;9.000;11.000;6.000;13.000;14.000;13.714;11.000;12.800;71;4;0
2017;972;835;4;16;18.000;0.000;8.000;6.000;13.000;9.333;16.200;11.000;71;4;0
2017;972;836;15;17;15.000;0.000;9.000;0.000;18.000;14.571;15.800;15.000;71;4;0
2017;973;1;131;1;2.000;98.000;1.000;161.000;7.400;9.143;2.000;3.200;4;5;1
2017;973;4;1;7;18.000;0.000;10.000;0.000;6.667;9.173;14.800;17.200;4;5;0
2017;973;8;6;4;4.000;49.000;2.000;153.000;8.357;6.981;4.400;2.400;4;5;0
2017;973;13;3;9;9.000;18.000;6.000;18.000;7.929;9.462;8.800;12.600;4;5;0
2017;973;20;6;2;1.000;104.000;2.000;153.000;5.556;7.226;1.800;6.000;4;5;1
2017;973;154;210;14;12.000;5.000;8.000;9.000;12.000;14.500;13.800;13.400;4;5;0
2017;973;807;4;13;11.000;14.000;7.000;14.000;14.333;8.773;9.400;12.200;4;5;0
2017;973;815;10;8;7.000;34.000;4.000;53.000;11.167;12.778;7.400;8.000;4;5;0
2017;973;817;9;6;5.000;37.000;3.000;72.000;7.400;6.958;9.600;9.600;4;5;1
2017;973;822;131;3;3.000;63.000;1.000;161.000;7.500;8.600;6.800;2.200;4;5;0
2017;973;825;210;11;14.000;4.000;8.000;9.000;13.000;13.000;15.400;13.800;4;5;0
2017;973;826;5;19;15.000;4.000;5.000;21.000;11.333;15.182;13.800;11.400;4;5;0
2017;973;828;15;16;16.000;0.000;9.000;4.000;15.333;11.923;15.600;15.200;4;5;0
2017;973;830;9;5;6.000;35.000;3.000;72.000;6.000;6.800;7.000;9.600;4;5;0
2017;973;832;5;12;10.000;17.000;5.000;21.000;7.500;14.913;11.800;11.800;4;5;0
2017;973;835;4;17;20.000;0.000;7.000;14.000;13.000;8.652;16.000;10.800;4;5;0
2017;973;836;15;15;13.000;4.000;9.000;4.000;16.000;11.900;15.600;13.600;4;5;0
2017;974;1;131;13;2.000;104.000;2.000;179.000;4.100;8.722;2.000;5.200;6;6;0
2017;974;8;6;1;4.000;67.000;1.000;196.000;10.214;7.594;7.200;5.600;6;6;1
2017;974;13;3;14;9.000;20.000;6.000;20.000;9.357;10.756;9.600;13.200;6;6;0
2017;974;18;1;20;22.000;0.000;10.000;0.000;10.688;9.670;15.000;16.800;6;6;0
2017;974;20;6;2;1.000;129.000;1.000;196.000;6.444;7.556;1.600;5.800;6;6;1
2017;974;154;210;8;12.000;9.000;8.000;14.000;14.800;12.000;13.600;15.000;6;6;0
2017;974;807;4;10;11.000;14.000;7.000;14.000;10.833;11.243;9.200;12.000;6;6;0
2017;974;815;10;7;7.000;34.000;4.000;53.000;13.667;9.667;6.600;6.400;6;6;0
2017;974;817;9;5;5.000;52.000;3.000;97.000;9.000;8.500;9.200;12.400;6;6;1
2017;974;822;131;3;3.000;75.000;2.000;179.000;13.500;8.632;6.000;6.000;6;6;0
2017;974;825;210;11;13.000;5.000;8.000;14.000;14.500;10.667;13.800;12.800;6;6;0
2017;974;826;5;9;15.000;4.000;5.000;29.000;14.333;13.864;11.800;10.800;6;6;0
2017;974;828;15;19;17.000;0.000;9.000;4.000;13.333;13.575;14.800;12.200;6;6;0
2017;974;830;9;4;6.000;45.000;3.000;97.000;18.000;8.280;10.000;9.400;6;6;0
2017;974;832;5;6;8.000;25.000;5.000;29.000;9.000;13.870;9.600;10.400;6;6;0
2017;974;835;4;16;16.000;0.000;7.000;14.000;20.000;11.474;15.600;13.400;6;6;0
2017;974;836;15;18;14.000;4.000;9.000;4.000;14.000;13.659;12.800;13.400;6;6;0
2017;975;1;131;1;2.000;129.000;1.000;222.000;7.556;6.857;3.000;6.000;7;7;1
2017;975;4;1;12;19.000;0.000;10.000;0.000;10.429;10.122;15.200;15.600;7;7;0
2017;975;8;6;4;4.000;73.000;2.000;214.000;6.385;8.288;6.800;5.400;7;7;0
2017;975;13;3;7;10.000;20.000;6.000;22.000;10.154;10.720;10.200;12.800;7;7;0
2017;975;20;6;2;1.000;141.000;2.000;214.000;3.625;8.270;1.600;6.400;7;7;0
2017;975;154;210;14;12.000;10.000;8.000;15.000;10.800;13.500;11.200;11.000;7;7;0
2017;975;807;4;10;11.000;18.000;7.000;18.000;11.167;13.412;11.000;14.000;7;7;0
2017;975;815;10;8;7.000;44.000;4.000;71.000;9.200;11.562;7.800;8.200;7;7;0
2017;975;817;9;6;5.000;67.000;3.000;112.000;10.000;6.409;6.400;7.000;7;7;1
2017;975;822;131;3;3.000;93.000;1.000;222.000;6.750;6.467;6.200;6.000;7;7;1
2017;975;825;210;18;13.000;5.000;8.000;15.000;12.500;12.333;12.800;10.400;7;7;0
2017;975;826;5;11;15.000;4.000;5.000;29.000;12.333;11.850;12.800;9.200;7;7;0
2017;975;828;15;19;18.000;0.000;9.000;4.000;16.333;13.650;14.600;14.200;7;7;0
2017;975;830;9;5;6.000;45.000;3.000;112.000;9.500;6.261;10.000;6.600;7;7;0
2017;975;832;5;13;9.000;25.000;5.000;29.000;10.500;12.095;9.200;10.600;7;7;0
2017;975;835;4;15;17.000;0.000;7.000;18.000;20.000;13.257;14.000;12.000;7;7;0
2017;975;836;15;20;14.000;4.000;9.000;4.000;17.000;13.634;13.600;13.600;7;7;0
2017;976;1;131;1;2.000;139.000;1.000;250.000;5.000;3.000;3.000;6.200;73;8;0
2017;976;4;1;19;17.000;2.000;10.000;2.000;19.000;15.000;15.600;16.400;73;8;0
2017;976;8;6;3;5.000;73.000;2.000;226.000;4.000;3.000;7.200;3.200;73;8;0
2017;976;13;3;9;10.000;20.000;5.000;37.000;10.000;8.000;11.200;13.600;73;8;0
2017;976;20;6;4;1.000;153.000;2.000;226.000;2.000;6.667;2.000;5.600;73;8;0
2017;976;154;210;16;14.000;10.000;7.000;21.000;13.000;14.500;11.000;10.800;73;8;0
2017;976;807;4;13;11.000;18.000;8.000;18.000;9.000;14.500;10.200;13.000;73;8;0
2017;976;815;10;6;7.000;44.000;4.000;79.000;3.000;6.000;7.000;8.200;73;8;0
2017;976;817;9;10;4.000;92.000;3.000;137.000;7.000;7.500;6.200;9.600;73;8;1
2017;976;822;131;2;3.000;111.000;1.000;250.000;6.000;3.667;5.400;3.800;73;8;1
2017;976;825;210;12;13.000;11.000;7.000;21.000;14.000;14.000;13.600;10.600;73;8;0
2017;976;826;5;11;16.000;4.000;6.000;33.000;20.000;20.000;12.800;12.800;73;8;0
2017;976;828;15;17;19.000;0.000;9.000;5.000;17.000;14.500;14.200;14.400;73;8;0
2017;976;830;9;5;6.000;45.000;3.000;137.000;8.000;5.333;13.000;6.000;73;8;0
2017;976;832;5;15;9.000;29.000;6.000;33.000;20.000;20.000;11.800;15.200;73;8;0
2017;976;835;4;20;18.000;0.000;8.000;18.000;15.000;15.333;13.600;13.400;73;8;0
2017;976;836;15;14;15.000;5.000;9.000;5.000;20.000;13.333;13.800;15.000;73;8;0
2017;977;1;131;8;2.000;151.000;1.000;287.000;1.667;1.833;3.600;2.800;70;9;0
2017;977;4;1;12;17.000;2.000;10.000;2.000;14.800;9.383;14.200;13.400;70;9;0
2017;977;8;6;3;5.000;83.000;2.000;254.000;9.667;8.415;9.200;6.000;70;9;0
2017;977;13;3;17;10.000;22.000;5.000;40.000;11.500;10.976;13.200;12.400;70;9;0
2017;977;20;6;2;1.000;171.000;2.000;254.000;15.333;8.352;2.600;6.800;70;9;1
2017;977;154;210;6;13.000;18.000;7.000;29.000;12.000;9.000;12.000;10.400;70;9;0
2017;977;807;4;11;12.000;18.000;8.000;18.000;11.333;11.000;11.800;13.400;70;9;0
2017;977;815;10;7;6.000;50.000;4.000;89.000;10.667;11.000;8.600;8.800;70;9;0
2017;977;817;9;4;4.000;107.000;3.000;152.000;7.667;9.667;5.400;9.000;70;9;1
2017;977;822;131;1;3.000;136.000;1.000;287.000;5.667;2.143;5.200;2.800;70;9;1
2017;977;825;210;15;14.000;11.000;7.000;29.000;10.500;8.000;11.200;9.600;70;9;0
2017;977;826;5;14;16.000;4.000;6.000;33.000;18.667;16.000;14.200;14.000;70;9;0
2017;977;828;15;19;19.000;0.000;9.000;5.000;15.333;12.300;13.400;13.600;70;9;0
2017;977;830;9;5;7.000;45.000;3.000;152.000;5.000;8.714;13.000;8.600;70;9;0
2017;977;832;5;10;9.000;29.000;6.000;33.000;12.000;16.000;10.200;16.000;70;9;0
2017;977;835;4;16;18.000;0.000;8.000;18.000;12.000;11.091;15.000;13.800;70;9;0
2017;977;836;15;20;15.000;5.000;9.000;5.000;10.000;12.429;13.600;12.800;70;9;0
2017;978;1;131;1;2.000;176.000;1.000;330.000;4.100;5.688;3.600;2.800;9;10;1
2017;978;4;1;20;17.000;2.000;10.000;2.000;7.867;9.222;15.200;13.200;9;10;0
2017;978;8;6;2;5.000;98.000;2.000;275.000;6.286;8.956;9.600;5.800;9;10;1
2017;978;13;3;14;11.000;23.000;5.000;41.000;8.643;9.768;13.200;9.400;9;10;0
2017;978;20;6;3;1.000;177.000;2.000;275.000;7.778;8.904;2.600;5.600;9;10;0
2017;978;154;210;10;13.000;18.000;7.000;29.000;14.800;18.000;9.400;11.200;9;10;0
2017;978;807;4;5;10.000;26.000;8.000;26.000;9.000;11.839;12.800;14.400;9;10;0
2017;978;815;10;6;7.000;52.000;4.000;95.000;12.500;11.444;8.800;8.400;9;10;0
2017;978;817;9;19;4.000;117.000;3.000;174.000;10.333;8.125;2.600;12.000;9;10;0
2017;978;822;131;9;3.000;154.000;1.000;330.000;8.250;5.412;5.200;2.600;9;10;1
2017;978;825;210;16;14.000;11.000;7.000;29.000;12.000;16.333;12.200;11.400;9;10;0
2017;978;826;5;12;16.000;4.000;6.000;33.000;8.333;14.682;15.000;16.000;9;10;0
2017;978;828;15;18;19.000;0.000;9.000;5.000;17.000;12.300;13.400;13.000;9;10;0
2017;978;830;9;4;6.000;57.000;3.000;174.000;9.000;8.000;16.000;9.400;9;10;0
2017;978;832;5;13;9.000;29.000;6.000;33.000;11.000;14.696;11.600;15.000;9;10;0
2017;978;835;4;11;18.000;0.000;8.000;26.000;18.000;11.656;13.600;13.400;9;10;0
2017;978;836;15;17;15.000;5.000;9.000;5.000;20.000;12.341;13.200;12.800;9;10;0
2017;979;1;131;4;2.000;188.000;1.000;357.000;4.300;10.143;3.600;2.000;11;11;0
2017;979;4;1;7;15.000;10.000;9.000;11.000;6.800;8.145;14.800;14.400;11;11;0
2017;979;8;6;2;5.000;116.000;2.000;318.000;6.429;8.790;6.200;4.200;11;11;1
2017;979;20;6;1;1.000;202.000;2.000;318.000;7.700;8.683;3.600;3.800;11;11;1
2017;979;154;210;14;13.000;18.000;7.000;29.000;10.200;13.500;10.000;11.200;11;11;0
2017;979;807;4;12;10.000;26.000;8.000;26.000;13.000;11.545;12.800;14.000;11;11;0
2017;979;814;3;19;23.000;0.000;5.000;41.000;12.333;8.177;10.400;9.600;11;11;0
2017;979;815;10;13;7.000;56.000;4.000;101.000;14.500;15.889;9.800;7.600;11;11;0
2017;979;817;9;6;4.000;117.000;3.000;184.000;8.833;7.250;3.000;10.000;11;11;0
2017;979;822;131;3;3.000;169.000;1.000;357.000;12.500;9.733;2.200;2.400;11;11;1
2017;979;825;210;15;14.000;11.000;7.000;29.000;13.500;15.333;11.800;13.600;11;11;0
2017;979;826;5;16;17.000;4.000;6.000;39.000;10.667;14.045;16.200;15.000;11;11;0
2017;979;828;15;20;20.000;0.000;10.000;5.000;17.333;12.875;14.000;14.000;11;11;0
2017;979;830;9;5;6.000;67.000;3.000;184.000;4.500;7.760;13.000;10.400;11;11;0
2017;979;832;5;9;9.000;35.000;6.000;39.000;12.500;13.913;14.000;15.600;11;11;0
2017;979;835;4;10;19.000;0.000;8.000;26.000;12.000;11.783;14.600;13.400;11;11;0
2017;979;836;15;18;16.000;5.000;10.000;5.000;19.000;12.951;15.000;15.200;11;11;0
2017;980;1;131;1;2.000;213.000;1.000;392.000;9.800;5.294;3.000;2.200;13;12;1
2017;980;4;1;10;15.000;10.000;9.000;11.000;10.615;8.377;13.600;11.400;13;12;0
2017;980;8;6;4;5.000;128.000;2.000;348.000;8.417;9.532;6.200;3.000;13;12;0
2017;980;13;3;16;11.000;27.000;5.000;45.000;7.083;9.645;12.600;13.600;13;12;0
2017;980;20;6;2;1.000;220.000;2.000;348.000;7.100;9.488;3.600;3.400;13;12;1
2017;980;154;210;11;12.000;24.000;7.000;35.000;14.333;12.500;12.200;15.000;13;12;0
2017;980;807;4;7;10.000;34.000;8.000;34.000;10.833;12.000;12.200;13.200;13;12;0
2017;980;815;10;8;7.000;56.000;4.000;103.000;11.667;9.500;8.800;8.400;13;12;0
2017;980;817;9;6;4.000;132.000;3.000;199.000;10.167;7.227;6.400;10.800;13;12;1
2017;980;822;131;3;3.000;179.000;1.000;392.000;8.750;5.056;2.000;2.200;13;12;0
2017;980;825;210;12;14.000;11.000;7.000;35.000;15.000;10.667;12.400;12.800;13;12;0
2017;980;826;5;19;17.000;4.000;6.000;40.000;9.000;13.350;15.600;13.800;13;12;0
2017;980;828;15;17;20.000;0.000;10.000;5.000;15.333;12.816;13.800;15.200;13;12;0
2017;980;830;9;5;6.000;67.000;3.000;199.000;9.500;7.043;13.000;7.400;13;12;0
2017;980;832;5;13;9.000;36.000;6.000;40.000;18.500;13.286;14.200;12.800;13;12;0
2017;980;835;4;14;19.000;0.000;8.000;34.000;15.000;11.739;14.800;12.200;13;12;0
2017;980;836;15;18;16.000;5.000;10.000;5.000;20.000;12.897;14.200;15.600;13;12;0
2017;980;839;10;9;8.000;47.000;4.000;103.000;16.000;9.895;7.400;10.200;13;12;0
2017;981;1;131;1;1.000;238.000;1.000;435.000;6.200;6.714;3.000;3.000;14;13;1
2017;981;4;1;19;15.000;10.000;9.000;11.000;8.667;10.268;14.000;11.800;14;13;0
2017;981;8;6;5;5.000;138.000;2.000;373.000;7.143;8.819;5.600;3.200;14;13;0
2017;981;13;3;7;11.000;31.000;5.000;55.000;8.154;9.481;12.400;13.400;14;13;0
2017;981;20;6;6;2.000;235.000;2.000;373.000;6.600;8.799;3.200;2.800;14;13;1
2017;981;154;210;20;13.000;24.000;7.000;35.000;13.800;12.000;11.600;13.200;14;13;0
2017;981;807;4;14;10.000;34.000;8.000;34.000;10.333;11.611;11.800;13.600;14;13;0
2017;981;815;10;10;7.000;58.000;4.000;113.000;8.667;12.889;11.200;10.200;14;13;0
2017;981;817;9;16;4.000;144.000;3.000;212.000;8.833;10.500;6.400;10.200;14;13;0
2017;981;822;131;4;3.000;197.000;1.000;435.000;7.250;6.455;2.600;2.800;14;13;1
2017;981;825;210;9;14.000;11.000;7.000;35.000;13.500;13.000;13.000;13.800;14;13;0
2017;981;826;5;8;17.000;4.000;6.000;40.000;13.333;13.636;14.600;11.800;14;13;0
2017;981;828;15;11;20.000;0.000;10.000;5.000;15.000;12.500;14.400;16.800;14;13;0
2017;981;830;9;13;6.000;68.000;3.000;212.000;9.500;10.240;13.200;10.200;14;13;0
2017;981;832;5;15;9.000;36.000;6.000;40.000;13.000;13.565;12.200;10.400;14;13;0
2017;981;835;4;17;19.000;0.000;8.000;34.000;20.000;11.649;15.200;12.200;14;13;0
2017;981;836;15;12;16.000;5.000;10.000;5.000;20.000;12.634;15.200;17.000;14;13;0
2017;981;839;10;3;8.000;55.000;4.000;113.000;18.000;12.684;8.000;10.400;14;13;0
2017;982;1;131;5;1.000;263.000;1.000;475.000;8.778;9.357;2.200;2.400;15;14;1
2017;982;4;1;8;15.000;10.000;9.000;17.000;4.667;9.944;15.600;15.600;15;14;0
2017;982;8;6;4;5.000;138.000;2.000;373.000;7.000;6.500;3.800;3.000;15;14;0
2017;982;13;3;17;11.000;31.000;5.000;59.000;10.000;11.444;10.200;9.600;15;14;0
2017;982;20;6;1;2.000;235.000;2.000;373.000;2.444;7.211;3.000;6.800;15;14;0
2017;982;154;210;15;13.000;26.000;8.000;37.000;16.000;16.500;12.000;12.200;15;14;0
2017;982;807;4;7;10.000;34.000;7.000;42.000;13.833;11.900;11.000;12.800;15;14;0
2017;982;815;10;12;7.000;68.000;4.000;124.000;8.333;12.778;10.000;10.000;15;14;0
2017;982;817;9;3;4.000;162.000;3.000;230.000;9.500;5.778;7.000;8.200;15;14;1
2017;982;822;131;6;3.000;212.000;1.000;475.000;12.250;8.800;2.600;2.000;15;14;1
2017;982;825;210;16;14.000;11.000;8.000;37.000;10.000;14.000;13.800;11.400;15;14;0
2017;982;826;5;13;19.000;4.000;6.000;52.000;9.667;12.889;13.200;11.000;15;14;0
2017;982;828;15;20;20.000;0.000;10.000;5.000;14.333;14.071;15.800;17.000;15;14;0
2017;982;830;9;2;6.000;68.000;3.000;230.000;7.000;5.579;11.600;7.600;15;14;0
2017;982;832;5;10;9.000;48.000;6.000;52.000;11.500;13.053;13.400;12.800;15;14;0
2017;982;835;4;11;16.000;8.000;7.000;42.000;15.000;12.091;15.200;13.200;15;14;0
2017;982;836;15;19;18.000;5.000;10.000;5.000;16.000;14.133;16.400;17.000;15;14;0
2017;982;839;10;14;8.000;56.000;4.000;124.000;18.000;12.368;8.000;9.200;15;14;0
2017;983;1;131;1;1.000;281.000;1.000;503.000;5.500;7.429;1.600;2.400;2;15;1
2017;983;4;1;10;16.000;10.000;9.000;23.000;7.800;9.000;15.200;14.800;2;15;0
2017;983;8;6;21;5.000;138.000;2.000;385.000;9.929;6.778;6.800;9.600;2;15;0
2017;983;13;3;11;11.000;33.000;5.000;65.000;8.571;11.944;9.200;9.000;2;15;0
2017;983;20;6;20;2.000;247.000;2.000;385.000;8.111;7.135;6.200;13.200;2;15;0
2017;983;154;210;16;13.000;26.000;8.000;37.000;14.600;20.000;12.600;12.600;2;15;0
2017;983;807;4;8;10.000;34.000;7.000;42.000;9.000;8.864;11.200;13.200;2;15;0
2017;983;815;10;9;7.000;76.000;4.000;133.000;12.167;13.222;9.600;7.800;2;15;0
2017;983;817;9;4;4.000;177.000;3.000;270.000;11.400;7.750;6.800;10.800;2;15;1
2017;983;822;131;5;3.000;222.000;1.000;503.000;7.250;7.067;3.000;1.800;2;15;0
2017;983;825;210;17;15.000;11.000;8.000;37.000;14.500;17.667;12.800;12.200;2;15;0
2017;983;828;15;19;20.000;0.000;10.000;5.000;15.000;13.464;15.800;16.200;2;15;0
2017;983;830;9;3;6.000;93.000;3.000;270.000;4.500;7.560;11.400;7.600;2;15;1
2017;983;832;5;14;9.000;48.000;6.000;52.000;9.500;13.091;10.800;11.200;2;15;0
2017;983;835;4;12;17.000;8.000;7.000;42.000;10.000;9.174;14.200;13.800;2;15;0
2017;983;836;15;18;18.000;5.000;10.000;5.000;15.000;13.621;16.000;15.800;2;15;0
2017;983;839;10;6;8.000;57.000;4.000;133.000;16.000;12.842;8.400;7.200;2;15;0
2017;984;1;131;1;1.000;306.000;1.000;540.000;5.375;8.000;1.800;2.600;22;16;1
2017;984;4;1;20;16.000;10.000;9.000;23.000;9.923;7.768;13.800;12.200;22;16;0
2017;984;8;6;10;5.000;148.000;2.000;395.000;6.167;8.804;10.200;13.000;22;16;0
2017;984;13;3;8;11.000;34.000;5.000;66.000;10.273;9.946;9.200;8.600;22;16;0
2017;984;20;6;2;2.000;247.000;2.000;395.000;2.125;8.737;5.600;13.400;22;16;0
2017;984;154;210;13;13.000;28.000;7.000;43.000;11.833;15.500;12.600;11.600;22;16;0
2017;984;807;4;11;10.000;34.000;8.000;42.000;9.167;10.278;13.200;14.200;22;16;0
2017;984;815;10;7;7.000;82.000;4.000;147.000;12.333;11.625;9.000;7.400;22;16;0
2017;984;817;9;3;4.000;192.000;3.000;303.000;11.667;6.650;6.400;7.000;22;16;1
2017;984;822;131;6;3.000;234.000;1.000;540.000;9.500;7.533;3.600;2.400;22;16;0
2017;984;825;210;12;14.000;15.000;7.000;43.000;14.000;13.333;12.800;11.200;22;16;0
2017;984;828;15;16;20.000;0.000;10.000;5.000;15.333;11.875;16.600;15.600;22;16;0
2017;984;830;9;4;6.000;111.000;3.000;303.000;5.500;6.476;10.800;5.600;22;16;1
2017;984;832;5;19;9.000;48.000;6.000;52.000;13.500;13.667;10.800;13.400;22;16;0
2017;984;835;4;18;17.000;8.000;8.000;42.000;12.000;10.632;13.200;13.600;22;16;0
2017;984;836;15;17;18.000;5.000;10.000;5.000;20.000;12.024;16.000;16.000;22;16;0
2017;984;839;10;5;8.000;65.000;4.000;147.000;20.000;11.353;8.800;7.600;22;16;0
2017;985;1;131;1;1.000;331.000;1.000;575.000;1.600;5.100;1.200;3.000;69;17;1
2017;985;4;1;8;16.000;10.000;9.000;23.000;6.000;7.400;14.800;10.000;69;17;0
2017;985;8;6;5;5.000;163.000;2.000;428.000;13.500;8.600;10.800;13.200;69;17;1
2017;985;13;3;10;10.000;36.000;5.000;68.000;9.000;11.200;9.200;10.200;69;17;0
2017;985;20;6;2;2.000;265.000;2.000;428.000;3.400;8.091;9.200;10.200;69;17;1
2017;985;154;210;12;13.000;28.000;8.000;43.000;9.600;15.500;10.600;11.000;69;17;0
2017;985;807;4;18;11.000;34.000;7.000;48.000;13.200;12.500;13.200;13.200;69;17;0
2017;985;815;10;9;7.000;86.000;4.000;159.000;9.600;14.300;8.800;7.800;69;17;0
2017;985;817;9;4;4.000;192.000;3.000;315.000;7.800;8.500;3.000;5.600;69;17;0
2017;985;822;131;3;3.000;244.000;1.000;575.000;12.000;4.727;3.800;2.600;69;17;0
2017;985;825;210;17;14.000;15.000;8.000;43.000;10.000;15.000;11.800;11.200;69;17;0
2017;985;826;5;11;19.000;5.000;6.000;53.000;13.000;11.200;13.200;14.000;69;17;0
2017;985;828;15;13;20.000;0.000;10.000;5.000;14.500;13.000;17.000;16.000;69;17;0
2017;985;830;9;16;6.000;123.000;3.000;315.000;12.000;9.364;10.200;5.400;69;17;0
2017;985;832;4;7;9.000;54.000;7.000;48.000;6.500;15.000;13.400;16.000;69;17;0
2017;985;836;15;14;18.000;5.000;10.000;5.000;17.000;13.182;16.000;16.600;69;17;0
2017;985;839;10;6;8.000;73.000;4.000;159.000;18.000;13.727;8.200;7.400;69;17;0
2017;986;1;131;3;1.000;333.000;1.000;595.000;1.500;1.500;1.200;3.200;32;18;0
2017;986;4;1;18;16.000;11.000;9.000;24.000;16.500;12.000;14.600;12.200;32;18;0
2017;986;8;6;5;5.000;178.000;2.000;455.000;12.500;11.818;10.600;6.600;32;18;1
2017;986;13;3;10;11.000;36.000;5.000;76.000;7.500;7.000;9.400;10.800;32;18;0
2017;986;20;6;1;2.000;277.000;2.000;455.000;11.500;11.559;9.200;6.400;32;18;0
2017;986;154;210;15;13.000;28.000;8.000;47.000;15.000;19.500;12.000;11.800;32;18;0
2017;986;807;4;7;12.000;34.000;7.000;48.000;7.000;15.500;16.000;14.200;32;18;0
2017;986;815;10;9;7.000;92.000;4.000;175.000;9.000;8.000;7.000;7.400;32;18;0
2017;986;817;9;16;4.000;192.000;3.000;340.000;4.000;4.000;6.000;5.600;32;18;0
2017;986;822;131;4;3.000;262.000;1.000;595.000;5.500;3.000;3.800;4.000;32;18;1
2017;986;825;210;14;14.000;19.000;8.000;47.000;17.000;18.000;12.000;12.400;32;18;0
2017;986;828;15;12;20.000;0.000;10.000;5.000;11.500;13.750;16.800;16.800;32;18;0
2017;986;830;9;2;6.000;148.000;3.000;340.000;6.500;7.200;7.200;9.400;32;18;1
2017;986;832;4;8;9.000;54.000;7.000;48.000;14.500;16.667;12.800;15.000;32;18;0
2017;986;836;15;13;18.000;5.000;10.000;5.000;20.000;14.400;15.800;16.800;32;18;0
2017;986;839;10;6;8.000;83.000;4.000;175.000;20.000;7.800;7.600;6.800;32;18;0
2017;987;1;131;20;1.000;345.000;1.000;625.000;7.500;5.714;2.800;4.200;18;19;0
2017;987;4;1;6;15.000;15.000;9.000;28.000;6.600;8.319;13.200;13.000;18;19;0
2017;987;8;6;3;5.000;193.000;2.000;495.000;6.615;6.853;10.200;6.200;18;19;1
2017;987;13;3;9;10.000;42.000;5.000;82.000;8.462;11.098;10.000;10.600;18;19;0
2017;987;20;6;2;2.000;302.000;2.000;495.000;4.900;6.797;9.400;3.000;18;19;1
2017;987;154;210;11;13.000;28.000;8.000;47.000;17.167;19.500;12.000;12.200;18;19;0
2017;987;807;4;7;12.000;35.000;7.000;49.000;7.000;10.962;17.200;14.800;18;19;0
2017;987;815;10;5;7.000;94.000;4.000;177.000;12.333;11.889;6.600;6.400;18;19;0
2017;987;817;9;14;4.000;200.000;3.000;358.000;13.333;8.042;9.200;9.000;18;19;0
2017;987;822;131;1;3.000;280.000;1.000;625.000;11.750;5.600;3.800;4.200;18;19;1
2017;987;825;210;13;14.000;19.000;8.000;47.000;11.500;18.000;11.400;13.600;18;19;0
2017;987;828;15;17;20.000;0.000;10.000;5.000;18.500;13.375;16.600;16.000;18;19;0
2017;987;830;9;4;6.000;158.000;3.000;358.000;6.000;7.960;5.400;9.800;18;19;0
2017;987;832;4;8;9.000;54.000;7.000;49.000;12.500;10.926;13.200;14.400;18;19;0
2017;987;836;15;15;18.000;5.000;10.000;5.000;15.000;13.366;15.400;15.600;18;19;0
2017;987;839;10;10;8.000;83.000;4.000;177.000;12.000;11.737;7.400;7.000;18;19;0
2017;988;1;131;2;1.000;363.000;1.000;668.000;6.750;7.500;3.400;4.400;24;20;1
2017;988;4;1;11;15.000;17.000;9.000;30.000;8.250;10.000;11.400;12.200;24;20;0
2017;988;8;6;5;4.000;205.000;2.000;522.000;9.000;6.812;6.800;2.600;24;20;0
2017;988;13;3;10;11.000;43.000;5.000;83.000;7.000;10.688;9.200;10.200;24;20;0
2017;988;20;6;3;2.000;317.000;2.000;522.000;5.625;6.647;6.000;3.000;24;20;1
2017;988;154;210;16;13.000;28.000;8.000;47.000;12.333;11.500;13.200;14.800;24;20;0
2017;988;807;4;7;10.000;43.000;6.000;57.000;12.333;13.875;16.400;12.600;24;20;0
2017;988;815;10;8;7.000;100.000;4.000;187.000;9.167;10.938;7.400;9.000;24;20;0
2017;988;817;9;4;5.000;200.000;3.000;368.000;10.333;6.438;10.000;7.200;24;20;0
2017;988;822;131;1;3.000;305.000;1.000;668.000;13.000;7.133;3.600;3.800;24;20;1
2017;988;825;210;14;14.000;19.000;8.000;47.000;16.500;11.333;12.800;13.800;24;20;0
2017;988;828;15;19;20.000;0.000;10.000;5.000;14.500;13.214;16.200;15.400;24;20;0
2017;988;830;9;6;6.000;168.000;3.000;368.000;10.000;7.235;2.600;10.400;24;20;0
2017;988;832;4;12;9.000;54.000;6.000;57.000;14.500;13.000;14.600;12.400;24;20;0
2017;988;836;15;18;18.000;5.000;10.000;5.000;14.000;13.467;15.800;15.000;24;20;0
2017;988;839;10;9;8.000;87.000;4.000;187.000;13.000;10.706;9.000;9.200;24;20;0
2018;989;1;131;1;2.000;18.000;2.000;22.000;5.818;8.688;3.400;2.200;1;1;1
2018;989;4;1;10;5.000;10.000;4.000;12.000;6.067;8.523;11.000;12.000;1;1;0
2018;989;8;6;2;3.000;15.000;1.000;40.000;7.667;7.591;3.600;3.000;1;1;1
2018;989;20;6;3;1.000;25.000;1.000;40.000;8.100;7.489;5.800;2.800;1;1;1
2018;989;154;210;6;16.000;0.000;10.000;0.000;14.333;15.250;12.800;13.400;1;1;0
2018;989;807;4;7;7.000;6.000;5.000;7.000;13.857;8.667;14.400;12.400;1;1;0
2018;989;815;10;12;11.000;0.000;6.000;0.000;11.571;10.900;7.600;9.400;1;1;0
2018;989;817;9;8;4.000;12.000;3.000;20.000;12.833;10.885;13.400;7.400;1;1;0
2018;989;822;131;15;8.000;4.000;2.000;22.000;9.600;8.294;2.800;2.200;1;1;0
2018;989;825;210;5;17.000;0.000;10.000;0.000;11.500;15.400;13.000;15.000;1;1;0
2018;989;828;15;17;19.000;0.000;7.000;0.000;15.000;13.000;16.000;14.400;1;1;0
2018;989;830;9;4;6.000;8.000;3.000;20.000;9.333;10.630;3.400;8.000;1;1;0
2018;989;832;4;9;10.000;1.000;5.000;7.000;8.667;8.600;14.600;10.600;1;1;0
2018;989;838;1;11;9.000;2.000;4.000;12.000;13.000;8.444;13.800;10.600;1;1;0
2018;989;839;10;14;12.000;0.000;6.000;0.000;10.000;10.905;8.600;10.600;1;1;0
2018;989;840;3;13;14.000;0.000;8.000;0.000;16.000;10.795;13.400;11.400;1;1;0
2018;990;1;131;9;2.000;33.000;2.000;55.000;4.200;4.000;3.600;3.000;3;2;1
2018;990;4;1;13;4.000;16.000;3.000;22.000;6.750;10.654;9.800;10.800;3;2;0
2018;990;8;6;2;5.000;15.000;1.000;65.000;4.917;6.269;3.200;2.400;3;2;0
2018;990;20;6;1;1.000;50.000;1.000;65.000;7.000;6.704;2.200;5.800;3;2;1
2018;990;154;210;16;17.000;0.000;7.000;10.000;6.333;12.750;14.200;15.400;3;2;0
2018;990;807;4;7;6.000;14.000;5.000;15.000;11.429;11.278;12.400;10.600;3;2;0
2018;990;815;10;12;15.000;0.000;9.000;1.000;8.500;10.833;8.400;11.200;3;2;0
2018;990;817;9;4;8.000;12.000;4.000;20.000;8.333;8.458;13.600;8.000;3;2;0
2018;990;822;131;3;3.000;22.000;2.000;55.000;7.600;3.933;3.600;3.200;3;2;1
2018;990;825;210;6;9.000;10.000;7.000;10.000;16.000;12.800;14.800;14.000;3;2;0
2018;990;828;15;17;12.000;2.000;8.000;2.000;15.250;14.111;16.200;15.400;3;2;0
2018;990;830;9;15;10.000;8.000;4.000;20.000;14.000;8.920;4.200;11.000;3;2;0
2018;990;832;4;10;13.000;1.000;5.000;15.000;17.667;11.000;12.600;9.600;3;2;0
2018;990;838;1;14;11.000;6.000;3.000;22.000;15.000;10.519;12.800;8.400;3;2;0
2018;990;839;10;8;14.000;1.000;9.000;1.000;10.000;11.105;9.800;10.800;3;2;0
2018;990;840;3;20;18.000;0.000;10.000;0.000;17.000;11.154;13.000;15.600;3;2;0
2018;991;1;131;4;2.000;45.000;1.000;85.000;4.091;5.875;4.000;3.200;17;3;0
2018;991;4;1;13;6.000;22.000;4.000;28.000;6.143;8.857;7.800;8.200;17;3;0
2018;991;8;6;2;5.000;30.000;2.000;84.000;6.500;6.750;6.200;5.200;17;3;1
2018;991;20;6;1;1.000;54.000;2.000;84.000;3.909;6.621;2.000;5.200;17;3;0
2018;991;154;210;10;17.000;0.000;7.000;11.000;12.167;13.000;14.000;12.800;17;3;0
2018;991;807;4;7;7.000;22.000;5.000;25.000;13.286;8.950;9.600;10.600;17;3;0
2018;991;815;10;8;15.000;0.000;9.000;1.000;11.286;13.700;10.000;11.400;17;3;0
2018;991;817;9;6;4.000;37.000;3.000;55.000;7.500;7.038;14.000;10.800;17;3;1
2018;991;822;131;3;3.000;40.000;1.000;85.000;8.400;5.765;3.000;3.800;17;3;1
2018;991;825;210;11;10.000;11.000;7.000;11.000;12.667;13.800;12.600;13.600;17;3;0
2018;991;828;15;20;13.000;2.000;8.000;2.000;15.250;13.950;15.000;13.400;17;3;0
2018;991;830;9;5;8.000;18.000;3.000;55.000;9.333;6.815;7.200;10.000;17;3;0
2018;991;832;4;9;12.000;3.000;5.000;25.000;9.667;8.810;13.400;8.000;17;3;0
2018;991;838;1;14;11.000;6.000;4.000;28.000;18.000;8.793;12.000;7.200;17;3;0
2018;991;839;10;12;14.000;1.000;9.000;1.000;10.000;13.619;10.600;12.200;17;3;0
2018;991;840;3;18;18.000;0.000;10.000;0.000;20.000;11.893;13.600;16.200;17;3;0
2018;992;1;131;2;1.000;70.000;2.000;110.000;5.000;3.250;3.000;3.800;73;4;1
2018;992;4;1;12;6.000;28.000;4.000;36.000;14.000;12.750;7.200;8.800;73;4;0
2018;992;8;6;6;3.000;48.000;1.000;114.000;9.000;6.000;6.200;6.200;73;4;1
2018;992;20;6;1;2.000;66.000;1.000;114.000;3.000;5.200;2.800;6.400;73;4;0
2018;992;154;210;20;19.000;0.000;8.000;11.000;13.000;12.250;14.400;12.400;73;4;0
2018;992;807;4;14;7.000;22.000;5.000;35.000;13.000;16.500;7.000;8.400;73;4;0
2018;992;815;10;8;9.000;15.000;6.000;16.000;9.000;8.250;11.000;12.200;73;4;1
2018;992;817;9;4;5.000;37.000;3.000;55.000;4.000;8.500;10.200;10.200;73;4;0
2018;992;822;131;3;4.000;40.000;2.000;110.000;4.000;2.800;3.000;2.400;73;4;0
2018;992;825;210;15;12.000;11.000;8.000;11.000;10.500;12.800;13.000;12.000;73;4;0
2018;992;828;15;18;16.000;2.000;9.000;10.000;14.000;12.500;14.800;13.800;73;4;0
2018;992;830;9;5;8.000;18.000;3.000;55.000;13.000;10.200;8.000;12.400;73;4;0
2018;992;832;4;9;10.000;13.000;5.000;35.000;14.500;16.800;12.000;10.000;73;4;0
2018;992;838;1;16;14.000;8.000;4.000;36.000;12.000;11.600;12.200;8.400;73;4;0
2018;992;839;10;7;17.000;1.000;6.000;16.000;6.000;7.200;11.800;10.400;73;4;0
2018;992;840;3;10;15.000;4.000;10.000;4.000;3.000;8.750;15.200;15.600;73;4;0
2018;993;1;131;1;1.000;95.000;1.000;153.000;6.818;9.125;2.400;4.600;4;5;1
2018;993;4;1;8;7.000;32.000;5.000;40.000;7.000;9.389;7.000;8.800;4;5;0
2018;993;8;6;4;4.000;48.000;2.000;126.000;9.133;7.130;6.000;3.600;4;5;0
2018;993;20;6;3;2.000;78.000;2.000;126.000;5.200;7.309;3.400;6.800;4;5;0
2018;993;154;210;10;19.000;0.000;6.000;19.000;11.667;13.250;14.400;12.000;4;5;0
2018;993;807;4;16;8.000;22.000;4.000;41.000;13.143;8.917;8.600;9.800;4;5;0
2018;993;815;10;15;11.000;17.000;7.000;18.000;10.143;11.950;9.800;11.000;4;5;0
2018;993;817;9;6;5.000;47.000;3.000;80.000;6.667;7.269;12.400;11.600;4;5;0
2018;993;822;131;2;3.000;58.000;1.000;153.000;9.400;8.647;5.400;4.400;4;5;1
2018;993;825;210;7;9.000;19.000;6.000;19.000;13.333;14.200;11.600;14.600;4;5;0
2018;993;828;15;17;16.000;2.000;9.000;11.000;14.250;11.805;14.400;12.800;4;5;0
2018;993;830;9;5;6.000;33.000;3.000;80.000;10.333;7.185;10.200;8.800;4;5;1
2018;993;832;4;9;10.000;19.000;4.000;41.000;7.333;9.360;10.800;11.600;4;5;0
2018;993;838;1;11;14.000;8.000;5.000;40.000;18.000;9.364;10.200;8.800;4;5;0
2018;993;839;10;13;17.000;1.000;7.000;18.000;5.000;11.810;12.000;10.800;4;5;0
2018;993;840;3;18;15.000;4.000;10.000;4.000;16.000;9.648;13.600;14.400;4;5;0
2018;994;1;131;3;1.000;110.000;1.000;178.000;4.364;8.400;2.200;4.000;6;6;1
2018;994;4;1;7;7.000;32.000;5.000;40.000;6.600;9.823;6.800;10.400;6;6;0
2018;994;8;6;4;5.000;60.000;2.000;156.000;9.667;7.510;8.600;7.000;6;6;0
2018;994;20;6;2;2.000;96.000;2.000;156.000;5.900;7.486;3.600;6.200;6;6;1
2018;994;154;210;18;19.000;0.000;8.000;19.000;13.667;10.500;15.800;12.400;6;6;0
2018;994;807;4;11;8.000;26.000;4.000;46.000;12.143;11.462;11.400;11.800;6;6;0
2018;994;815;10;9;12.000;17.000;6.000;26.000;13.571;9.950;10.200;11.600;6;6;0
2018;994;817;9;1;3.000;72.000;3.000;107.000;8.000;8.154;9.400;9.200;6;6;1
2018;994;822;131;5;4.000;68.000;1.000;178.000;11.600;8.143;5.600;4.200;6;6;0
2018;994;825;210;19;10.000;19.000;8.000;19.000;13.000;11.400;10.200;13.400;6;6;0
2018;994;828;15;16;17.000;2.000;9.000;11.000;14.250;13.786;13.600;11.800;6;6;0
2018;994;830;9;20;6.000;35.000;3.000;107.000;13.667;7.889;9.800;8.400;6;6;0
2018;994;832;4;8;9.000;20.000;4.000;46.000;8.000;11.375;8.400;11.600;6;6;0
2018;994;838;1;12;15.000;8.000;5.000;40.000;16.000;9.928;10.800;11.800;6;6;0
2018;994;839;10;6;13.000;9.000;6.000;26.000;12.000;10.048;13.600;11.800;6;6;0
2018;994;840;3;17;16.000;4.000;10.000;4.000;15.000;10.787;12.200;13.600;6;6;0
2018;995;1;131;4;2.000;120.000;1.000;206.000;6.900;6.188;2.400;5.000;7;7;0
2018;995;4;1;14;7.000;32.000;5.000;40.000;10.800;10.250;9.800;13.200;7;7;0
2018;995;8;6;5;5.000;68.000;2.000;189.000;6.429;8.213;8.800;6.200;7;7;0
2018;995;20;6;1;1.000;121.000;2.000;189.000;3.667;8.184;3.800;6.600;7;7;1
2018;995;154;210;20;19.000;0.000;8.000;19.000;10.667;12.250;15.600;13.000;7;7;0
2018;995;807;4;7;8.000;32.000;4.000;56.000;10.714;13.194;11.600;10.000;7;7;0
2018;995;815;10;10;12.000;17.000;6.000;28.000;8.500;10.889;10.400;12.400;7;7;0
2018;995;817;9;6;4.000;84.000;3.000;134.000;8.833;6.750;8.800;6.800;7;7;0
2018;995;822;131;2;3.000;86.000;1.000;206.000;5.800;6.118;5.000;3.200;7;7;1
2018;995;825;210;11;10.000;19.000;8.000;19.000;12.333;12.200;9.400;12.800;7;7;0
2018;995;828;15;19;17.000;2.000;9.000;12.000;15.500;13.667;12.000;11.600;7;7;0
2018;995;830;9;3;6.000;50.000;3.000;134.000;12.333;6.640;10.400;4.400;7;7;1
2018;995;832;4;9;9.000;24.000;4.000;56.000;13.667;13.027;8.400;10.400;7;7;0
2018;995;838;1;15;15.000;8.000;5.000;40.000;14.000;10.351;11.800;15.000;7;7;0
2018;995;839;10;8;13.000;11.000;6.000;28.000;6.000;11.053;12.400;11.400;7;7;0
2018;995;840;3;17;16.000;4.000;10.000;4.000;9.000;10.805;12.800;15.600;7;7;0
2018;997;1;131;2;2.000;145.000;2.000;237.000;2.250;2.000;2.200;4.000;70;9;0
2018;997;4;1;13;8.000;36.000;6.000;44.000;15.500;9.581;13.800;15.200;70;9;0
2018;997;8;6;3;3.000;101.000;1.000;247.000;9.000;8.236;6.400;3.400;70;9;1
2018;997;20;6;6;1.000;146.000;1.000;247.000;12.000;8.125;3.200;3.400;70;9;1
2018;997;154;210;5;15.000;12.000;5.000;49.000;10.500;10.500;14.200;11.000;70;9;0
2018;997;807;4;10;9.000;34.000;4.000;62.000;11.750;11.087;12.400;8.400;70;9;0
2018;997;815;10;16;11.000;23.000;7.000;42.000;9.750;10.125;11.200;13.200;70;9;0
2018;997;817;9;7;4.000;96.000;3.000;189.000;6.500;10.125;6.200;4.400;70;9;0
2018;997;822;131;1;6.000;92.000;2.000;237.000;4.500;3.556;6.000;6.200;70;9;0
2018;997;825;210;8;7.000;37.000;5.000;49.000;13.000;9.200;10.200;9.200;70;9;0
2018;997;828;15;20;18.000;3.000;9.000;16.000;15.250;12.500;12.600;13.200;70;9;0
2018;997;830;9;4;5.000;93.000;3.000;189.000;10.000;11.000;6.600;6.200;70;9;1
2018;997;832;4;9;10.000;28.000;4.000;62.000;13.667;11.458;7.600;10.400;70;9;0
2018;997;838;1;15;16.000;8.000;6.000;44.000;12.000;9.556;13.200;14.000;70;9;0
2018;997;839;10;11;12.000;19.000;7.000;42.000;8.000;9.778;13.800;13.400;70;9;0
2018;997;840;3;14;17.000;4.000;10.000;4.000;10.000;10.909;14.600;17.000;70;9;0
2018;998;1;131;1;2.000;163.000;2.000;267.000;3.818;5.222;5.200;9.000;9;10;1
2018;998;4;1;13;8.000;40.000;7.000;48.000;8.500;9.349;14.000;13.400;9;10;0
2018;998;8;6;3;3.000;116.000;1.000;287.000;6.067;8.888;6.400;2.800;9;10;1
2018;998;20;6;2;1.000;171.000;1.000;287.000;7.700;8.838;3.000;3.200;9;10;1
2018;998;154;210;8;15.000;12.000;5.000;51.000;14.500;15.250;12.000;7.800;9;10;0
2018;998;807;4;11;7.000;42.000;4.000;70.000;8.571;11.909;12.800;11.400;9;10;0
2018;998;815;10;12;12.000;24.000;6.000;49.000;12.000;11.150;12.000;11.800;9;10;0
2018;998;817;9;6;4.000;106.000;3.000;199.000;9.571;7.846;6.400;5.600;9;10;0
2018;998;822;131;4;5.000;104.000;2.000;267.000;7.000;5.053;7.000;9.000;9;10;0
2018;998;825;210;7;9.000;39.000;5.000;51.000;12.000;15.400;8.600;8.400;9;10;0
2018;998;828;15;15;18.000;3.000;9.000;16.000;16.250;12.452;12.400;10.400;9;10;0
2018;998;830;9;5;6.000;93.000;3.000;199.000;7.333;7.741;3.600;6.000;9;10;0
2018;998;832;4;16;10.000;28.000;4.000;70.000;13.667;11.735;9.000;11.000;9;10;0
2018;998;838;1;17;16.000;8.000;7.000;48.000;11.000;9.333;14.400;11.800;9;10;0
2018;998;839;10;10;11.000;25.000;6.000;49.000;8.000;11.095;11.200;12.000;9;10;0
2018;998;840;3;19;17.000;4.000;10.000;4.000;16.000;9.859;15.800;15.200;9;10;0
2018;999;1;131;14;1.000;188.000;1.000;310.000;6.600;5.375;5.400;9.600;10;11;1
2018;999;4;1;11;8.000;40.000;7.000;48.000;5.300;9.671;14.000;10.800;10;11;0
2018;999;8;6;3;3.000;131.000;2.000;302.000;11.600;8.743;3.600;2.800;10;11;1
2018;999;20;6;1;2.000;171.000;2.000;302.000;5.000;8.662;2.400;2.400;10;11;0
2018;999;154;210;6;13.000;20.000;6.000;59.000;17.333;12.000;11.600;8.000;10;11;0
2018;999;807;4;7;7.000;52.000;4.000;80.000;9.000;10.207;10.000;12.600;10;11;0
2018;999;815;10;10;10.000;30.000;5.000;59.000;8.667;11.800;12.200;9.800;10;11;0
2018;999;817;9;20;5.000;106.000;3.000;211.000;7.000;7.429;6.400;8.200;10;11;0
2018;999;822;131;2;4.000;122.000;1.000;310.000;5.500;4.889;7.400;8.400;10;11;1
2018;999;825;210;5;9.000;39.000;6.000;59.000;12.500;10.000;9.200;8.000;10;11;0
2018;999;828;15;13;17.000;5.000;9.000;18.000;18.000;13.118;13.400;13.200;10;11;0
2018;999;830;9;4;6.000;105.000;3.000;211.000;3.000;8.267;6.000;11.800;10;11;0
2018;999;832;4;8;12.000;28.000;4.000;80.000;14.000;10.033;11.000;12.000;10;11;0
2018;1000;1;131;1;1.000;213.000;1.000;345.000;4.273;9.312;5.000;5.600;11;12;1
2018;1000;4;1;11;9.000;44.000;7.000;52.000;6.750;8.141;13.200;12.600;11;12;0
2018;1000;8;6;3;3.000;146.000;2.000;335.000;6.133;8.562;3.400;5.600;11;12;1
2018;1000;20;6;4;2.000;189.000;2.000;335.000;7.091;8.477;5.600;5.600;11;12;1
2018;1000;154;210;10;14.000;21.000;5.000;66.000;11.667;14.750;9.800;9.400;11;12;0
2018;1000;807;4;13;7.000;52.000;4.000;82.000;13.571;11.792;9.400;10.400;11;12;0
2018;1000;815;10;19;10.000;30.000;6.000;59.000;13.571;15.150;11.200;7.600;11;12;0
2018;1000;817;9;12;5.000;118.000;3.000;223.000;10.429;7.654;10.200;9.000;11;12;0
2018;1000;822;131;2;4.000;132.000;1.000;345.000;10.600;8.824;6.800;2.000;11;12;0
2018;1000;825;210;9;8.000;45.000;5.000;66.000;13.333;13.800;8.800;10.400;11;12;0
2018;1000;828;15;14;17.000;5.000;9.000;18.000;17.000;13.000;13.000;14.000;11;12;0
2018;1000;830;9;7;6.000;105.000;3.000;223.000;4.667;7.519;5.000;9.600;11;12;0
2018;1000;832;4;5;11.000;30.000;4.000;82.000;10.667;11.800;11.400;10.400;11;12;0
2018;1000;838;1;16;16.000;8.000;7.000;52.000;10.000;8.138;13.400;11.200;11;12;0
2018;1000;839;10;18;12.000;29.000;6.000;59.000;9.000;15.095;9.800;9.200;11;12;0
2018;1000;840;3;15;18.000;4.000;10.000;4.000;14.000;8.422;16.000;15.000;11;12;0
2018;1001;1;131;1;1.000;231.000;1.000;375.000;9.000;5.053;4.200;2.600;13;13;1
2018;1001;4;1;15;9.000;44.000;6.000;52.000;11.143;8.619;11.200;13.200;13;13;0
2018;1001;8;6;6;3.000;146.000;2.000;360.000;8.077;9.429;2.800;5.400;13;13;0
2018;1001;20;6;2;2.000;214.000;2.000;360.000;6.636;9.488;5.800;8.600;13;13;1
2018;1001;154;210;5;14.000;27.000;5.000;76.000;13.286;11.750;9.400;8.600;13;13;0
2018;1001;807;4;20;7.000;52.000;4.000;82.000;10.143;11.792;10.400;11.000;13;13;0
2018;1001;815;10;4;10.000;40.000;9.000;18.000;12.429;9.850;11.200;9.800;13;13;0
2018;1001;817;9;8;6.000;118.000;3.000;238.000;9.143;7.542;10.200;12.400;13;13;0
2018;1001;822;131;19;4.000;144.000;1.000;375.000;8.000;4.900;7.400;2.200;13;13;0
2018;1001;825;210;9;8.000;49.000;5.000;76.000;15.000;10.800;7.600;8.200;13;13;0
2018;1001;828;15;13;17.000;6.000;8.000;19.000;15.500;13.075;13.000;15.600;13;13;0
2018;1001;830;9;7;5.000;120.000;3.000;238.000;12.667;7.880;8.200;12.600;13;13;1
2018;1001;832;4;14;12.000;30.000;4.000;82.000;15.667;12.120;11.600;11.600;13;13;0
2018;1001;838;1;18;16.000;8.000;6.000;52.000;14.000;8.781;13.800;14.800;13;13;0
2018;1001;839;10;3;11.000;37.000;9.000;18.000;12.500;9.619;10.600;9.400;13;13;0
2018;1001;840;3;17;18.000;4.000;10.000;4.000;11.000;9.641;15.400;16.600;13;13;0
2018;1002;1;131;3;1.000;256.000;1.000;415.000;5.727;6.261;4.400;2.800;14;14;1
2018;1002;4;1;13;11.000;44.000;6.000;52.000;9.188;10.424;11.800;14.600;14;14;0
2018;1002;8;6;1;3.000;164.000;2.000;390.000;7.000;8.768;5.600;8.200;14;14;1
2018;1002;20;6;2;2.000;226.000;2.000;390.000;6.273;8.733;5.000;5.000;14;14;0
2018;1002;154;210;6;14.000;27.000;5.000;76.000;14.000;12.500;8.600;8.600;14;14;0
2018;1002;807;4;20;7.000;52.000;4.000;86.000;10.714;11.868;12.600;12.800;14;14;0
2018;1002;815;10;14;9.000;46.000;7.000;32.000;8.714;12.350;8.600;9.200;14;14;0
2018;1002;817;9;19;6.000;118.000;3.000;248.000;8.143;10.231;12.600;9.200;14;14;0
2018;1002;822;131;4;4.000;159.000;1.000;415.000;6.200;6.042;6.800;2.600;14;14;1
2018;1002;825;210;11;8.000;49.000;5.000;76.000;12.667;14.000;8.000;10.400;14;14;0
2018;1002;828;15;18;18.000;6.000;9.000;19.000;15.750;12.714;12.400;15.600;14;14;0
2018;1002;830;9;5;5.000;130.000;3.000;248.000;9.667;10.481;8.400;11.800;14;14;0
2018;1002;832;4;7;12.000;34.000;4.000;86.000;13.333;11.897;12.200;13.000;14;14;0
2018;1002;838;1;17;16.000;8.000;6.000;52.000;19.000;10.500;14.400;15.600;14;14;0
2018;1002;839;10;8;10.000;45.000;7.000;32.000;12.000;12.095;8.000;9.000;14;14;0
2018;1002;840;3;10;17.000;6.000;10.000;7.000;7.000;9.430;14.600;15.400;14;14;0
2018;1003;1;131;1;1.000;281.000;1.000;452.000;8.000;8.438;1.400;3.000;15;15;1
2018;1003;4;1;11;8.000;50.000;6.000;58.000;5.900;10.150;13.800;16.400;15;15;0
2018;1003;8;6;5;3.000;174.000;2.000;415.000;8.625;7.750;5.600;5.200;15;15;0
2018;1003;20;6;3;2.000;241.000;2.000;415.000;4.000;7.619;5.200;5.800;15;15;1
2018;1003;154;210;8;14.000;27.000;5.000;76.000;15.000;13.750;11.800;11.600;15;15;0
2018;1003;807;4;10;7.000;53.000;4.000;91.000;13.857;11.583;11.200;12.200;15;15;0
2018;1003;815;10;7;10.000;46.000;7.000;32.000;7.857;12.250;8.600;7.400;15;15;0
2018;1003;817;9;6;6.000;126.000;3.000;274.000;8.429;6.250;12.400;12.000;15;15;0
2018;1003;822;131;4;4.000;171.000;1.000;452.000;10.400;8.000;3.600;2.200;15;15;0
2018;1003;825;210;16;9.000;49.000;5.000;76.000;11.000;14.000;10.200;13.200;15;15;0
2018;1003;828;15;14;18.000;6.000;9.000;21.000;14.500;14.000;13.400;14.800;15;15;0
2018;1003;830;9;2;5.000;148.000;3.000;274.000;11.000;6.238;9.200;9.400;15;15;1
2018;1003;832;4;12;12.000;38.000;4.000;91.000;9.000;11.462;11.400;12.400;15;15;0
2018;1003;838;1;18;16.000;8.000;6.000;58.000;7.000;10.000;13.800;14.200;15;15;0
2018;1003;839;10;9;11.000;45.000;7.000;32.000;14.000;12.429;8.000;8.000;15;15;0
2018;1003;840;3;20;17.000;6.000;10.000;7.000;8.000;11.250;13.600;12.000;15;15;0
2018;1004;1;131;2;1.000;306.000;1.000;495.000;2.000;3.750;1.200;2.600;71;16;1
2018;1004;4;1;16;9.000;50.000;6.000;58.000;10.750;9.875;13.600;12.800;71;16;0
2018;1004;8;6;4;4.000;186.000;2.000;442.000;5.750;6.625;6.000;3.000;71;16;0
2018;1004;20;6;3;2.000;256.000;2.000;442.000;8.000;6.333;5.600;3.600;71;16;1
2018;1004;154;210;9;14.000;27.000;5.000;80.000;15.250;14.250;11.600;15.400;71;16;0
2018;1004;807;4;12;8.000;53.000;4.000;91.000;15.000;11.500;12.000;10.000;71;16;0
2018;1004;815;10;8;10.000;47.000;7.000;35.000;7.000;10.875;9.800;11.000;71;16;0
2018;1004;817;9;18;6.000;134.000;3.000;292.000;12.500;10.375;12.600;6.600;71;16;0
2018;1004;822;131;1;3.000;189.000;1.000;495.000;5.000;3.444;3.600;2.000;71;16;1
2018;1004;825;210;5;7.000;53.000;5.000;80.000;8.333;13.600;12.000;16.000;71;16;0
2018;1004;828;15;10;18.000;6.000;9.000;27.000;17.000;14.750;12.000;12.800;71;16;0
2018;1004;830;9;19;5.000;158.000;3.000;292.000;11.333;9.889;6.600;7.200;71;16;0
2018;1004;832;4;11;12.000;38.000;4.000;91.000;12.667;11.600;9.600;10.200;71;16;0
2018;1004;838;1;15;16.000;8.000;6.000;58.000;14.000;10.333;14.000;12.600;71;16;0
2018;1004;839;10;6;11.000;47.000;7.000;35.000;7.000;10.778;10.600;11.800;71;16;0
2018;1004;840;3;14;17.000;6.000;10.000;7.000;11.000;7.375;14.000;12.800;71;16;0
2018;1005;1;131;1;1.000;331.000;1.000;538.000;4.889;7.312;1.200;2.200;22;17;1
2018;1005;4;1;18;10.000;50.000;6.000;58.000;10.000;7.931;13.200;12.200;22;17;0
2018;1005;8;6;4;4.000;196.000;2.000;460.000;6.077;8.914;6.200;3.800;22;17;0
2018;1005;20;6;8;2.000;264.000;2.000;460.000;4.000;8.847;2.600;4.000;22;17;0
2018;1005;154;210;5;13.000;31.000;5.000;84.000;11.429;12.000;12.600;13.600;22;17;0
2018;1005;807;4;16;9.000;53.000;4.000;92.000;10.286;10.700;13.400;11.000;22;17;0
2018;1005;815;10;9;7.000;53.000;7.000;43.000;11.571;11.056;10.400;12.200;22;17;0
2018;1005;817;9;15;6.000;146.000;3.000;319.000;10.429;6.273;9.800;4.800;22;17;0
2018;1005;822;131;2;3.000;207.000;1.000;538.000;8.400;6.941;3.600;1.800;22;17;1
2018;1005;825;210;12;8.000;53.000;5.000;84.000;12.000;11.200;11.400;12.000;22;17;0
2018;1005;828;15;20;18.000;6.000;9.000;27.000;16.000;12.095;12.800;10.200;22;17;0
2018;1005;830;9;3;5.000;173.000;3.000;319.000;4.333;6.174;6.800;4.600;22;17;1
2018;1005;832;4;13;12.000;39.000;4.000;92.000;15.667;11.095;10.600;13.200;22;17;0
2018;1005;838;1;19;16.000;8.000;6.000;58.000;14.000;8.034;14.600;12.600;22;17;0
2018;1005;839;10;11;11.000;49.000;7.000;43.000;13.500;10.842;10.800;12.400;22;17;0
2018;1005;840;3;14;17.000;6.000;10.000;7.000;16.000;10.052;13.600;15.200;22;17;0
2018;1005;842;5;7;14.000;28.000;8.000;30.000;13.000;13.950;12.200;17.600;22;17;0
2018;1006;1;131;1;1.000;346.000;1.000;563.000;1.500;4.750;1.200;2.000;69;18;1
2018;1006;4;1;13;10.000;50.000;6.000;58.000;7.833;8.583;14.400;14.200;69;18;0
2018;1006;8;6;2;3.000;221.000;2.000;497.000;11.400;7.583;6.600;4.200;69;18;1
2018;1006;20;6;5;2.000;276.000;2.000;497.000;3.167;7.077;3.400;3.800;69;18;0
2018;1006;154;210;8;13.000;31.000;5.000;84.000;10.333;15.250;12.200;13.000;69;18;0
2018;1006;807;4;7;7.000;61.000;4.000;106.000;14.333;13.000;14.800;13.200;69;18;0
2018;1006;815;10;10;8.000;57.000;7.000;47.000;9.333;13.083;9.000;11.000;69;18;0
2018;1006;817;9;4;6.000;146.000;3.000;337.000;9.500;8.917;9.800;4.000;69;18;0
2018;1006;822;131;3;4.000;217.000;1.000;563.000;10.600;4.615;3.000;1.800;69;18;0
2018;1006;825;210;12;9.000;53.000;5.000;84.000;12.000;15.600;14.000;12.800;69;18;0
2018;1006;828;15;16;17.000;7.000;9.000;28.000;14.667;13.667;12.200;11.800;69;18;0
2018;1006;830;9;18;5.000;191.000;3.000;337.000;9.333;9.462;3.600;6.800;69;18;1
2018;1006;832;4;11;12.000;45.000;4.000;106.000;6.667;11.600;10.800;12.800;69;18;0
2018;1006;838;1;17;16.000;8.000;6.000;58.000;12.000;9.308;14.000;15.400;69;18;0
2018;1006;839;10;6;11.000;49.000;7.000;47.000;12.000;12.692;10.000;8.600;69;18;0
2018;1006;840;3;15;18.000;6.000;10.000;7.000;11.000;11.000;13.600;17.000;69;18;0
2018;1006;843;5;20;19.000;4.000;8.000;32.000;13.000;11.308;16.600;15.000;69;18;0
2018;1007;1;131;3;1.000;358.000;1.000;585.000;4.000;2.833;1.400;2.600;32;19;0
2018;1007;4;1;12;10.000;50.000;6.000;62.000;14.333;11.900;14.200;14.800;32;19;0
2018;1007;8;6;6;3.000;236.000;2.000;530.000;9.333;11.343;3.400;3.800;32;19;1
2018;1007;20;6;4;2.000;294.000;2.000;530.000;9.000;11.111;4.000;3.800;32;19;1
2018;1007;154;210;18;13.000;31.000;5.000;84.000;15.000;15.500;14.200;14.600;32;19;0
2018;1007;807;4;7;7.000;69.000;4.000;114.000;11.000;16.500;12.000;11.800;32;19;0
2018;1007;815;10;13;8.000;57.000;7.000;47.000;8.333;7.333;9.600;10.400;32;19;0
2018;1007;817;9;1;6.000;146.000;3.000;362.000;9.333;6.167;9.800;6.000;32;19;0
2018;1007;822;131;5;4.000;227.000;1.000;585.000;4.333;3.000;3.200;3.000;32;19;0
2018;1007;825;210;16;9.000;53.000;5.000;84.000;12.500;15.600;16.400;16.200;32;19;0
2018;1007;828;15;10;17.000;9.000;8.000;36.000;13.333;14.333;12.200;12.400;32;19;0
2018;1007;830;9;2;5.000;216.000;3.000;362.000;4.667;7.714;3.400;8.400;32;19;1
2018;1007;832;4;8;12.000;45.000;4.000;114.000;15.000;14.400;10.000;9.600;32;19;0
2018;1007;838;1;15;16.000;12.000;6.000;62.000;12.000;12.286;13.200;15.600;32;19;0
2018;1007;839;10;11;11.000;49.000;7.000;47.000;13.000;8.857;12.600;12.200;32;19;0
2018;1007;840;3;17;18.000;6.000;10.000;7.000;6.000;7.150;13.800;15.600;32;19;0
2018;1007;842;5;20;14.000;29.000;9.000;33.000;13.000;14.500;13.800;13.000;32;19;0
2018;1007;843;5;14;19.000;4.000;9.000;33.000;18.000;13.857;15.600;11.000;32;19;0
2018;1008;1;131;1;1.000;383.000;1.000;620.000;7.182;5.375;2.000;3.800;18;20;1
2018;1008;4;1;17;10.000;50.000;6.000;62.000;6.688;8.465;14.600;14.400;18;20;0
2018;1008;8;6;4;3.000;251.000;2.000;553.000;6.357;6.714;3.600;3.200;18;20;1
2018;1008;20;6;2;2.000;302.000;2.000;553.000;4.545;6.662;3.600;2.600;18;20;0
2018;1008;154;210;8;13.000;35.000;5.000;90.000;16.857;18.500;13.400;17.600;18;20;0
2018;1008;807;4;13;7.000;69.000;4.000;114.000;7.429;10.929;10.600;9.600;18;20;0
2018;1008;815;10;12;8.000;58.000;7.000;48.000;11.857;12.050;11.800;13.000;18;20;0
2018;1008;817;9;11;6.000;158.000;3.000;392.000;12.286;7.846;9.800;7.800;18;20;0
2018;1008;822;131;3;4.000;237.000;1.000;620.000;9.800;5.118;3.600;3.600;18;20;0
2018;1008;825;210;10;9.000;55.000;5.000;90.000;14.333;16.400;16.200;15.200;18;20;0
2018;1008;828;15;6;17.000;9.000;8.000;42.000;16.667;13.381;11.000;11.800;18;20;0
2018;1008;830;9;5;5.000;234.000;3.000;392.000;5.667;7.704;2.600;8.000;18;20;1
2018;1008;832;4;15;12.000;45.000;4.000;114.000;12.000;11.207;12.200;11.400;18;20;0
2018;1008;838;1;20;16.000;12.000;6.000;62.000;19.000;8.583;12.400;14.800;18;20;0
2018;1008;839;10;18;11.000;49.000;7.000;48.000;15.000;11.952;13.600;13.200;18;20;0
2018;1008;840;3;19;18.000;6.000;10.000;7.000;16.000;11.111;14.400;13.600;18;20;0
2018;1008;842;5;9;15.000;29.000;9.000;33.000;12.000;11.958;13.000;11.600;18;20;0
2018;1008;843;5;16;19.000;4.000;9.000;33.000;17.000;12.000;14.600;11.600;18;20;0
2018;1009;1;131;1;1.000;408.000;1.000;655.000;6.222;6.750;2.000;4.000;24;21;1
2018;1009;4;1;15;11.000;50.000;6.000;62.000;8.333;10.056;16.600;14.000;24;21;0
2018;1009;8;6;4;3.000;251.000;2.000;571.000;8.286;6.444;3.200;3.600;24;21;0
2018;1009;20;6;3;2.000;320.000;2.000;571.000;5.333;7.105;4.200;6.600;24;21;1
2018;1009;154;210;7;14.000;37.000;5.000;93.000;12.143;11.750;12.000;13.600;24;21;0
2018;1009;807;4;10;7.000;69.000;4.000;122.000;11.429;13.600;12.400;12.600;24;21;0
2018;1009;815;10;14;8.000;62.000;7.000;52.000;8.857;10.556;10.600;14.600;24;21;0
2018;1009;817;9;5;6.000;170.000;3.000;419.000;11.714;7.111;9.400;5.200;24;21;0
2018;1009;822;131;2;5.000;247.000;1.000;655.000;10.600;6.412;3.800;3.200;24;21;0
2018;1009;825;210;13;9.000;56.000;5.000;93.000;15.333;11.200;14.400;11.400;24;21;0
2018;1009;828;15;12;17.000;9.000;8.000;48.000;15.333;13.500;12.800;11.600;24;21;0
2018;1009;830;9;6;4.000;249.000;3.000;419.000;8.333;6.947;2.600;5.600;24;21;1
2018;1009;832;4;11;10.000;53.000;4.000;122.000;16.000;14.182;13.000;15.200;24;21;0
2018;1009;838;1;18;16.000;12.000;6.000;62.000;12.000;10.105;12.800;14.000;24;21;0
2018;1009;839;10;9;12.000;49.000;7.000;52.000;10.500;10.421;12.600;12.400;24;21;0
2018;1009;840;3;20;18.000;6.000;10.000;7.000;18.000;11.056;15.200;14.400;24;21;0
2018;1009;842;5;17;15.000;29.000;9.000;33.000;16.000;15.056;13.000;11.400;24;21;0
2018;1009;843;5;16;19.000;4.000;9.000;33.000;15.000;15.105;13.400;12.800;24;21;0
2019;1010;1;131;1;2.000;18.000;1.000;44.000;5.500;8.278;2.000;3.400;1;1;1
2019;1010;9;3;20;17.000;0.000;10.000;0.000;11.250;11.065;9.000;15.000;1;1;0
2019;1010;20;6;3;4.000;12.000;2.000;22.000;7.455;7.348;4.000;6.400;1;1;0
2019;1010;154;210;6;18.000;0.000;4.000;8.000;14.571;15.667;11.600;10.200;1;1;0
2019;1010;807;4;11;7.000;6.000;5.000;6.000;13.000;8.654;14.000;15.200;1;1;0
2019;1010;817;4;12;19.000;0.000;5.000;6.000;11.571;8.593;9.000;12.800;1;1;0
2019;1010;822;131;2;1.000;26.000;1.000;44.000;9.333;7.947;4.400;2.800;1;1;1
2019;1010;825;210;7;6.000;8.000;4.000;8.000;12.600;16.000;14.800;10.800;1;1;0
2019;1010;826;5;15;10.000;1.000;8.000;1.000;14.000;12.000;12.200;13.200;1;1;0
2019;1010;830;9;4;3.000;15.000;3.000;15.000;8.500;10.464;2.200;2.800;1;1;1
2019;1010;832;1;18;20.000;0.000;9.000;0.000;9.000;8.457;10.800;12.800;1;1;0
2019;1010;840;211;16;9.000;2.000;7.000;2.000;15.000;13.000;14.800;13.000;1;1;0
2019;1010;841;51;14;15.000;0.000;6.000;4.000;12.000;8.000;15.500;17.200;1;1;0
2019;1010;842;9;17;11.000;0.000;3.000;15.000;18.000;10.207;12.400;3.200;1;1;0
2019;1010;844;6;5;5.000;10.000;2.000;22.000;13.000;7.277;10.800;6.800;1;1;0
2019;1011;1;131;3;2.000;43.000;1.000;87.000;4.091;3.812;2.200;2.800;3;2;1
2019;1011;9;3;20;17.000;0.000;10.000;0.000;9.500;11.393;11.000;15.400;3;2;0
2019;1011;20;6;2;5.000;22.000;2.000;48.000;6.400;6.500;3.600;7.200;3;2;0
2019;1011;154;210;11;19.000;0.000;6.000;8.000;7.286;11.500;13.600;10.400;3;2;0
2019;1011;807;4;17;9.000;6.000;7.000;6.000;10.750;11.000;11.600;12.800;3;2;0
2019;1011;817;4;10;18.000;0.000;7.000;6.000;10.000;11.286;12.000;13.800;3;2;0
2019;1011;822;131;4;1.000;44.000;1.000;87.000;6.667;3.647;4.200;2.000;3;2;1
2019;1011;825;210;6;8.000;8.000;6.000;8.000;13.250;12.714;12.000;12.600;3;2;0
2019;1011;826;5;15;13.000;1.000;8.000;3.000;9.750;15.458;12.000;12.600;3;2;0
2019;1011;830;9;5;3.000;27.000;3.000;31.000;15.250;9.308;2.200;4.600;3;2;0
2019;1011;832;1;7;20.000;0.000;5.000;8.000;16.000;10.429;12.800;14.200;3;2;0
2019;1011;840;211;18;12.000;2.000;9.000;3.000;15.500;10.000;13.200;10.667;3;2;0
2019;1011;842;9;13;10.000;4.000;3.000;31.000;4.000;9.111;12.400;5.000;3;2;0
2019;1011;844;6;1;4.000;26.000;2.000;48.000;12.000;6.448;8.200;7.000;3;2;1
2019;1012;1;131;2;1.000;68.000;1.000;130.000;4.083;5.556;1.800;2.200;17;3;1
2019;1012;9;3;18;20.000;0.000;10.000;0.000;11.000;12.067;10.400;15.800;17;3;0
2019;1012;20;6;3;4.000;37.000;2.000;73.000;4.250;6.667;3.800;3.800;17;3;1
2019;1012;154;210;10;17.000;0.000;6.000;8.000;12.857;13.167;14.200;13.400;17;3;0
2019;1012;807;4;8;10.000;6.000;4.000;12.000;12.375;8.818;13.800;13.400;17;3;0
2019;1012;817;4;7;11.000;6.000;4.000;12.000;6.571;9.304;12.400;16.200;17;3;0
2019;1012;822;131;1;2.000;62.000;1.000;130.000;7.333;5.316;3.600;1.400;17;3;1
2019;1012;825;210;9;9.000;8.000;6.000;8.000;12.000;12.857;10.600;13.600;17;3;0
2019;1012;826;5;11;15.000;1.000;9.000;4.000;12.250;12.692;12.000;11.400;17;3;0
2019;1012;830;9;5;3.000;39.000;3.000;52.000;8.250;6.750;2.600;5.800;17;3;0
2019;1012;832;1;14;18.000;0.000;7.000;8.000;9.500;8.933;15.200;14.200;17;3;0
2019;1012;840;211;16;14.000;2.000;8.000;7.000;17.000;8.000;13.200;10.800;17;3;0
2019;1012;841;51;19;16.000;0.000;5.000;12.000;19.000;9.000;14.250;10.000;17;3;0
2019;1012;842;9;6;6.000;13.000;3.000;52.000;18.000;6.655;11.600;6.000;17;3;0
2019;1012;844;6;4;5.000;36.000;2.000;73.000;19.000;6.548;5.800;4.000;17;3;0
2019;1013;1;131;2;2.000;86.000;1.000;173.000;3.667;4.667;1.200;1.400;73;4;1
2019;1013;20;6;3;3.000;52.000;2.000;99.000;3.333;5.000;4.000;4.200;73;4;1
2019;1013;154;210;14;18.000;0.000;8.000;8.000;13.667;12.833;13.200;12.600;73;4;0
2019;1013;807;4;15;11.000;6.000;7.000;12.000;14.667;14.833;16.600;16.200;73;4;0
2019;1013;817;4;10;13.000;6.000;7.000;12.000;8.333;14.714;10.400;15.200;73;4;0
2019;1013;822;131;1;1.000;87.000;1.000;173.000;7.333;4.286;3.000;1.600;73;4;1
2019;1013;825;210;12;10.000;8.000;8.000;8.000;11.333;13.571;10.200;15.000;73;4;0
2019;1013;826;5;6;16.000;1.000;9.000;4.000;20.000;15.333;13.400;12.800;73;4;0
2019;1013;830;9;4;4.000;51.000;3.000;64.000;14.000;11.167;3.200;6.600;73;4;0
2019;1013;832;1;9;12.000;6.000;4.000;18.000;11.333;11.167;14.200;13.800;73;4;0
2019;1013;840;211;13;14.000;4.000;5.000;17.000;5.500;6.000;13.200;10.000;73;4;0
2019;1013;842;9;16;7.000;13.000;3.000;64.000;12.000;10.143;10.800;5.200;73;4;0
2019;1013;844;6;8;5.000;47.000;2.000;99.000;6.000;4.714;5.400;3.800;73;4;0
2019;1014;1;131;2;1.000;112.000;1.000;217.000;6.333;8.278;1.400;1.600;4;5;1
2019;1014;9;3;17;20.000;0.000;10.000;0.000;6.750;9.750;14.200;15.800;4;5;0
2019;1014;20;6;3;4.000;64.000;2.000;121.000;5.091;7.250;3.400;3.800;4;5;0
2019;1014;154;210;7;17.000;1.000;6.000;15.000;12.571;12.833;15.200;13.600;4;5;0
2019;1014;807;4;18;13.000;6.000;8.000;12.000;14.000;9.269;15.600;15.800;4;5;0
2019;1014;817;4;13;12.000;6.000;8.000;12.000;6.429;9.407;13.600;14.800;4;5;0
2019;1014;822;131;1;2.000;105.000;1.000;217.000;8.167;7.895;2.200;1.400;4;5;1
2019;1014;825;210;8;7.000;14.000;6.000;15.000;11.500;12.429;11.000;13.000;4;5;0
2019;1014;826;5;9;16.000;3.000;9.000;6.000;10.750;14.654;14.000;13.600;4;5;0
2019;1014;830;9;4;3.000;66.000;3.000;87.000;8.500;7.036;3.600;7.800;4;5;1
2019;1014;832;1;12;11.000;10.000;4.000;22.000;7.250;9.464;13.200;10.600;4;5;0
2019;1014;840;211;16;14.000;4.000;5.000;17.000;13.500;15.000;11.400;10.000;4;5;0
2019;1014;842;9;6;6.000;21.000;3.000;87.000;19.000;6.897;11.600;6.800;4;5;0
2019;1014;844;6;5;5.000;57.000;2.000;121.000;10.000;7.193;5.000;4.000;4;5;0
2019;1015;1;131;1;1.000;137.000;1.000;257.000;4.250;8.000;1.400;1.600;6;6;1
2019;1015;8;51;14;10.000;13.000;9.000;13.000;9.312;12.800;9.600;13.400;6;6;0
2019;1015;9;3;20;20.000;0.000;10.000;0.000;6.750;10.927;16.800;16.400;6;6;0
2019;1015;20;6;4;3.000;82.000;2.000;139.000;5.545;7.449;3.800;4.400;6;6;1
2019;1015;154;210;13;17.000;2.000;6.000;16.000;13.857;11.667;15.400;12.200;6;6;0
2019;1015;807;4;11;15.000;6.000;8.000;14.000;11.625;11.341;14.200;13.200;6;6;0
2019;1015;817;4;6;13.000;8.000;8.000;14.000;7.000;11.381;15.200;14.400;6;6;0
2019;1015;822;131;2;2.000;120.000;1.000;257.000;10.500;7.696;1.600;1.400;6;6;1
2019;1015;825;210;5;8.000;14.000;6.000;16.000;13.000;11.429;10.400;11.600;6;6;0
2019;1015;826;5;7;12.000;9.000;7.000;16.000;14.250;13.500;13.800;12.000;6;6;0
2019;1015;830;9;3;4.000;78.000;3.000;110.000;12.500;7.929;3.600;7.200;6;6;0
2019;1015;832;1;9;7.000;18.000;4.000;30.000;8.500;9.969;13.600;12.200;6;6;0
2019;1015;840;211;17;16.000;4.000;5.000;17.000;16.000;12.000;12.600;12.200;6;6;0
2019;1015;842;9;8;6.000;32.000;3.000;110.000;7.000;7.793;9.600;6.800;6;6;0
2019;1015;844;6;15;5.000;57.000;2.000;139.000;18.000;7.412;4.600;3.800;6;6;0
2019;1016;1;131;2;1.000;162.000;1.000;295.000;6.727;5.889;1.200;1.600;7;7;1
2019;1016;8;51;16;11.000;13.000;9.000;13.000;6.400;13.385;11.400;15.600;7;7;0
2019;1016;9;3;19;20.000;0.000;10.000;0.000;8.333;11.000;17.000;16.600;7;7;0
2019;1016;20;6;1;3.000;100.000;2.000;172.000;3.400;8.091;3.400;7.200;7;7;1
2019;1016;154;210;14;17.000;2.000;8.000;16.000;10.857;12.333;13.800;10.800;7;7;0
2019;1016;807;4;7;13.000;12.000;5.000;28.000;10.250;12.895;15.400;13.400;7;7;0
2019;1016;817;4;4;8.000;16.000;5.000;28.000;8.143;12.744;13.200;10.800;7;7;0
2019;1016;822;131;6;2.000;133.000;1.000;295.000;5.167;5.632;2.000;1.600;7;7;0
2019;1016;825;210;20;9.000;14.000;8.000;16.000;12.500;12.571;12.000;11.000;7;7;0
2019;1016;826;5;10;14.000;10.000;7.000;17.000;13.500;12.667;13.200;9.200;7;7;0
2019;1016;830;9;9;4.000;88.000;3.000;124.000;10.000;6.500;3.800;7.000;7;7;0
2019;1016;832;1;11;7.000;18.000;4.000;30.000;12.250;10.423;10.800;10.600;7;7;0
2019;1016;840;211;17;16.000;6.000;6.000;19.000;14.500;12.000;14.000;14.800;7;7;0
2019;1016;842;9;5;6.000;36.000;3.000;124.000;11.000;6.444;8.400;4.600;7;7;0
2019;1016;844;6;3;5.000;72.000;2.000;172.000;10.000;8.013;7.600;6.600;7;7;1
2019;1017;1;131;1;1.000;187.000;1.000;338.000;1.000;4.000;1.200;2.200;34;8;1
2019;1017;8;51;12;8.000;19.000;7.000;19.000;3.000;14.250;13.000;16.000;34;8;0
2019;1017;20;6;7;3.000;111.000;2.000;198.000;5.000;11.033;2.800;6.400;34;8;0
2019;1017;154;210;16;17.000;2.000;9.000;16.000;11.000;8.500;12.600;12.400;34;8;0
2019;1017;807;4;13;10.000;16.000;5.000;32.000;9.000;8.273;13.400;9.400;34;8;0
2019;1017;817;4;8;9.000;16.000;5.000;32.000;4.000;8.250;10.800;8.600;34;8;0
2019;1017;822;131;2;2.000;151.000;1.000;338.000;7.000;3.000;2.400;2.000;34;8;1
2019;1017;825;210;15;11.000;14.000;9.000;16.000;6.000;12.333;12.800;15.000;34;8;0
2019;1017;830;9;4;4.000;100.000;3.000;137.000;2.000;3.000;4.000;5.600;34;8;0
2019;1017;832;1;6;7.000;26.000;4.000;40.000;8.000;10.406;9.200;13.600;34;8;0
2019;1017;840;211;17;16.000;6.000;6.000;19.000;17.000;12.000;13.000;12.200;34;8;0
2019;1017;842;9;9;6.000;37.000;3.000;137.000;20.000;3.333;8.400;5.200;34;8;0
2019;1017;844;6;3;5.000;87.000;2.000;198.000;10.000;10.839;7.600;6.400;34;8;1
2019;1018;1;131;4;1.000;197.000;1.000;363.000;5.000;5.100;1.200;2.200;70;9;0
2019;1018;8;51;6;9.000;21.000;6.000;22.000;8.125;18.818;12.600;14.000;70;9;0
2019;1018;20;6;9;4.000;123.000;2.000;228.000;10.200;8.035;3.200;6.600;70;9;0
2019;1018;154;210;11;17.000;2.000;9.000;16.000;9.200;8.500;14.400;16.400;70;9;0
2019;1018;807;4;15;11.000;16.000;5.000;32.000;13.400;11.480;11.000;8.200;70;9;0
2019;1018;817;4;12;10.000;16.000;5.000;32.000;8.800;11.538;11.600;9.000;70;9;0
2019;1018;822;131;3;2.000;166.000;1.000;363.000;7.400;5.091;2.400;2.600;70;9;1
2019;1018;825;210;10;12.000;14.000;9.000;16.000;11.000;9.571;13.600;16.800;70;9;0
2019;1018;826;5;16;14.000;10.000;8.000;17.000;18.000;15.700;11.800;13.200;70;9;0
2019;1018;830;9;2;3.000;126.000;3.000;169.000;7.750;10.000;4.000;6.400;70;9;1
2019;1018;832;1;19;7.000;30.000;4.000;52.000;13.250;9.641;7.600;11.400;70;9;0
2019;1018;840;211;14;16.000;6.000;7.000;19.000;12.000;11.000;13.200;11.400;70;9;0
2019;1018;842;9;8;6.000;43.000;3.000;169.000;11.000;9.182;9.200;5.600;70;9;0
2019;1018;844;6;1;5.000;105.000;2.000;228.000;9.000;7.966;7.200;3.400;70;9;1
2019;1019;1;131;2;1.000;223.000;1.000;407.000;3.667;5.000;1.800;3.000;9;10;1
2019;1019;8;51;12;8.000;25.000;6.000;26.000;5.875;8.500;12.400;11.000;9;10;0
2019;1019;9;3;20;20.000;0.000;10.000;0.000;13.500;9.945;18.400;18.200;9;10;0
2019;1019;20;6;6;4.000;123.000;2.000;243.000;7.091;8.771;3.400;3.400;9;10;0
2019;1019;154;210;14;17.000;2.000;9.000;16.000;14.714;14.333;14.000;17.800;9;10;0
2019;1019;807;4;10;11.000;17.000;5.000;39.000;8.250;11.886;10.800;10.000;9;10;0
2019;1019;817;4;7;10.000;22.000;5.000;39.000;9.000;11.833;10.000;10.800;9;10;0
2019;1019;822;131;1;2.000;184.000;1.000;407.000;6.500;4.810;2.800;2.400;9;10;1
2019;1019;825;210;16;12.000;14.000;9.000;16.000;11.250;15.000;14.800;18.200;9;10;0
2019;1019;826;5;17;14.000;12.000;8.000;19.000;10.000;15.000;11.400;16.000;9;10;0
2019;1019;830;9;4;3.000;136.000;3.000;191.000;9.250;8.000;3.400;6.000;9;10;0
2019;1019;832;1;13;7.000;38.000;4.000;60.000;14.500;9.353;7.800;9.800;9;10;0
2019;1019;840;211;18;16.000;6.000;7.000;19.000;14.000;17.000;14.200;13.400;9;10;0
2019;1019;842;9;5;6.000;55.000;3.000;191.000;13.000;7.897;7.200;5.400;9;10;0
2019;1019;844;6;3;5.000;120.000;2.000;243.000;19.000;8.832;6.600;6.000;9;10;1
2019;1020;1;131;1;1.000;225.000;1.000;409.000;5.667;4.600;1.800;2.600;10;11;0
2019;1020;8;51;5;9.000;25.000;9.000;26.000;10.818;11.333;11.200;12.200;10;11;0
2019;1020;9;3;18;19.000;1.000;10.000;1.000;7.000;10.088;17.800;17.200;10;11;0
2019;1020;20;6;20;4.000;141.000;2.000;261.000;7.167;8.792;5.800;5.600;10;11;1
2019;1020;154;210;6;17.000;8.000;8.000;26.000;14.500;10.250;15.800;18.200;10;11;0
2019;1020;807;4;9;14.000;17.000;6.000;39.000;8.200;10.097;10.200;10.600;10;11;0
2019;1020;817;4;13;11.000;22.000;6.000;39.000;10.250;10.281;9.000;11.600;10;11;0
2019;1020;822;131;3;2.000;184.000;1.000;409.000;4.333;5.000;2.800;4.000;10;11;0
2019;1020;825;210;12;13.000;18.000;8.000;26.000;12.000;9.600;17.400;16.200;10;11;0
2019;1020;826;5;14;8.000;27.000;5.000;42.000;17.500;13.857;11.400;13.600;10;11;1
2019;1020;830;9;2;3.000;162.000;3.000;217.000;3.500;8.000;3.800;5.400;10;11;1
2019;1020;832;1;7;7.000;48.000;4.000;70.000;13.000;9.806;7.400;8.000;10;11;0
2019;1020;840;211;15;12.000;18.000;7.000;31.000;17.000;20.000;13.000;15.000;10;11;0
2019;1020;842;9;4;6.000;55.000;3.000;217.000;14.000;7.588;6.800;3.600;10;11;0
2019;1020;844;6;10;5.000;120.000;2.000;261.000;15.000;8.699;6.200;5.400;10;11;0
2019;1021;1;131;3;1.000;250.000;1.000;438.000;4.000;8.611;3.400;6.000;11;12;1
2019;1021;9;3;19;19.000;1.000;10.000;1.000;13.800;8.667;16.200;13.600;11;12;0
2019;1021;20;6;5;4.000;156.000;2.000;288.000;6.667;8.379;5.800;8.000;11;12;1
2019;1021;154;210;9;17.000;8.000;9.000;26.000;11.429;12.667;15.200;14.600;11;12;0
2019;1021;807;4;11;14.000;17.000;6.000;39.000;13.375;11.692;10.800;12.800;11;12;0
2019;1021;817;4;20;11.000;22.000;6.000;39.000;9.625;11.704;11.000;12.800;11;12;0
2019;1021;822;131;2;2.000;188.000;1.000;438.000;9.667;8.211;5.200;5.600;11;12;0
2019;1021;825;210;14;13.000;18.000;9.000;26.000;11.750;13.714;16.200;14.800;11;12;0
2019;1021;826;5;13;9.000;27.000;5.000;43.000;10.750;13.231;10.600;9.000;11;12;0
2019;1021;830;9;1;3.000;181.000;3.000;244.000;8.250;7.929;3.200;6.200;11;12;1
2019;1021;832;1;8;7.000;58.000;4.000;82.000;10.250;8.288;7.200;9.200;11;12;0
2019;1021;840;211;18;12.000;18.000;8.000;31.000;15.500;11.000;10.600;13.000;11;12;0
2019;1021;842;9;6;6.000;63.000;3.000;244.000;6.000;7.724;8.600;5.200;11;12;0
2019;1021;844;6;4;5.000;132.000;2.000;288.000;20.000;8.299;5.600;8.200;11;12;0
2019;1022;1;131;3;1.000;268.000;1.000;471.000;8.417;4.857;3.400;7.000;13;13;1
2019;1022;8;51;6;9.000;31.000;8.000;32.000;8.714;10.100;8.600;13.600;13;13;0
2019;1022;9;3;20;19.000;1.000;10.000;1.000;5.500;9.727;16.400;14.000;13;13;0
2019;1022;20;6;2;4.000;169.000;2.000;326.000;6.167;9.422;6.000;5.800;13;13;0
2019;1022;154;210;9;17.000;8.000;9.000;26.000;12.500;10.333;16.400;13.600;13;13;0
2019;1022;807;4;12;14.000;21.000;6.000;43.000;11.375;12.077;11.800;13.600;13;13;0
2019;1022;817;4;10;12.000;22.000;6.000;43.000;10.000;11.926;12.600;13.800;13;13;0
2019;1022;822;131;4;2.000;203.000;1.000;471.000;7.333;4.727;6.000;7.000;13;13;1
2019;1022;825;210;8;16.000;18.000;9.000;26.000;13.250;10.714;15.400;12.200;13;13;0
2019;1022;826;5;19;8.000;33.000;5.000;51.000;9.750;13.000;11.600;9.200;13;13;0
2019;1022;830;9;5;3.000;181.000;3.000;254.000;10.250;7.692;2.600;5.400;13;13;0
2019;1022;832;1;15;7.000;58.000;4.000;82.000;14.500;8.877;6.000;9.600;13;13;0
2019;1022;840;211;16;15.000;19.000;7.000;40.000;12.000;6.000;12.200;11.600;13;13;0
2019;1022;842;5;13;6.000;65.000;5.000;51.000;9.000;12.760;8.200;8.200;13;13;0
2019;1022;844;6;1;5.000;157.000;2.000;326.000;18.000;9.380;5.800;6.000;13;13;1
2019;1023;1;131;2;1.000;284.000;1.000;505.000;5.333;5.920;3.600;5.800;14;14;1
2019;1023;8;51;20;12.000;31.000;8.000;34.000;6.688;12.783;10.400;14.400;14;14;0
2019;1023;9;3;15;19.000;1.000;10.000;1.000;7.600;9.432;16.200;15.600;14;14;0
2019;1023;20;6;4;5.000;169.000;2.000;351.000;6.083;8.708;5.800;5.800;14;14;0
2019;1023;154;210;13;17.000;8.000;9.000;26.000;14.857;14.333;15.000;13.200;14;14;0
2019;1023;807;4;6;11.000;31.000;5.000;65.000;11.000;11.800;11.800;13.400;14;14;0
2019;1023;817;4;5;8.000;34.000;5.000;65.000;9.250;11.634;13.200;10.600;14;14;0
2019;1023;822;131;3;2.000;221.000;1.000;505.000;5.667;5.808;6.200;3.400;14;14;1
2019;1023;825;210;11;16.000;18.000;9.000;26.000;13.500;14.571;14.400;14.800;14;14;0
2019;1023;826;5;12;10.000;33.000;6.000;51.000;13.000;13.808;10.200;9.400;14;14;0
2019;1023;830;9;19;3.000;185.000;3.000;266.000;8.500;10.286;5.800;9.400;14;14;0
2019;1023;832;1;7;7.000;58.000;4.000;83.000;12.000;10.515;8.600;12.400;14;14;0
2019;1023;840;211;9;15.000;19.000;7.000;46.000;8.000;7.000;11.600;10.200;14;14;0
2019;1023;842;5;17;6.000;65.000;6.000;51.000;14.000;14.000;8.000;12.000;14;14;0
2019;1023;844;6;1;4.000;182.000;2.000;351.000;11.000;8.731;5.400;5.000;14;14;1
2019;1024;1;131;2;1.000;296.000;1.000;527.000;7.364;7.778;3.200;3.600;15;15;0
2019;1024;9;3;19;19.000;1.000;10.000;1.000;8.667;11.727;15.600;15.800;15;15;0
2019;1024;20;6;3;5.000;194.000;2.000;394.000;3.909;7.409;7.600;4.600;15;15;1
2019;1024;154;210;17;17.000;8.000;9.000;26.000;15.000;14.667;15.000;14.400;15;15;0
2019;1024;807;4;8;11.000;33.000;5.000;67.000;13.375;11.214;10.200;9.000;15;15;0
2019;1024;817;4;20;9.000;34.000;5.000;67.000;8.125;11.067;11.600;8.000;15;15;0
2019;1024;822;131;5;2.000;231.000;1.000;527.000;9.333;7.579;6.000;2.800;15;15;0
2019;1024;825;210;13;16.000;18.000;9.000;26.000;12.750;14.143;14.200;14.000;15;15;0
2019;1024;826;5;14;10.000;33.000;6.000;55.000;11.250;12.818;10.600;11.200;15;15;0
2019;1024;830;9;4;4.000;200.000;3.000;289.000;8.750;6.045;7.200;9.000;15;15;1
2019;1024;832;1;7;7.000;58.000;4.000;89.000;8.750;10.091;11.000;13.800;15;15;0
2019;1024;840;211;16;15.000;19.000;7.000;46.000;11.000;19.000;11.200;10.800;15;15;0
2019;1024;842;5;11;6.000;69.000;6.000;55.000;13.000;12.913;8.800;12.200;15;15;0
2019;1024;844;6;1;3.000;200.000;2.000;394.000;9.000;7.130;5.200;4.000;15;15;1
2019;1025;1;131;2;1.000;322.000;1.000;571.000;1.800;3.300;3.800;3.400;71;16;1
2019;1025;20;6;3;5.000;194.000;2.000;409.000;7.000;6.000;4.600;3.600;71;16;0
2019;1025;154;210;8;17.000;8.000;9.000;28.000;14.400;12.667;13.400;14.800;71;16;0
2019;1025;807;4;6;11.000;34.000;5.000;68.000;14.400;12.500;10.000;9.200;71;16;0
2019;1025;817;4;10;10.000;34.000;5.000;68.000;11.200;12.143;13.000;8.400;71;16;0
2019;1025;822;131;4;2.000;249.000;1.000;571.000;4.400;3.091;6.600;3.000;71;16;1
2019;1025;825;210;13;15.000;20.000;9.000;28.000;8.250;13.714;13.600;16.400;71;16;0
2019;1025;826;5;19;12.000;33.000;6.000;55.000;11.500;14.500;11.800;12.400;71;16;0
2019;1025;830;9;9;4.000;212.000;3.000;311.000;9.750;9.400;6.800;5.600;71;16;0
2019;1025;832;1;5;7.000;66.000;4.000;101.000;13.750;10.900;12.200;12.000;71;16;0
2019;1025;840;211;14;16.000;19.000;7.000;52.000;13.000;7.000;11.200;11.600;71;16;0
2019;1025;842;5;16;6.000;69.000;6.000;55.000;19.000;14.273;9.600;13.000;71;16;0
2019;1025;844;6;1;3.000;215.000;2.000;409.000;7.000;7.091;5.000;7.000;71;16;1
2019;1026;1;131;4;1.000;338.000;1.000;612.000;4.500;6.667;2.200;2.800;22;17;1
2019;1026;9;3;20;19.000;1.000;10.000;1.000;12.333;10.267;17.000;16.600;22;17;0
2019;1026;20;6;1;5.000;212.000;2.000;435.000;4.200;8.800;7.800;5.000;22;17;1
2019;1026;154;210;10;17.000;8.000;9.000;28.000;11.000;12.667;16.000;15.000;22;17;0
2019;1026;807;4;15;13.000;34.000;5.000;68.000;11.375;11.045;8.800;11.200;22;17;0
2019;1026;817;4;16;12.000;34.000;5.000;68.000;9.625;11.435;13.000;14.400;22;17;0
2019;1026;822;131;3;2.000;274.000;1.000;612.000;7.333;6.474;4.000;3.000;22;17;1
2019;1026;825;210;19;16.000;20.000;9.000;28.000;14.000;12.714;13.800;14.000;22;17;0
2019;1026;826;5;14;11.000;34.000;6.000;62.000;12.333;13.773;13.600;12.000;22;17;0
2019;1026;830;9;5;4.000;212.000;3.000;323.000;4.000;6.042;7.400;4.800;22;17;0
2019;1026;832;1;7;6.000;76.000;4.000;111.000;14.250;8.150;12.400;8.600;22;17;0
2019;1026;840;211;12;15.000;21.000;7.000;58.000;16.500;8.000;12.600;11.600;22;17;0
2019;1026;842;5;9;7.000;75.000;6.000;62.000;12.000;13.609;9.600;11.800;22;17;0
2019;1026;844;6;2;3.000;223.000;2.000;435.000;18.000;8.689;2.200;5.200;22;17;0
2019;1027;1;131;3;1.000;363.000;1.000;652.000;4.000;3.250;2.600;2.400;32;18;1
2019;1027;20;6;2;4.000;230.000;2.000;466.000;7.250;10.865;7.600;6.200;32;18;1
2019;1027;154;210;18;17.000;8.000;9.000;28.000;15.250;15.500;14.600;14.800;32;18;0
2019;1027;807;4;12;11.000;35.000;5.000;73.000;9.750;15.167;10.400;16.400;32;18;0
2019;1027;817;4;13;10.000;38.000;5.000;73.000;11.250;14.429;14.000;15.600;32;18;0
2019;1027;822;131;6;2.000;289.000;1.000;652.000;4.500;3.000;2.600;1.600;32;18;1
2019;1027;825;210;17;16.000;20.000;9.000;28.000;13.333;15.714;14.200;14.800;32;18;0
2019;1027;826;5;9;13.000;34.000;6.000;64.000;11.000;13.875;12.600;10.200;32;18;0
2019;1027;830;9;4;5.000;220.000;3.000;341.000;3.750;6.875;10.600;7.400;32;18;0
2019;1027;832;1;7;7.000;76.000;4.000;111.000;16.000;12.091;12.400;7.400;32;18;0
2019;1027;840;211;16;15.000;21.000;7.000;64.000;9.000;7.000;11.000;8.400;32;18;0
2019;1027;842;5;10;6.000;77.000;6.000;64.000;11.500;13.556;9.800;10.800;32;18;0
2019;1027;844;6;1;3.000;236.000;2.000;466.000;7.000;10.632;2.600;6.200;32;18;0
2019;1028;1;131;5;1.000;381.000;1.000;695.000;1.714;4.643;2.400;2.000;69;19;1
2019;1028;20;6;2;5.000;230.000;2.000;479.000;3.286;6.857;7.200;3.400;69;19;0
2019;1028;154;210;15;17.000;8.000;9.000;28.000;11.286;16.333;15.400;13.800;69;19;0
2019;1028;807;4;11;12.000;37.000;5.000;83.000;13.143;10.833;10.800;15.200;69;19;0
2019;1028;817;4;9;9.000;46.000;5.000;83.000;10.429;10.571;12.800;13.200;69;19;0
2019;1028;822;131;1;2.000;314.000;1.000;695.000;9.667;4.467;2.600;2.000;69;19;1
2019;1028;825;210;12;16.000;20.000;9.000;28.000;14.000;16.143;14.800;15.000;69;19;0
2019;1028;826;5;13;13.000;34.000;7.000;64.000;12.250;11.143;13.400;10.200;69;19;0
2019;1028;830;9;3;4.000;235.000;3.000;366.000;7.500;8.929;7.800;7.600;69;19;1
2019;1028;832;1;7;7.000;80.000;4.000;121.000;6.750;9.429;11.200;11.400;69;19;0
2019;1028;840;211;14;15.000;21.000;6.000;65.000;12.500;10.000;11.400;9.200;69;19;0
2019;1028;842;5;10;8.000;77.000;7.000;64.000;12.000;11.200;9.800;9.800;69;19;0
2019;1028;844;6;4;3.000;249.000;2.000;479.000;15.000;7.733;3.200;6.800;69;19;0
2019;1029;1;131;3;1.000;387.000;1.000;701.000;6.667;5.111;2.200;1.600;18;20;0
2019;1029;8;51;8;12.000;43.000;8.000;57.000;6.133;15.000;14.600;14.400;18;20;0
2019;1029;9;3;19;19.000;1.000;10.000;1.000;7.200;11.292;17.200;17.200;18;20;0
2019;1029;20;6;2;5.000;230.000;2.000;479.000;4.667;6.653;8.600;7.200;18;20;0
2019;1029;154;210;7;18.000;8.000;9.000;28.000;15.750;15.167;15.200;16.000;18;20;0
2019;1029;807;4;13;13.000;37.000;5.000;91.000;8.875;11.233;11.600;10.400;18;20;0
2019;1029;817;4;11;9.000;54.000;5.000;91.000;11.250;11.355;13.200;9.600;18;20;0
2019;1029;822;131;4;2.000;314.000;1.000;701.000;9.000;5.211;2.400;2.800;18;20;0
2019;1029;825;210;9;16.000;20.000;9.000;28.000;13.000;14.857;14.800;15.600;18;20;0
2019;1029;826;5;16;14.000;35.000;6.000;83.000;10.333;11.962;12.000;11.000;18;20;0
2019;1029;830;9;1;3.000;260.000;3.000;391.000;4.750;7.500;6.800;4.600;18;20;1
2019;1029;832;1;20;7.000;95.000;4.000;140.000;12.000;8.658;8.800;11.800;18;20;1
2019;1029;840;211;17;15.000;21.000;7.000;67.000;17.000;9.000;11.600;10.200;18;20;0
2019;1029;842;5;6;6.000;95.000;6.000;83.000;12.500;11.889;10.800;11.600;18;20;1
2019;1029;844;6;14;4.000;249.000;2.000;479.000;7.000;6.795;3.800;9.400;18;20;0
2019;1030;1;131;1;1.000;413.000;1.000;739.000;5.700;6.333;2.800;6.600;24;21;1
2019;1030;9;3;19;19.000;1.000;10.000;1.000;7.500;11.350;17.200;16.000;24;21;0
2019;1030;20;6;4;5.000;240.000;2.000;504.000;5.000;6.850;11.800;12.600;24;21;0
2019;1030;154;210;15;18.000;8.000;9.000;28.000;11.750;11.000;15.600;14.400;24;21;0
2019;1030;807;4;9;14.000;37.000;5.000;91.000;12.500;13.500;12.800;8.800;24;21;0
2019;1030;817;4;7;9.000;54.000;5.000;91.000;10.750;13.385;11.600;9.600;24;21;0
2019;1030;822;131;20;2.000;326.000;1.000;739.000;9.667;6.053;5.400;6.200;24;21;0
2019;1030;825;210;14;16.000;20.000;9.000;28.000;14.000;11.571;13.600;14.400;24;21;0
2019;1030;826;5;13;13.000;37.000;6.000;85.000;16.333;14.950;11.000;9.800;24;21;0
2019;1030;830;9;2;3.000;278.000;3.000;417.000;7.000;6.750;6.400;5.600;24;21;1
2019;1030;832;1;8;6.000;96.000;4.000;145.000;13.500;10.300;7.000;9.200;24;21;0
2019;1030;840;211;12;15.000;21.000;7.000;73.000;15.500;7.000;12.800;11.600;24;21;0
2019;1030;842;5;11;7.000;95.000;6.000;85.000;16.000;14.667;9.600;9.800;24;21;0
2019;1030;844;6;3;4.000;264.000;2.000;504.000;7.000;6.762;7.000;12.800;24;21;1
2020;1031;1;131;5;4.000;12.000;1.000;37.000;5.000;4.917;2.800;6.600;70;1;0
2020;1031;8;51;19;14.000;0.000;7.000;2.000;8.222;17.385;11.800;10.400;70;1;0
2020;1031;20;6;11;10.000;1.000;3.000;19.000;9.167;7.864;9.200;9.400;70;1;0
2020;1031;154;210;15;16.000;0.000;10.000;0.000;10.333;10.750;14.600;14.200;70;1;0
2020;1031;815;211;6;6.000;8.000;4.000;8.000;9.500;12.500;8.200;13.600;70;1;0
2020;1031;817;4;10;19.000;0.000;6.000;4.000;9.333;11.556;10.000;10.000;70;1;0
2020;1031;822;131;1;1.000;25.000;1.000;37.000;6.667;4.846;5.800;7.200;70;1;1
2020;1031;825;210;16;17.000;0.000;10.000;0.000;12.600;11.333;14.600;13.800;70;1;0
2020;1031;830;9;2;20.000;0.000;9.000;0.000;6.400;9.000;6.000;5.600;70;1;0
2020;1031;832;1;8;5.000;10.000;2.000;26.000;12.200;9.561;7.800;7.200;70;1;0
2020;1031;839;4;14;8.000;4.000;6.000;4.000;7.000;11.821;14.200;12.600;70;1;0
2020;1031;840;211;9;18.000;0.000;4.000;8.000;12.667;10.333;14.600;12.200;70;1;0
2020;1031;841;51;18;9.000;2.000;7.000;2.000;10.000;17.143;12.600;10.400;70;1;0
2020;1031;842;213;12;7.000;6.000;5.000;6.000;9.000;12.000;10.400;12.000;70;1;0
2020;1031;844;6;7;2.000;18.000;3.000;19.000;5.500;7.900;7.000;10.600;70;1;1
2020;1031;846;1;3;3.000;16.000;2.000;26.000;6.000;9.493;10.800;6.800;70;1;1
2020;1031;847;3;17;15.000;0.000;8.000;0.000;18.000;11.354;15.600;16.200;70;1;0
2020;1031;848;9;4;13.000;0.000;9.000;0.000;15.000;9.846;6.800;8.600;70;1;0
2020;1032;1;131;1;2.000;37.000;1.000;80.000;4.857;4.571;3.000;6.000;70;2;1
2020;1032;8;51;16;17.000;0.000;8.000;2.000;8.800;16.600;12.200;11.400;70;2;0
2020;1032;20;6;10;15.000;1.000;5.000;19.000;9.286;7.803;10.800;7.600;70;2;0
2020;1032;154;210;20;19.000;0.000;10.000;0.000;11.143;11.900;15.200;14.600;70;2;0
2020;1032;815;211;17;5.000;16.000;4.000;22.000;9.000;12.250;7.800;14.000;70;2;0
2020;1032;817;4;8;12.000;4.000;6.000;8.000;10.714;11.690;10.000;11.200;70;2;0
2020;1032;822;131;4;1.000;43.000;1.000;80.000;5.857;4.333;5.800;2.200;70;2;1
2020;1032;825;210;15;18.000;0.000;10.000;0.000;13.333;12.000;15.000;15.000;70;2;0
2020;1032;826;213;13;14.000;1.000;7.000;7.000;16.833;9.500;10.800;9.500;70;2;0
2020;1032;830;9;2;6.000;15.000;3.000;27.000;8.667;10.071;6.400;11.000;70;2;1
2020;1032;832;1;3;7.000;13.000;2.000;39.000;11.000;9.397;7.800;6.800;70;2;0
2020;1032;839;4;5;11.000;4.000;6.000;8.000;7.333;11.567;14.000;11.600;70;2;0
2020;1032;840;211;12;10.000;6.000;4.000;22.000;14.000;11.000;16.400;11.400;70;2;0
2020;1032;841;51;19;13.000;2.000;8.000;2.000;9.500;16.250;11.600;12.600;70;2;0
2020;1032;842;213;7;9.000;6.000;7.000;7.000;8.333;9.667;10.400;9.667;70;2;0
2020;1032;844;6;14;4.000;18.000;5.000;19.000;4.333;8.000;6.200;8.000;70;2;0
2020;1032;846;1;9;3.000;26.000;2.000;39.000;4.500;9.391;9.200;7.000;70;2;0
2020;1032;847;3;11;20.000;0.000;9.000;0.000;16.500;11.420;15.400;14.800;70;2;0
2020;1032;848;9;6;8.000;12.000;3.000;27.000;14.000;9.600;8.600;8.800;70;2;0
2020;1032;849;3;18;16.000;0.000;9.000;0.000;11.000;11.510;11.000;15.600;70;2;0
2020;1033;1;131;1;1.000;63.000;1.000;121.000;3.769;8.200;3.000;2.400;11;3;1
2020;1033;8;51;20;17.000;0.000;8.000;2.000;6.000;12.500;10.600;12.800;11;3;0
2020;1033;20;6;5;10.000;9.000;5.000;27.000;6.385;8.235;14.400;10.800;11;3;0
2020;1033;154;210;21;19.000;0.000;9.000;1.000;12.500;13.625;14.400;14.400;11;3;0
2020;1033;815;211;4;6.000;22.000;4.000;40.000;13.333;14.000;7.600;11.400;11;3;0
2020;1033;817;4;11;11.000;8.000;6.000;12.000;10.111;11.786;10.000;12.800;11;3;0
2020;1033;822;131;2;2.000;58.000;1.000;121.000;9.429;7.857;5.600;1.800;11;3;1
2020;1033;825;210;21;16.000;1.000;9.000;1.000;12.000;13.889;14.400;14.800;11;3;0
2020;1033;830;9;7;3.000;33.000;2.000;55.000;7.000;7.667;5.800;9.200;11;3;1
2020;1033;832;1;9;9.000;15.000;3.000;41.000;9.200;8.250;7.000;6.000;11;3;0
2020;1033;839;4;14;13.000;4.000;6.000;12.000;11.000;11.655;13.800;12.200;11;3;0
2020;1033;840;211;3;8.000;18.000;4.000;40.000;16.000;11.667;15.400;8.800;11;3;0
2020;1033;841;51;19;14.000;2.000;8.000;2.000;18.000;13.333;11.600;12.600;11;3;0
2020;1033;842;213;10;12.000;6.000;7.000;7.000;6.000;12.000;11.600;11.200;11;3;0
2020;1033;844;6;6;7.000;18.000;5.000;27.000;12.000;8.203;9.200;11.400;11;3;0
2020;1033;846;1;8;4.000;26.000;3.000;41.000;9.000;8.261;6.200;6.200;11;3;0
2020;1033;847;3;12;20.000;0.000;10.000;0.000;16.000;8.926;15.400;15.200;11;3;0
2020;1033;848;9;13;5.000;22.000;2.000;55.000;10.000;7.484;8.400;8.400;11;3;0
2020;1034;1;131;1;1.000;88.000;1.000;146.000;3.462;4.682;2.800;1.600;9;4;1
2020;1034;8;51;16;18.000;0.000;8.000;2.000;6.000;9.062;11.400;13.200;9;4;0
2020;1034;20;6;10;13.000;10.000;4.000;43.000;7.833;8.783;11.600;11.600;9;4;0
2020;1034;154;210;17;20.000;0.000;9.000;1.000;15.250;15.625;14.600;13.600;9;4;0
2020;1034;807;211;13;21.000;0.000;5.000;42.000;8.444;15.000;13.200;8.400;9;4;0
2020;1034;817;4;8;9.000;20.000;6.000;32.000;8.778;11.703;10.400;11.200;9;4;0
2020;1034;822;131;2;2.000;58.000;1.000;146.000;5.857;4.522;6.000;1.600;9;4;0
2020;1034;825;210;14;16.000;1.000;9.000;1.000;13.000;15.667;12.800;13.400;9;4;0
2020;1034;830;9;3;3.000;52.000;2.000;78.000;8.400;7.767;5.600;5.400;9;4;1
2020;1034;832;1;7;10.000;15.000;3.000;51.000;12.800;9.333;7.200;7.800;9;4;0
2020;1034;839;4;9;11.000;12.000;6.000;32.000;7.500;11.500;14.400;10.400;9;4;0
2020;1034;840;211;6;8.000;20.000;5.000;42.000;13.667;16.667;13.600;8.800;9;4;0
2020;1034;841;51;15;14.000;2.000;8.000;2.000;18.000;9.529;12.200;14.800;9;4;0
2020;1034;842;213;11;12.000;12.000;7.000;13.000;8.500;18.000;12.400;15.000;9;4;0
2020;1034;844;6;4;5.000;33.000;4.000;43.000;11.000;8.793;10.600;13.200;9;4;1
2020;1034;846;1;5;4.000;36.000;3.000;51.000;11.000;9.375;7.400;9.800;9;4;0
2020;1034;847;3;20;19.000;0.000;10.000;0.000;14.000;10.067;15.600;16.200;9;4;0
2020;1034;848;9;12;6.000;26.000;2.000;78.000;12.000;7.581;8.400;3.200;9;4;0
2020;1035;1;131;2;1.000;107.000;1.000;180.000;3.286;4.792;1.600;3.600;9;5;1
2020;1035;8;51;20;18.000;0.000;8.000;2.000;6.611;9.778;14.000;15.400;9;5;0
2020;1035;20;6;11;13.000;10.000;3.000;55.000;8.000;8.746;10.200;9.800;9;5;0
2020;1035;154;210;13;21.000;0.000;9.000;1.000;15.333;16.000;15.200;14.600;9;5;0
2020;1035;807;211;3;14.000;6.000;5.000;41.000;9.600;14.750;13.200;9.400;9;5;0
2020;1035;817;4;5;9.000;20.000;6.000;36.000;8.300;11.359;10.000;10.000;9;5;0
2020;1035;822;131;1;3.000;73.000;1.000;180.000;6.500;4.680;4.200;3.600;9;5;1
2020;1035;825;210;17;17.000;1.000;9.000;1.000;14.000;16.000;14.400;15.400;9;5;0
2020;1035;826;213;16;16.000;2.000;7.000;14.000;11.167;12.500;12.200;14.400;9;5;0
2020;1035;830;9;4;2.000;77.000;2.000;113.000;7.333;7.594;5.800;4.200;9;5;1
2020;1035;832;1;12;11.000;15.000;4.000;53.000;12.833;9.326;9.200;9.000;9;5;0
2020;1035;839;4;14;10.000;16.000;6.000;36.000;7.000;11.425;12.600;9.200;9;5;0
2020;1035;840;211;6;7.000;28.000;5.000;41.000;12.500;13.200;11.600;9.400;9;5;0
2020;1035;841;51;19;15.000;2.000;8.000;2.000;16.000;10.053;14.000;15.600;9;5;0
2020;1035;842;213;7;12.000;12.000;7.000;14.000;8.000;11.667;13.400;13.400;9;5;0
2020;1035;844;6;8;4.000;45.000;3.000;55.000;8.333;8.772;7.600;8.400;9;5;0
2020;1035;846;1;10;5.000;38.000;4.000;53.000;8.000;9.367;6.800;10.600;9;5;0
2020;1035;847;3;15;20.000;0.000;10.000;0.000;13.000;10.156;15.600;16.200;9;5;0
2020;1035;848;9;9;6.000;36.000;2.000;113.000;10.000;7.394;7.200;3.600;9;5;0
2020;1035;849;3;18;19.000;0.000;10.000;0.000;15.000;10.256;15.500;16.400;9;5;0
2020;1036;1;131;1;1.000;132.000;1.000;221.000;5.923;7.600;1.800;4.000;4;6;1
2020;1036;8;51;14;18.000;0.000;8.000;2.000;9.882;15.000;14.400;16.000;4;6;0
2020;1036;20;6;11;11.000;16.000;5.000;61.000;5.000;7.155;11.600;8.000;4;6;0
2020;1036;154;210;17;21.000;0.000;9.000;1.000;12.250;11.750;15.400;16.200;4;6;0
2020;1036;815;211;4;8.000;32.000;3.000;63.000;10.556;17.000;7.000;9.200;4;6;0
2020;1036;817;4;13;10.000;20.000;6.000;36.000;7.125;9.500;10.600;9.200;4;6;0
2020;1036;822;131;2;3.000;89.000;1.000;221.000;7.286;7.286;4.000;3.600;4;6;1
2020;1036;825;210;16;17.000;1.000;9.000;1.000;10.600;12.556;15.600;18.000;4;6;0
2020;1036;830;9;3;2.000;95.000;2.000;135.000;7.400;6.867;5.600;4.200;4;6;1
2020;1036;832;1;7;9.000;23.000;4.000;62.000;7.400;9.621;9.800;10.600;4;6;0
2020;1036;839;4;15;12.000;16.000;6.000;36.000;10.500;9.552;10.800;8.600;4;6;0
2020;1036;840;211;5;5.000;40.000;3.000;63.000;15.333;13.000;8.800;9.400;4;6;0
2020;1036;841;51;20;15.000;2.000;8.000;2.000;16.000;14.667;14.200;15.400;4;6;0
2020;1036;842;213;10;13.000;14.000;7.000;16.000;12.500;12.000;12.000;11.600;4;6;0
2020;1036;844;6;9;4.000;45.000;5.000;61.000;7.500;7.153;7.800;7.200;4;6;0
2020;1036;846;1;8;7.000;39.000;4.000;62.000;20.000;9.559;7.000;9.200;4;6;0
2020;1036;847;3;18;20.000;0.000;10.000;0.000;17.000;10.017;15.800;16.600;4;6;0
2020;1036;848;9;6;6.000;40.000;2.000;135.000;11.000;6.710;7.000;3.600;4;6;0
2020;1037;1;131;1;1.000;157.000;1.000;264.000;7.923;4.652;1.200;4.000;13;7;1
2020;1037;8;51;16;18.000;0.000;8.000;2.000;9.200;11.250;14.400;15.200;13;7;0
2020;1037;20;6;14;13.000;16.000;5.000;61.000;6.000;9.315;11.000;9.200;13;7;0
2020;1037;154;210;17;21.000;0.000;9.000;1.000;12.556;10.875;16.000;17.800;13;7;0
2020;1037;815;211;8;9.000;33.000;4.000;66.000;10.889;8.000;6.200;6.200;13;7;0
2020;1037;817;4;4;8.000;33.000;6.000;59.000;10.444;12.000;9.000;10.400;13;7;0
2020;1037;822;131;2;3.000;107.000;1.000;264.000;6.714;4.500;4.400;2.000;13;7;1
2020;1037;825;210;20;17.000;1.000;9.000;1.000;13.000;11.333;15.200;17.000;13;7;0
2020;1037;830;9;3;2.000;110.000;2.000;158.000;12.200;8.036;2.000;4.800;13;7;1
2020;1037;832;1;7;11.000;23.000;3.000;68.000;15.400;9.060;10.000;8.600;13;7;0
2020;1037;839;4;6;10.000;26.000;6.000;59.000;10.333;11.724;11.800;10.000;13;7;0
2020;1037;840;211;9;7.000;42.000;4.000;66.000;11.333;8.667;6.000;6.400;13;7;0
2020;1037;841;51;18;15.000;2.000;8.000;2.000;18.000;11.308;15.600;14.800;13;7;0
2020;1037;842;213;12;12.000;18.000;7.000;20.000;9.000;11.000;12.400;10.600;13;7;0
2020;1037;844;6;13;5.000;45.000;5.000;61.000;9.500;9.344;11.400;11.200;13;7;0
2020;1037;846;1;10;6.000;45.000;3.000;68.000;11.000;9.221;8.400;11.600;13;7;0
2020;1037;847;3;15;20.000;0.000;10.000;0.000;15.000;9.912;16.200;17.400;13;7;0
2020;1037;848;9;5;4.000;48.000;2.000;158.000;5.000;7.862;6.000;3.800;13;7;0
2020;1038;1;131;1;1.000;164.000;1.000;281.000;5.154;5.667;1.200;2.000;14;8;0
2020;1038;8;51;14;19.000;0.000;8.000;2.000;7.176;12.720;14.600;15.400;14;8;0
2020;1038;20;6;17;13.000;16.000;6.000;61.000;6.615;8.691;9.600;11.600;14;8;0
2020;1038;154;210;16;20.000;0.000;9.000;1.000;15.000;15.000;16.400;17.200;14;8;0
2020;1038;815;211;4;11.000;34.000;4.000;82.000;8.333;9.500;6.800;6.800;14;8;0
2020;1038;817;4;7;10.000;41.000;5.000;71.000;8.667;11.452;8.200;8.200;14;8;0
2020;1038;822;131;2;2.000;117.000;1.000;281.000;5.143;5.714;4.400;2.800;14;8;0
2020;1038;825;210;15;17.000;1.000;9.000;1.000;14.400;14.667;16.200;15.600;14;8;0
2020;1038;830;9;5;3.000;110.000;2.000;158.000;8.400;10.067;2.000;4.800;14;8;0
2020;1038;832;1;3;9.000;41.000;3.000;98.000;13.600;10.602;12.200;10.400;14;8;1
2020;1038;839;4;12;12.000;30.000;5.000;71.000;10.000;11.326;9.200;7.800;14;8;0
2020;1038;840;211;8;4.000;57.000;4.000;82.000;9.333;9.667;6.400;7.600;14;8;1
2020;1038;841;51;18;16.000;2.000;8.000;2.000;9.000;12.731;16.400;14.600;14;8;0
2020;1038;842;213;10;8.000;43.000;7.000;47.000;12.500;9.000;11.000;9.800;14;8;1
2020;1038;844;6;13;7.000;45.000;6.000;61.000;6.000;8.749;10.400;14.800;14;8;0
2020;1038;846;1;6;5.000;57.000;3.000;98.000;10.000;10.519;8.800;9.000;14;8;0
2020;1038;847;3;19;21.000;0.000;10.000;0.000;14.000;9.578;16.800;17.800;14;8;0
2020;1038;848;9;9;6.000;48.000;2.000;158.000;6.000;10.290;6.400;7.200;14;8;0
2020;1040;1;131;1;1.000;205.000;1.000;366.000;1.667;3.000;2.400;3.400;71;10;1
2020;1040;8;51;19;16.000;2.000;8.000;4.000;6.667;14.000;12.600;14.600;71;10;0
2020;1040;20;6;14;13.000;17.000;6.000;74.000;8.833;6.750;12.400;14.000;71;10;0
2020;1040;154;210;16;21.000;0.000;9.000;1.000;15.333;13.125;14.800;15.200;71;10;0
2020;1040;815;211;4;9.000;56.000;4.000;104.000;7.500;9.000;7.400;8.000;71;10;0
2020;1040;817;4;5;6.000;63.000;5.000;99.000;12.500;13.000;7.800;7.400;71;10;0
2020;1040;822;131;3;2.000;161.000;1.000;366.000;4.000;3.000;3.000;3.600;71;10;1
2020;1040;825;210;18;18.000;1.000;9.000;1.000;8.400;13.556;17.400;15.200;71;10;0
2020;1040;830;9;2;3.000;128.000;2.000;192.000;8.600;8.583;8.400;12.000;71;10;1
2020;1040;832;1;6;11.000;41.000;3.000;106.000;12.200;10.250;11.800;7.400;71;10;0
2020;1040;839;4;7;12.000;36.000;5.000;99.000;8.000;12.111;9.600;7.400;71;10;0
2020;1040;840;211;12;8.000;57.000;4.000;104.000;12.333;7.333;7.000;7.000;71;10;0
2020;1040;841;51;17;17.000;2.000;8.000;4.000;15.000;14.000;16.800;13.800;71;10;0
2020;1040;842;213;9;10.000;45.000;7.000;59.000;16.500;8.000;9.800;9.000;71;10;0
2020;1040;844;6;10;7.000;57.000;6.000;74.000;5.000;7.231;12.800;13.800;71;10;0
2020;1040;846;1;8;4.000;65.000;3.000;106.000;8.000;10.923;7.200;9.800;71;10;0
2020;1040;847;3;13;20.000;0.000;10.000;0.000;17.000;10.417;15.800;13.400;71;10;0
2020;1040;848;9;15;5.000;64.000;2.000;192.000;5.000;8.077;7.400;11.200;71;10;0
2020;1041;1;131;2;1.000;230.000;1.000;391.000;8.250;7.625;2.600;2.400;20;11;1
2020;1041;8;51;19;17.000;2.000;8.000;5.000;11.222;13.500;12.400;13.400;20;11;0
2020;1041;20;6;11;13.000;17.000;6.000;80.000;2.333;8.000;12.600;11.000;20;11;0
2020;1041;815;211;9;5.000;68.000;3.000;120.000;9.500;8.000;6.800;10.000;20;11;0
2020;1041;817;4;6;4.000;78.000;5.000;114.000;15.500;10.429;6.000;7.600;20;11;1
2020;1041;822;131;1;2.000;161.000;1.000;391.000;16.000;6.889;2.600;1.600;20;11;0
2020;1043;8;51;18;16.000;4.000;8.000;8.000;10.833;16.333;11.800;11.800;21;13;0
2020;1044;1;131;6;1.000;307.000;1.000;504.000;5.000;6.500;1.400;5.000;5;14;1
2020;1044;20;6;11;13.000;33.000;6.000;130.000;12.400;5.857;11.200;7.600;5;14;1
2020;1045;1;131;1;1.000;332.000;1.000;533.000;3.833;3.556;1.400;4.000;3;15;1
2020;1045;8;51;17;16.000;4.000;8.000;8.000;6.000;9.000;12.200;13.800;3;15;0
2020;1045;20;6;11;13.000;33.000;6.000;131.000;6.273;6.333;9.800;5.600;3;15;0
2020;1045;154;210;19;18.000;2.000;9.000;3.000;8.875;12.750;15.000;16.600;3;15;0
2020;1045;815;211;5;5.000;100.000;4.000;154.000;9.625;12.000;4.600;10.000;3;15;0
2020;1045;817;4;6;4.000;102.000;5.000;144.000;11.000;11.591;6.000;10.200;3;15;0
2020;1045;822;131;2;2.000;201.000;1.000;533.000;6.000;3.421;7.600;3.800;3;15;0
2020;1045;825;210;18;19.000;1.000;9.000;3.000;13.200;13.556;15.200;17.400;3;15;0
2020;1045;830;9;3;3.000;189.000;2.000;274.000;13.000;9.071;6.000;11.400;3;15;1
2020;1045;832;1;15;8.000;85.000;3.000;171.000;16.600;10.567;8.400;8.200;3;15;0
2020;1045;839;4;7;12.000;42.000;5.000;144.000;10.000;11.391;12.600;10.000;3;15;0
2020;1045;840;211;13;11.000;59.000;4.000;154.000;15.000;14.000;15.000;9.600;3;15;0
2020;1045;841;51;16;17.000;4.000;8.000;8.000;11.000;11.000;13.200;13.800;3;15;0
2020;1045;842;213;8;10.000;71.000;7.000;97.000;6.000;11.000;10.600;12.000;3;15;0
2020;1045;844;6;12;6.000;98.000;6.000;131.000;7.500;6.548;5.200;7.400;3;15;0
2020;1045;846;1;9;7.000;86.000;3.000;171.000;6.000;10.387;12.000;6.600;3;15;0
2020;1045;847;3;14;21.000;0.000;10.000;0.000;15.000;11.667;16.800;16.000;3;15;0
2020;1045;848;9;4;9.000;85.000;2.000;274.000;9.000;8.828;12.200;9.400;3;15;1
2020;1046;8;51;18;16.000;4.000;8.000;8.000;6.600;12.250;12.400;15.200;3;16;0
2020;1046;20;6;13;13.000;33.000;6.000;131.000;6.833;6.656;9.800;7.000;3;16;0
2020;1046;815;211;5;4.000;125.000;3.000;194.000;10.556;15.250;7.400;12.200;3;16;1
2020;1046;817;4;7;5.000;112.000;5.000;172.000;10.556;11.292;6.400;11.200;3;16;0
2020;1046;822;131;1;2.000;205.000;1.000;540.000;6.250;3.650;9.000;5.200;3;16;0
2020;1046;825;210;15;20.000;1.000;9.000;3.000;13.833;13.900;16.200;18.000;3;16;0
2020;1046;826;213;6;14.000;32.000;7.000;103.000;10.333;8.500;12.200;12.400;3;16;0
2020;1046;830;9;3;3.000;189.000;2.000;282.000;11.167;8.633;6.000;6.600;3;16;0
2020;1046;832;1;8;7.000;97.000;4.000;184.000;14.667;10.188;5.600;6.000;3;16;0
2020;1046;839;4;11;12.000;60.000;5.000;172.000;9.667;11.040;13.000;8.400;3;16;1
2020;1046;840;211;10;10.000;74.000;3.000;194.000;16.000;12.400;16.200;9.800;3;16;1
2020;1046;841;51;14;17.000;4.000;8.000;8.000;13.500;12.600;14.200;16.000;3;16;0
2020;1046;842;213;9;11.000;71.000;7.000;103.000;6.000;8.000;10.000;9.800;3;16;0
2020;1046;844;6;4;6.000;98.000;6.000;131.000;8.333;6.818;6.000;8.400;3;16;0
2020;1046;846;1;19;9.000;87.000;4.000;184.000;5.000;10.000;9.800;5.200;3;16;0
2020;1046;847;131;2;18.000;3.000;1.000;540.000;13.500;3.857;15.600;6.400;3;16;0
2020;1046;848;9;12;8.000;93.000;2.000;282.000;6.000;8.968;10.800;7.400;3;16;0
2020;1046;849;3;16;21.000;0.000;10.000;0.000;14.000;11.750;15.200;14.400;3;16;0
2020;1047;1;131;3;1.000;347.000;1.000;573.000;5.273;5.950;1.000;8.000;24;17;1
2020;1047;8;51;15;16.000;4.000;8.000;8.000;10.000;14.500;12.800;15.600;24;17;0
2020;1047;20;6;13;13.000;33.000;6.000;131.000;5.000;6.591;10.000;11.800;24;17;0
2020;1047;815;211;19;4.000;125.000;4.000;195.000;8.556;13.500;6.800;10.000;24;17;0
2020;1047;817;4;11;5.000;119.000;5.000;181.000;10.778;13.214;6.800;6.800;24;17;0
2020;1047;822;131;2;2.000;223.000;1.000;573.000;8.857;5.810;6.800;5.800;24;17;1
2020;1047;825;210;20;20.000;1.000;9.000;3.000;14.000;11.875;16.600;17.200;24;17;0
2020;1047;830;9;1;3.000;214.000;2.000;319.000;6.000;6.500;9.400;7.400;24;17;1
2020;1047;832;1;6;6.000;105.000;3.000;202.000;12.800;10.182;5.400;6.200;24;17;0
2020;1047;839;4;10;12.000;62.000;5.000;181.000;12.667;12.800;9.800;6.000;24;17;0
2020;1047;840;211;8;11.000;75.000;4.000;195.000;17.000;15.667;12.800;12.200;24;17;0
2020;1047;841;51;14;17.000;4.000;8.000;8.000;16.000;13.667;14.800;14.000;24;17;0
2020;1047;842;213;9;10.000;75.000;7.000;107.000;16.667;11.000;11.000;9.200;24;17;0
2020;1047;844;6;12;8.000;98.000;6.000;131.000;5.000;6.913;8.600;13.800;24;17;0
2020;1047;846;1;4;9.000;97.000;3.000;202.000;8.000;10.000;8.600;5.800;24;17;0
2020;1047;847;3;16;18.000;3.000;10.000;0.000;17.000;11.955;13.400;15.800;24;17;0
2020;1047;848;9;5;7.000;105.000;2.000;319.000;6.000;6.261;8.600;6.200;24;17;0
2021;1052;1;131;2;1.000;25.000;1.000;41.000;3.615;4.091;1.400;6.000;3;1;1
2021;1052;8;51;14;11.000;0.000;7.000;0.000;7.062;12.667;13.000;14.200;3;1;0
2021;1052;815;9;18;5.000;10.000;2.000;28.000;9.600;8.875;9.400;6.600;3;1;0
2021;1052;817;1;6;7.000;6.000;3.000;18.000;10.000;10.000;6.400;5.800;3;1;0
2021;1052;822;131;3;3.000;16.000;1.000;41.000;6.444;3.957;6.800;4.600;3;1;1
2021;1052;830;9;1;2.000;18.000;2.000;28.000;12.286;8.758;9.000;7.000;3;1;1
2021;1052;832;6;8;8.000;4.000;4.000;12.000;13.143;7.206;5.400;13.800;3;1;0
2021;1052;839;214;16;13.000;0.000;8.000;0.000;7.750;19.000;10.000;19.000;3;1;0
2021;1052;840;117;10;10.000;1.000;6.000;1.000;13.400;15.000;10.800;15.200;3;1;0
2021;1052;841;51;12;12.000;0.000;7.000;0.000;13.333;12.429;15.000;13.200;3;1;0
2021;1052;842;213;5;17.000;0.000;5.000;2.000;7.250;8.750;11.600;8.600;3;1;0
2021;1052;844;6;4;6.000;8.000;4.000;12.000;11.250;7.229;10.400;13.400;3;1;0
2021;1052;846;1;7;4.000;12.000;3.000;18.000;6.667;9.914;7.000;6.400;3;1;0
2021;1052;847;3;15;14.000;0.000;9.000;0.000;12.000;12.059;13.600;16.000;3;1;0
2021;1052;849;3;17;18.000;0.000;9.000;0.000;16.000;12.114;15.800;16.000;3;1;0
2021;1053;1;131;1;1.000;44.000;1.000;60.000;1.000;1.500;1.400;3.600;21;2;1
2021;1053;8;51;16;14.000;0.000;8.000;0.000;10.571;15.357;13.400;12.800;21;2;0
2021;1053;815;9;2;8.000;10.000;2.000;53.000;6.000;14.500;9.200;3.600;21;2;0
2021;1053;817;1;6;7.000;14.000;3.000;41.000;3.000;7.870;7.200;6.400;21;2;0
2021;1053;822;131;8;5.000;16.000;1.000;60.000;2.000;1.667;7.000;2.200;21;2;0
2021;1053;830;9;3;2.000;43.000;2.000;53.000;17.000;14.000;6.000;4.600;21;2;1
2021;1053;832;6;11;6.000;14.000;4.000;34.000;7.000;8.482;5.600;12.200;21;2;0
2021;1053;839;214;9;12.000;2.000;7.000;3.000;19.000;10.000;8.800;14.000;21;2;0
2021;1053;840;117;10;10.000;5.000;6.000;5.000;13.000;15.000;10.200;14.600;21;2;0
2021;1053;841;51;17;15.000;0.000;8.000;0.000;10.000;15.200;15.400;12.800;21;2;0
2021;1053;842;213;5;9.000;6.000;5.000;8.000;20.000;12.000;11.000;11.200;21;2;0
2021;1053;844;6;4;4.000;20.000;4.000;34.000;5.000;8.421;10.600;9.200;21;2;0
2021;1053;846;1;7;3.000;27.000;3.000;41.000;8.000;7.836;6.200;5.600;21;2;1
2021;1053;847;3;12;16.000;0.000;9.000;0.000;16.000;9.764;13.200;16.000;21;2;0
2021;1053;849;3;14;20.000;0.000;9.000;0.000;11.000;9.929;17.200;16.600;21;2;0
2021;1054;1;131;2;1.000;69.000;1.000;101.000;1.000;1.500;1.600;5.200;75;3;1
2021;1054;8;51;15;14.000;0.000;8.000;0.000;11.000;13.000;13.000;13.200;75;3;0
2021;1054;815;9;4;6.000;22.000;2.000;83.000;7.000;7.500;11.000;4.600;75;3;0
2021;1054;817;1;16;7.000;16.000;3.000;53.000;9.000;9.500;6.400;5.000;75;3;0
2021;1054;822;131;1;4.000;32.000;1.000;101.000;2.000;1.333;7.800;5.000;75;3;1
2021;1054;830;9;3;2.000;61.000;2.000;83.000;3.000;6.333;5.000;4.600;75;3;1
2021;1054;832;6;5;8.000;14.000;4.000;42.000;6.000;7.000;5.600;7.200;75;3;0
2021;1054;839;214;6;9.000;8.000;5.000;13.000;8.000;8.000;8.400;11.800;75;3;0
2021;1054;840;117;17;11.000;5.000;7.000;5.000;20.000;13.000;10.000;12.200;75;3;0
2021;1054;841;51;12;15.000;0.000;8.000;0.000;15.000;15.333;14.200;14.000;75;3;0
2021;1054;842;213;9;10.000;7.000;6.000;9.000;5.000;12.000;9.800;10.600;75;3;0
2021;1054;844;6;8;5.000;28.000;4.000;42.000;4.000;8.333;10.600;6.800;75;3;0
2021;1054;846;1;7;3.000;37.000;3.000;53.000;13.000;9.333;5.200;5.800;75;3;0
2021;1054;847;3;11;17.000;0.000;9.000;0.000;14.000;16.000;13.800;17.600;75;3;0
2021;1054;849;3;18;20.000;0.000;9.000;0.000;18.000;16.000;17.400;17.400;75;3;0
2021;1055;1;131;1;1.000;94.000;1.000;141.000;5.571;7.091;1.600;5.400;4;4;1
2021;1055;8;51;17;14.000;0.000;8.000;0.000;10.111;15.000;14.000;14.200;4;4;0
2021;1055;815;9;8;6.000;32.000;2.000;112.000;10.000;6.750;8.200;4.000;4;4;0
2021;1055;817;1;7;7.000;24.000;3.000;65.000;7.556;9.567;6.800;5.400;4;4;0
2021;1055;822;131;3;3.000;47.000;1.000;141.000;6.750;6.826;6.800;5.000;4;4;1
2021;1055;830;9;2;2.000;80.000;2.000;112.000;6.500;6.697;5.000;4.600;4;4;1
2021;1055;832;6;6;8.000;20.000;4.000;60.000;7.167;7.367;6.800;6.400;4;4;0
2021;1055;839;214;5;9.000;10.000;5.000;15.000;11.333;17.000;8.000;10.200;4;4;0
2021;1055;840;117;11;11.000;5.000;7.000;5.000;12.500;13.000;9.000;12.600;4;4;0
2021;1055;841;51;14;15.000;0.000;8.000;0.000;16.000;14.400;13.400;14.200;4;4;0
2021;1055;842;213;12;10.000;8.000;6.000;10.000;11.333;10.500;10.600;10.600;4;4;0
2021;1055;844;6;4;5.000;40.000;4.000;60.000;11.667;7.361;9.800;6.600;4;4;0
2021;1055;846;1;9;4.000;41.000;3.000;65.000;15.000;9.508;5.400;5.800;4;4;0
2021;1055;847;3;15;17.000;0.000;9.000;0.000;17.000;10.267;14.600;18.200;4;4;0
2021;1055;849;3;19;19.000;0.000;9.000;0.000;18.000;10.328;18.200;17.400;4;4;0
2021;1056;1;131;7;2.000;101.000;2.000;148.000;4.000;7.500;1.600;5.200;6;5;0
2021;1056;8;51;14;16.000;0.000;8.000;1.000;9.765;13.412;13.600;14.600;6;5;0
2021;1056;815;9;9;5.000;44.000;1.000;149.000;13.222;7.700;9.000;2.800;6;5;0
2021;1056;817;1;12;8.000;24.000;3.000;80.000;7.250;9.940;7.000;6.200;6;5;0
2021;1056;822;131;3;4.000;47.000;2.000;148.000;9.429;7.480;5.800;3.000;6;5;0
2021;1056;830;9;2;1.000;105.000;1.000;149.000;10.800;7.581;1.600;3.400;6;5;1
2021;1056;832;6;4;7.000;38.000;4.000;78.000;8.000;7.497;7.400;6.400;6;5;1
2021;1056;839;214;11;10.000;12.000;7.000;17.000;9.000;13.000;9.400;10.800;6;5;0
2021;1056;840;117;13;12.000;9.000;5.000;19.000;16.000;5.000;10.600;11.200;6;5;0
2021;1056;841;51;10;15.000;1.000;8.000;1.000;19.000;13.278;13.800;14.000;6;5;0
2021;1056;844;6;1;6.000;40.000;4.000;78.000;19.000;7.460;6.600;6.000;6;5;0
2021;1056;846;1;5;3.000;56.000;3.000;80.000;11.000;9.960;5.000;8.000;6;5;1
2021;1056;847;3;15;17.000;0.000;9.000;0.000;15.000;11.060;15.600;16.800;6;5;0
2021;1057;1;131;2;2.000;101.000;2.000;148.000;3.250;3.875;2.400;6.600;73;6;0
2021;1057;8;51;14;15.000;1.000;8.000;2.000;7.500;11.000;13.400;12.000;73;6;0
2021;1057;815;9;6;3.000;69.000;1.000;174.000;6.750;11.000;5.800;2.800;73;6;1
2021;1057;817;1;13;10.000;26.000;4.000;92.000;11.250;10.250;8.000;6.800;73;6;0
2021;1057;822;131;10;6.000;47.000;2.000;148.000;5.750;5.111;9.200;9.000;73;6;0
2021;1057;830;9;3;1.000;105.000;1.000;174.000;11.500;9.889;1.600;2.600;73;6;0
2021;1057;832;6;5;7.000;42.000;3.000;94.000;10.250;4.750;6.600;7.800;73;6;0
2021;1057;839;214;12;12.000;12.000;7.000;25.000;12.500;6.000;9.400;10.800;73;6;0
2021;1057;840;117;19;13.000;9.000;6.000;37.000;6.667;2.000;10.200;7.800;73;6;0
2021;1057;841;51;20;16.000;1.000;8.000;2.000;12.000;10.667;12.600;11.600;73;6;0
2021;1057;844;6;1;5.000;52.000;3.000;94.000;5.500;5.111;8.000;8.200;73;6;0
2021;1057;846;1;9;4.000;66.000;4.000;92.000;8.000;10.111;4.600;7.600;73;6;0
2021;1057;847;3;15;18.000;0.000;10.000;0.000;15.000;11.750;15.400;15.400;73;6;0
2021;1059;1;131;2;2.000;119.000;2.000;178.000;1.000;2.750;5.200;11.200;34;7;1
2021;1059;8;51;17;15.000;1.000;8.000;2.000;5.000;13.700;13.200;11.400;34;7;0
2021;1059;815;9;4;3.000;84.000;1.000;215.000;15.000;5.000;5.000;5.200;34;7;1
2021;1059;817;1;10;9.000;34.000;3.000;110.000;7.500;10.235;8.400;7.400;34;7;0
2021;1059;822;131;3;5.000;59.000;2.000;178.000;4.500;2.600;11.000;11.000;34;7;0
2021;1059;830;9;1;1.000;131.000;1.000;215.000;3.000;4.600;4.800;5.400;34;7;1
2021;1059;832;6;5;7.000;42.000;4.000;94.000;7.000;10.594;6.600;7.600;34;7;0
2021;1059;839;214;11;12.000;12.000;7.000;29.000;19.000;8.000;10.800;11.200;34;7;0
2021;1059;840;117;19;13.000;10.000;6.000;40.000;15.000;9.000;12.000;8.600;34;7;0
2021;1059;841;51;13;16.000;1.000;8.000;2.000;16.000;14.000;12.400;11.800;34;7;0
2021;1059;844;6;7;6.000;52.000;4.000;94.000;6.500;10.606;7.600;9.000;34;7;0
2021;1059;846;1;8;4.000;76.000;3.000;110.000;9.000;10.114;4.800;7.000;34;7;0
2021;1059;847;3;14;17.000;0.000;9.000;0.000;19.000;10.760;16.000;15.600;34;7;0
2021;1058;1;131;2;2.000;138.000;2.000;212.000;4.375;4.188;5.200;10.400;70;8;1
2021;1058;8;51;18;15.000;1.000;8.000;2.000;9.000;16.118;14.000;12.600;70;8;0
2021;1058;815;9;4;3.000;96.000;1.000;252.000;8.625;9.250;3.400;4.800;70;8;0
2021;1058;817;1;13;9.000;34.000;3.000;120.000;10.375;9.329;8.400;5.600;70;8;0
2021;1058;822;131;5;5.000;74.000;2.000;212.000;5.375;4.059;8.200;7.000;70;8;1
2021;1058;830;9;1;1.000;156.000;1.000;252.000;7.857;8.941;4.800;5.400;70;8;1
2021;1058;832;6;12;7.000;50.000;4.000;108.000;10.714;8.175;7.800;11.800;70;8;0
2021;1058;839;214;17;13.000;12.000;7.000;31.000;10.000;9.000;11.800;11.400;70;8;0
2021;1058;840;117;9;12.000;14.000;6.000;44.000;12.600;12.000;12.400;10.400;70;8;0
2021;1058;841;51;15;16.000;1.000;8.000;2.000;11.000;15.833;12.600;12.800;70;8;0
2021;1058;842;213;6;8.000;37.000;5.000;46.000;10.000;11.000;7.200;9.200;70;8;0
2021;1058;844;6;7;6.000;58.000;4.000;108.000;8.000;8.141;10.000;9.000;70;8;0
2021;1058;846;1;3;4.000;86.000;3.000;120.000;4.667;9.380;5.200;7.600;70;8;0
2021;1058;847;3;10;17.000;0.000;9.000;0.000;16.333;11.615;14.600;15.600;70;8;0
2021;1058;849;3;16;20.000;0.000;9.000;0.000;14.000;11.755;16.600;16.400;70;8;0
2021;1060;1;131;4;2.000;150.000;2.000;242.000;4.111;4.000;5.400;4.600;70;9;0
2021;1060;4;214;14;11.000;20.000;7.000;32.000;13.750;11.500;10.600;13.000;70;9;0
2021;1060;8;51;16;15.000;1.000;8.000;2.000;9.167;15.789;12.200;13.800;70;9;0
2021;1060;20;117;11;10.000;30.000;6.000;44.000;10.778;10.000;8.200;11.600;70;9;0
2021;1060;815;9;3;3.000;104.000;1.000;286.000;8.111;8.500;3.400;5.400;70;9;0
2021;1060;817;1;13;8.000;40.000;3.000;141.000;10.667;9.319;9.200;6.800;70;9;0
2021;1060;822;131;5;5.000;92.000;2.000;242.000;5.111;4.000;8.200;3.000;70;9;1
2021;1060;830;9;1;1.000;182.000;1.000;286.000;7.000;8.368;4.600;3.000;70;9;1
2021;1060;832;6;10;7.000;60.000;4.000;122.000;10.125;8.123;6.800;8.800;70;9;0
2021;1060;839;214;17;13.000;12.000;7.000;32.000;10.800;11.000;13.200;11.000;70;9;0
2021;1060;840;117;9;12.000;14.000;6.000;44.000;11.833;12.333;11.200;11.200;70;9;0
2021;1060;841;51;15;16.000;1.000;8.000;2.000;12.000;15.750;13.200;14.600;70;9;0
2021;1060;842;213;6;9.000;39.000;5.000;48.000;12.000;12.333;9.200;11.400;70;9;0
2021;1060;844;6;12;6.000;62.000;4.000;122.000;7.800;8.076;10.200;9.000;70;9;0
2021;1060;846;1;2;4.000;101.000;3.000;141.000;4.750;9.288;5.200;7.200;70;9;1
2021;1060;847;3;8;17.000;0.000;9.000;0.000;17.000;11.852;15.200;16.400;70;9;0
2021;1060;849;3;18;20.000;0.000;9.000;0.000;15.000;11.836;16.400;15.400;70;9;0
2021;1060;852;213;7;14.000;9.000;5.000;48.000;10.000;11.857;13.200;11.800;70;9;0
2021;1060;853;210;20;19.000;0.000;10.000;0.000;18.000;12.714;17.600;17.200;70;9;0
2021;1060;854;210;19;18.000;0.000;10.000;0.000;16.000;13.133;16.800;18.400;70;9;0
2021;1061;1;131;2;2.000;177.000;2.000;285.000;3.200;4.615;6.000;3.000;9;10;1
2021;1061;8;51;13;15.000;1.000;8.000;2.000;7.053;10.400;12.800;14.000;9;10;0
2021;1061;20;117;8;10.000;30.000;6.000;48.000;8.286;16.500;9.000;12.000;9;10;0
2021;1061;815;9;18;5.000;104.000;1.000;289.000;12.333;7.324;3.600;2.600;9;10;0
2021;1061;817;1;6;8.000;50.000;3.000;163.000;8.818;9.363;9.400;6.600;9;10;0
2021;1061;822;131;3;4.000;108.000;2.000;285.000;6.111;4.481;8.000;2.400;9;10;1
2021;1061;830;9;1;1.000;185.000;1.000;289.000;6.429;7.571;4.400;5.600;9;10;0
2021;1061;832;6;10;7.000;68.000;4.000;148.000;12.857;8.734;6.400;8.400;9;10;0
2021;1061;839;214;9;13.000;14.000;7.000;40.000;7.250;7.000;15.400;12.000;9;10;0
2021;1061;840;117;14;12.000;18.000;6.000;48.000;11.200;17.333;11.600;13.800;9;10;0
2021;1061;841;51;15;16.000;1.000;8.000;2.000;16.333;10.619;13.000;14.000;9;10;0
2021;1061;842;213;11;9.000;39.000;5.000;49.000;8.750;11.500;9.000;12.800;9;10;0
2021;1061;844;6;4;6.000;80.000;4.000;148.000;7.250;8.712;11.000;6.400;9;10;1
2021;1061;846;1;5;3.000;113.000;3.000;163.000;8.333;9.315;4.200;6.600;9;10;0
2021;1061;847;3;12;17.000;0.000;9.000;0.000;14.667;10.367;14.600;16.200;9;10;0
2021;1061;849;3;17;19.000;0.000;9.000;0.000;17.000;10.387;16.400;15.000;9;10;0
2021;1062;1;131;1;1.000;195.000;1.000;303.000;3.571;7.636;4.800;2.600;11;11;1
2021;1062;8;51;13;17.000;2.000;9.000;3.000;6.500;14.250;13.600;14.400;11;11;0
2021;1062;815;9;4;5.000;104.000;2.000;291.000;12.700;7.406;6.000;8.800;11;11;0
2021;1062;817;1;11;9.000;50.000;4.000;163.000;9.900;8.329;8.000;4.800;11;11;0
2021;1062;822;131;2;4.000;108.000;1.000;303.000;8.625;7.391;4.800;2.400;11;11;0
2021;1062;830;9;3;2.000;187.000;2.000;291.000;6.167;7.697;8.200;12.000;11;11;0
2021;1062;832;6;15;6.000;83.000;3.000;163.000;9.167;8.243;7.200;5.600;11;11;1
2021;1062;839;214;8;10.000;39.000;5.000;77.000;12.000;4.000;15.400;10.000;11;11;1
2021;1062;840;117;12;14.000;18.000;7.000;48.000;13.000;20.000;11.600;15.400;11;11;0
2021;1062;841;51;19;18.000;1.000;9.000;3.000;17.500;13.400;13.600;13.400;11;11;0
2021;1062;842;213;5;8.000;50.000;6.000;68.000;10.667;16.000;10.000;10.400;11;11;0
2021;1062;844;6;7;7.000;80.000;3.000;163.000;11.667;8.169;7.400;4.800;11;11;0
2021;1062;846;1;6;3.000;113.000;4.000;163.000;11.000;8.366;4.400;6.000;11;11;0
2021;1062;847;3;17;16.000;4.000;8.000;10.000;17.000;9.200;14.200;14.000;11;11;0
2021;1062;849;3;18;15.000;6.000;8.000;10.000;19.000;9.183;16.200;12.200;11;11;0
2021;1063;1;131;3;1.000;202.500;1.000;310.500;7.429;4.400;2.200;4.800;13;12;1
2021;1063;8;51;20;17.000;2.000;9.000;3.000;9.375;11.786;13.600;13.000;13;12;0
2021;1063;815;9;20;5.000;104.000;2.000;303.500;10.800;7.800;9.200;12.600;13;12;0
2021;1063;817;1;4;8.000;56.000;3.000;169.000;9.800;9.188;8.400;7.600;13;12;0
2021;1063;822;131;13;4.000;108.000;1.000;310.500;6.125;4.346;5.600;5.000;13;12;0
2021;1063;830;9;1;2.000;199.500;2.000;303.500;10.667;8.161;6.400;16.200;13;12;1
2021;1063;832;6;11;6.000;83.500;4.000;165.500;16.167;9.379;6.200;7.400;13;12;0
2021;1063;839;214;8;10.000;42.000;5.000;80.000;9.000;11.000;11.600;6.400;13;12;0
2021;1063;840;117;19;14.000;18.000;7.000;53.000;10.750;5.000;11.600;14.200;13;12;0
2021;1063;841;51;14;18.000;1.000;9.000;3.000;18.000;12.200;14.000;13.800;13;12;0
2021;1063;842;213;6;9.000;54.000;6.000;72.000;8.667;9.500;10.400;8.800;13;12;0
2021;1063;844;6;9;7.000;82.000;4.000;165.500;11.000;9.383;10.200;7.800;13;12;0
2021;1063;846;1;15;3.000;113.000;3.000;169.000;9.000;9.114;6.400;7.800;13;12;0
2021;1063;847;3;2;15.000;13.000;8.000;20.000;17.000;10.129;12.400;11.400;13;12;1
2021;1063;849;3;10;16.000;7.000;8.000;20.000;16.000;10.014;14.400;8.600;13;12;0
2021;1065;1;131;4;2.000;221.500;1.000;362.500;5.286;5.690;2.400;7.200;14;14;0
2021;1065;9;51;17;20.000;0.000;9.000;3.000;9.167;12.852;17.400;14.600;14;14;0
2021;1065;20;117;11;12.000;35.000;7.000;59.000;7.571;13.000;14.800;13.800;14;14;0
2021;1065;815;9;8;5.000;118.000;2.000;344.500;8.500;10.438;13.200;7.600;14;14;0
2021;1065;817;1;2;8.000;83.000;3.000;215.000;8.400;10.457;7.600;10.800;14;14;1
2021;1065;822;131;19;3.000;141.000;1.000;362.500;5.125;6.067;7.200;7.400;14;14;1
2021;1065;830;9;1;1.000;226.500;2.000;344.500;9.833;10.273;6.400;6.800;14;14;0
2021;1065;832;6;6;7.000;97.500;4.000;201.500;11.667;8.796;6.200;9.600;14;14;0
2021;1065;839;214;12;11.000;45.000;5.000;95.000;9.500;8.000;9.200;8.200;14;14;0
2021;1065;840;117;9;13.000;24.000;7.000;59.000;7.750;12.667;14.400;12.400;14;14;0
2021;1065;841;51;7;18.000;1.000;9.000;3.000;12.500;12.893;13.400;14.800;14;14;0
2021;1065;842;213;20;9.000;66.000;6.000;84.000;8.667;5.000;7.000;10.000;14;14;0
2021;1065;844;6;5;6.000;104.000;4.000;201.500;10.000;8.782;8.200;7.200;14;14;0
2021;1065;846;1;3;4.000;132.000;3.000;215.000;7.000;10.368;9.200;8.000;14;14;1
2021;1065;847;3;14;15.000;15.000;8.000;22.000;14.000;9.647;10.000;10.200;14;14;0
2021;1065;849;3;13;16.000;7.000;8.000;22.000;11.000;9.640;12.400;10.600;14;14;0
2021;1066;1;131;4;1.000;246.500;1.000;397.500;1.857;2.857;5.000;7.400;71;15;1
2021;1066;8;51;13;17.000;6.000;9.000;7.000;7.714;13.250;13.800;13.800;71;15;0
2021;1066;815;9;8;5.000;120.000;2.000;364.500;7.000;8.214;13.000;6.600;71;15;0
2021;1066;817;1;5;8.000;95.000;3.000;234.000;11.429;11.214;6.400;7.600;71;15;0
2021;1066;822;131;16;3.000;151.000;1.000;397.500;3.571;2.733;7.400;5.200;71;15;0
2021;1066;830;9;20;2.000;244.500;2.000;364.500;7.500;8.267;9.800;8.200;71;15;1
2021;1066;832;6;2;6.000;112.500;4.000;216.500;13.333;7.143;6.400;6.000;71;15;1
2021;1066;839;214;9;11.000;45.000;5.000;103.000;7.667;6.000;7.200;7.800;71;15;0
2021;1066;840;117;7;13.000;24.000;7.000;59.000;14.250;12.000;13.200;11.200;71;15;0
2021;1066;841;51;17;18.000;1.000;9.000;7.000;13.000;12.200;13.200;12.800;71;15;0
2021;1066;842;213;11;9.000;66.000;6.000;84.000;14.000;8.500;9.000;15.400;71;15;0
2021;1066;844;6;19;7.000;104.000;4.000;216.500;5.333;6.867;7.400;5.000;71;15;0
2021;1066;846;1;1;4.000;139.000;3.000;234.000;11.500;10.733;9.000;5.600;71;15;0
2021;1066;847;3;3;15.000;16.000;8.000;23.000;17.500;11.357;9.600;12.400;71;15;0
2021;1066;849;3;18;16.000;7.000;8.000;23.000;16.000;11.267;11.400;12.600;71;15;0
2021;1067;1;131;11;2.000;256.500;1.000;433.500;4.333;6.833;5.000;5.800;5;16;0
2021;1067;8;51;17;17.000;6.000;9.000;7.000;8.500;17.500;13.200;13.000;5;16;0
2021;1067;815;9;6;5.000;135.000;2.000;397.500;8.000;8.438;11.600;7.000;5;16;1
2021;1067;817;1;20;8.000;95.000;3.000;240.000;10.000;6.562;6.200;4.800;5;16;0
2021;1067;822;131;1;3.000;177.000;1.000;433.500;14.000;6.571;7.800;6.200;5;16;1
2021;1067;830;9;2;1.000;262.500;2.000;397.500;6.000;8.118;6.200;7.400;5;16;1
2021;1067;832;6;19;6.000;116.500;4.000;232.500;5.000;5.562;5.800;6.600;5;16;0
2021;1067;839;214;12;11.000;46.000;5.000;104.000;11.000;16.000;8.200;10.800;5;16;0
2021;1067;840;117;8;13.000;26.000;7.000;61.000;9.000;18.000;13.800;12.000;5;16;0
2021;1067;841;51;16;18.000;1.000;9.000;7.000;20.000;15.667;13.800;12.600;5;16;0
2021;1067;842;213;4;9.000;74.000;6.000;92.000;13.000;12.500;9.400;17.600;5;16;0
2021;1067;844;6;3;7.000;116.000;4.000;232.500;4.000;5.706;10.000;7.200;5;16;0
2021;1067;846;1;7;4.000;145.000;3.000;240.000;8.000;6.941;9.600;5.400;5;16;0
2021;1067;847;3;13;15.000;16.000;8.000;23.000;16.000;14.125;9.200;13.000;5;16;0
2021;1067;849;3;15;16.000;7.000;8.000;23.000;19.000;14.176;12.400;12.800;5;16;0
2021;1069;1;131;2;2.000;275.500;1.000;460.500;1.750;4.250;5.600;3.000;69;17;1
2021;1069;8;51;15;17.000;6.000;9.000;7.000;9.857;12.500;12.600;12.000;69;17;0
2021;1069;815;9;3;4.000;150.000;2.000;437.500;9.250;8.312;8.800;6.800;69;17;1
2021;1069;817;1;6;8.000;105.000;3.000;254.000;9.875;9.188;6.600;6.600;69;17;0
2021;1069;822;131;9;3.000;185.000;1.000;460.500;8.429;4.118;4.800;2.800;69;17;0
2021;1069;830;9;1;1.000;287.500;2.000;437.500;6.600;8.000;4.800;3.800;69;17;1
2021;1069;832;6;5;7.000;122.500;4.000;250.500;7.000;7.500;6.800;6.800;69;17;0
2021;1069;839;214;11;11.000;46.000;5.000;104.000;14.333;18.000;10.000;12.800;69;17;0
2021;1069;840;117;13;13.000;26.000;7.000;62.000;12.667;10.000;11.800;12.000;69;17;0
2021;1069;841;51;12;18.000;1.000;9.000;7.000;14.000;12.667;13.400;12.000;69;17;0
2021;1069;844;6;4;6.000;128.000;4.000;250.500;9.500;7.471;7.200;7.400;69;17;0
2021;1069;846;1;7;5.000;149.000;3.000;254.000;7.000;8.941;8.000;7.200;69;17;0
2021;1069;847;3;20;15.000;16.000;8.000;23.000;17.000;12.188;10.600;14.400;69;17;0
2021;1070;1;131;2;2.000;293.500;1.000;478.500;3.400;3.000;5.400;3.800;32;18;1
2021;1070;8;51;10;16.000;10.000;9.000;11.000;10.000;16.500;12.200;12.600;32;18;0
2021;1070;815;9;4;4.000;165.000;2.000;477.500;10.000;6.600;5.600;2.200;32;18;1
2021;1070;817;1;7;8.000;105.000;4.000;255.000;10.600;12.458;6.800;8.000;32;18;0
2021;1070;822;131;1;3.000;185.000;1.000;478.500;4.200;2.909;3.600;3.200;32;18;0
2021;1070;830;9;3;1.000;312.500;2.000;477.500;4.200;6.273;4.800;2.400;32;18;1
2021;1070;832;6;6;7.000;130.500;3.000;268.500;15.400;10.462;6.200;7.600;32;18;0
2021;1070;839;214;19;11.000;46.000;5.000;106.000;12.333;9.000;12.400;14.400;32;18;0
2021;1070;840;117;20;13.000;26.000;7.000;68.000;10.000;7.000;10.200;11.200;32;18;0
2021;1070;841;51;11;18.000;1.000;9.000;11.000;14.000;13.667;13.000;11.000;32;18;0
2021;1070;844;6;8;6.000;138.000;3.000;268.500;5.500;10.350;6.400;5.800;32;18;0
2021;1070;846;1;18;5.000;150.000;4.000;255.000;20.000;12.440;6.800;9.000;32;18;0
2021;1070;847;3;16;15.000;16.000;8.000;23.000;16.000;8.417;13.000;16.000;32;18;0
2021;1071;1;131;10;2.000;318.500;1.000;521.500;6.692;5.950;5.400;5.200;18;19;1
2021;1071;8;51;18;16.000;10.000;9.000;11.000;6.000;9.750;11.800;10.800;18;19;0
2021;1071;815;9;4;4.000;178.000;2.000;510.500;11.333;7.500;4.600;2.000;18;19;0
2021;1071;817;1;11;8.000;105.000;4.000;256.000;10.667;8.573;7.000;8.400;18;19;0
2021;1071;822;131;1;3.000;203.000;1.000;521.500;10.571;5.714;6.000;5.200;18;19;1
2021;1071;830;9;2;1.000;332.500;2.000;510.500;4.000;7.387;4.800;2.400;18;19;1
2021;1071;832;6;3;7.000;139.500;3.000;287.500;10.200;6.946;6.000;5.200;18;19;0
2021;1071;839;214;8;11.000;50.000;5.000;112.000;15.000;9.000;13.200;13.600;18;19;0
2021;1071;840;117;14;13.000;26.000;7.000;68.000;17.667;11.000;10.600;10.800;18;19;0
2021;1071;841;51;13;18.000;1.000;9.000;11.000;5.000;10.200;12.400;11.000;18;19;0
2021;1071;844;6;6;6.000;148.000;3.000;287.500;12.500;6.933;6.400;5.600;18;19;0
2021;1071;846;1;5;5.000;151.000;4.000;256.000;8.000;8.711;6.800;10.800;18;19;0
2021;1071;847;3;17;15.000;16.000;8.000;23.000;12.000;11.373;12.800;15.800;18;19;0
2021;1073;1;131;2;2.000;387.500;1.000;613.500;5.083;5.636;1.400;5.600;24;22;1
2021;1073;8;51;18;16.000;10.000;9.000;13.000;10.200;14.250;12.400;13.400;24;22;0
2021;1073;815;9;4;4.000;190.000;2.000;585.500;9.700;6.167;6.200;5.400;24;22;0
2021;1073;817;1;10;8.000;115.000;4.000;275.000;10.400;9.792;10.600;9.200;24;22;0
2021;1073;822;131;6;3.000;226.000;1.000;613.500;8.000;5.478;9.400;5.400;24;22;0
2021;1073;830;9;1;1.000;395.500;2.000;585.500;5.167;6.520;1.600;8.000;24;22;1
2021;1073;832;6;5;5.000;164.500;3.000;323.500;11.667;7.167;6.800;7.000;24;22;1
2021;1073;839;214;9;11.000;74.000;5.000;155.000;11.750;8.000;9.800;6.600;24;22;0
2021;1073;840;117;13;13.000;34.000;7.000;77.000;15.250;11.000;12.600;10.800;24;22;0
2021;1073;841;51;14;18.000;3.000;9.000;13.000;16.000;15.200;12.000;14.400;24;22;0
2021;1073;842;213;12;9.000;110.000;6.000;142.000;14.500;9.500;9.600;11.800;24;22;0
2021;1073;844;6;7;7.000;159.000;3.000;323.500;7.667;7.000;5.800;6.600;24;22;0
2021;1073;846;1;3;6.000;160.000;4.000;275.000;6.500;9.880;9.400;9.600;24;22;0
2021;1073;847;3;17;15.000;16.000;8.000;23.000;16.000;12.292;15.800;16.600;24;22;0
2021;1073;849;3;16;17.000;7.000;8.000;23.000;17.000;12.520;15.800;17.000;24;22;0
2022;1074;1;131;5;3.000;15.000;2.000;27.000;3.429;3.917;1.400;6.400;3;1;1
2022;1074;4;214;8;9.000;2.000;5.000;8.000;7.643;16.000;8.400;7.800;3;1;0
2022;1074;807;117;17;17.000;0.000;7.000;0.000;11.444;12.500;12.400;11.400;3;1;0
2022;1074;815;9;4;18.000;0.000;10.000;0.000;9.182;8.559;8.600;7.400;3;1;0
2022;1074;817;1;18;14.000;0.000;9.000;0.000;9.727;9.750;12.000;8.600;3;1;0
2022;1074;822;51;6;6.000;8.000;4.000;9.000;6.100;12.375;9.400;15.000;3;1;0
2022;1074;825;210;7;5.000;10.000;3.000;10.000;14.000;14.786;17.000;17.600;3;1;0
2022;1074;830;9;2;19.000;0.000;10.000;0.000;11.000;8.829;1.600;10.600;3;1;0
2022;1074;832;6;3;2.000;18.000;1.000;44.000;12.500;7.194;6.000;7.200;3;1;1
2022;1074;839;214;11;7.000;6.000;5.000;8.000;8.800;13.667;7.800;8.600;3;1;0
2022;1074;840;117;19;12.000;0.000;7.000;0.000;12.833;14.000;12.800;13.600;3;1;0
2022;1074;842;213;10;20.000;0.000;6.000;4.000;9.200;10.167;6.600;8.400;3;1;0
2022;1074;844;6;1;1.000;26.000;1.000;44.000;10.200;7.054;7.000;6.000;3;1;1
2022;1074;846;1;13;15.000;0.000;9.000;0.000;6.000;9.865;9.200;9.600;3;1;0
2022;1074;847;131;9;4.000;12.000;2.000;27.000;12.500;3.880;16.600;3.000;3;1;0
2022;1074;848;3;14;13.000;0.000;8.000;0.000;6.000;12.278;7.000;16.800;3;1;0
2022;1074;849;3;20;16.000;0.000;8.000;0.000;16.667;12.297;16.000;15.600;3;1;0
2022;1074;852;213;16;8.000;4.000;6.000;4.000;9.000;11.571;13.200;9.800;3;1;0
2022;1074;854;210;12;11.000;0.000;3.000;10.000;16.000;14.133;17.400;15.400;3;1;0
2022;1075;1;131;15;5.000;16.000;2.000;38.000;1.000;2.000;1.600;3.600;77;2;0
2022;1075;4;214;7;13.000;2.000;4.000;16.000;13.000;8.500;8.400;7.400;77;2;0
2022;1075;815;9;1;7.000;12.000;3.000;37.000;17.000;9.500;11.600;11.000;77;2;0
2022;1075;817;1;14;19.000;0.000;8.000;6.000;5.000;7.500;12.400;11.600;77;2;0
2022;1075;822;51;8;9.000;8.000;6.000;9.000;3.000;12.000;7.600;12.200;77;2;0
2022;1075;830;9;4;3.000;25.000;3.000;37.000;2.000;7.667;5.200;11.400;77;2;1
2022;1075;832;6;3;2.000;33.000;1.000;78.000;8.000;7.500;5.200;4.600;77;2;1
2022;1075;839;214;5;6.000;14.000;4.000;16.000;4.000;11.000;6.600;9.800;77;2;0
2022;1075;840;117;13;16.000;0.000;9.000;0.000;11.000;13.000;12.400;13.000;77;2;0
2022;1075;842;213;9;12.000;4.000;7.000;8.000;6.000;10.000;9.800;10.200;77;2;0
2022;1075;844;6;2;1.000;45.000;1.000;78.000;7.000;6.000;6.200;3.800;77;2;1
2022;1075;846;1;11;10.000;6.000;8.000;6.000;10.000;10.667;10.200;13.000;77;2;0
2022;1075;847;131;6;4.000;22.000;2.000;38.000;19.000;4.667;14.200;5.000;77;2;0
2022;1075;849;3;18;20.000;0.000;10.000;0.000;12.000;15.000;15.800;15.400;77;2;0
2022;1075;852;213;19;11.000;4.000;7.000;8.000;14.000;9.333;10.800;9.000;77;2;0
2022;1075;854;210;20;15.000;0.000;5.000;12.000;20.000;15.667;15.800;11.800;77;2;0
2022;1076;1;131;5;5.000;28.000;2.000;65.000;5.231;7.600;3.400;5.600;1;3;0
2022;1076;815;9;3;4.000;30.000;3.000;55.000;11.667;10.233;11.600;8.600;1;3;1
2022;1076;817;1;7;11.000;8.000;4.000;24.000;12.500;8.771;12.000;12.000;1;3;0
2022;1076;822;51;12;10.000;12.000;6.000;13.000;8.143;11.500;10.000;11.800;1;3;0
2022;1076;825;210;16;9.000;12.000;7.000;12.000;11.500;14.750;12.800;11.800;1;3;0
2022;1076;830;9;2;6.000;25.000;3.000;55.000;7.400;9.968;5.000;8.800;1;3;0
2022;1076;832;6;9;3.000;33.000;1.000;104.000;11.200;7.229;4.600;3.600;1;3;0
2022;1076;839;214;8;7.000;20.000;5.000;22.000;11.000;17.000;6.200;11.000;1;3;0
2022;1076;840;117;19;18.000;0.000;10.000;0.000;13.000;19.000;11.000;14.600;1;3;0
2022;1076;844;6;1;1.000;71.000;1.000;104.000;9.000;7.490;5.600;5.600;1;3;1
2022;1076;846;1;4;8.000;16.000;4.000;24.000;12.000;8.714;9.600;11.800;1;3;0
2022;1076;847;131;6;2.000;37.000;2.000;65.000;16.000;7.429;12.600;5.200;1;3;1
2022;1076;848;3;20;16.000;1.000;9.000;1.000;14.000;11.292;8.000;15.400;1;3;0
2022;1077;1;131;14;7.000;28.000;3.000;77.000;1.500;5.750;4.000;5.200;21;4;0
2022;1077;4;214;9;15.000;2.000;6.000;22.000;7.500;9.500;12.600;10.600;21;4;0
2022;1077;20;117;13;14.000;4.000;9.000;5.000;13.500;11.500;13.400;13.600;21;4;0
2022;1077;815;9;3;3.000;54.000;2.000;113.000;8.500;12.375;11.200;8.800;21;4;1
2022;1077;817;1;6;11.000;11.000;4.000;46.000;4.500;7.750;10.800;10.000;21;4;0
2022;1077;822;51;7;8.000;24.000;5.000;25.000;10.000;15.125;7.600;11.000;21;4;0
2022;1077;825;210;8;10.000;15.000;8.000;15.000;18.000;16.250;12.200;13.400;21;4;0
2022;1077;830;9;1;2.000;59.000;2.000;113.000;9.000;11.222;8.200;5.400;21;4;1
2022;1077;832;6;4;5.000;38.000;1.000;124.000;6.000;8.345;7.200;5.400;21;4;0
2022;1077;839;214;16;9.000;20.000;6.000;22.000;14.000;12.667;6.600;13.000;21;4;0
2022;1077;840;117;15;18.000;1.000;9.000;5.000;10.500;10.333;12.200;12.800;21;4;0
2022;1077;842;213;17;13.000;6.000;7.000;16.000;13.500;10.750;9.600;11.800;21;4;0
2022;1077;844;6;2;1.000;86.000;1.000;124.000;4.500;8.542;4.200;9.200;21;4;0
2022;1077;846;1;5;6.000;35.000;4.000;46.000;5.500;7.930;8.800;10.600;21;4;1
2022;1077;847;131;11;4.000;49.000;3.000;77.000;17.500;7.200;9.800;7.000;21;4;0
2022;1077;848;3;18;17.000;1.000;10.000;1.000;15.000;10.105;9.400;14.800;21;4;0
2022;1077;849;3;19;21.000;0.000;10.000;1.000;15.500;10.121;15.600;13.800;21;4;0
2022;1077;852;213;12;12.000;10.000;7.000;16.000;12.000;11.000;12.000;12.600;21;4;0
2022;1077;854;210;10;19.000;0.000;8.000;15.000;16.000;14.800;15.600;13.000;21;4;0
2022;1079;1;131;6;6.000;46.000;3.000;120.000;5.267;6.667;7.200;6.200;4;6;0
2022;1079;4;214;20;15.000;4.000;6.000;34.000;7.611;13.000;14.400;11.800;4;6;0
2022;1079;20;117;16;14.000;4.000;9.000;6.000;5.714;12.000;14.200;11.400;4;6;0
2022;1079;815;9;5;3.000;85.000;1.000;195.000;9.545;6.559;6.000;5.200;4;6;1
2022;1079;817;1;9;12.000;11.000;4.000;50.000;7.400;9.484;13.600;11.600;4;6;0
2022;1079;822;51;7;8.000;38.000;5.000;39.000;6.333;14.500;8.200;11.600;4;6;0
2022;1079;825;210;8;10.000;15.000;8.000;15.000;11.333;13.750;10.600;14.000;4;6;0
2022;1079;830;9;2;1.000;110.000;1.000;195.000;5.857;6.429;8.000;2.000;4;6;1
2022;1079;832;6;3;5.000;65.000;2.000;169.000;7.143;7.306;9.600;6.400;4;6;0
2022;1079;839;214;12;9.000;30.000;6.000;34.000;10.750;11.667;8.400;12.200;4;6;0
2022;1079;840;117;17;17.000;2.000;9.000;6.000;12.200;11.667;11.400;11.200;4;6;0
2022;1079;842;213;14;13.000;6.000;7.000;17.000;11.000;12.750;13.400;12.800;4;6;0
2022;1079;844;6;1;2.000;104.000;2.000;169.000;9.750;7.254;2.400;7.000;4;6;0
2022;1079;846;1;11;7.000;39.000;4.000;50.000;12.667;9.524;9.800;13.000;4;6;0
2022;1079;847;131;4;4.000;74.000;3.000;120.000;16.000;6.600;4.200;6.600;4;6;1
2022;1079;848;3;18;16.000;3.000;10.000;3.000;9.500;10.419;11.400;13.200;4;6;0
2022;1079;849;3;19;21.000;0.000;10.000;3.000;17.000;10.540;16.000;13.600;4;6;0
2022;1079;852;213;13;11.000;11.000;7.000;17.000;20.000;12.800;12.200;12.400;4;6;0
2022;1079;854;210;10;19.000;0.000;8.000;15.000;18.000;14.000;15.200;14.800;4;6;0
2022;1080;1;131;8;6.000;50.000;3.000;134.000;4.214;7.923;7.600;4.600;6;7;0
2022;1080;4;214;7;13.000;10.000;6.000;40.000;7.765;11.000;14.400;9.800;6;7;0
2022;1080;20;117;9;15.000;5.000;9.000;7.000;5.231;6.500;13.200;12.600;6;7;0
2022;1080;815;9;3;3.000;110.000;1.000;235.000;12.300;7.375;2.800;1.800;6;7;1
2022;1080;817;1;14;11.000;11.000;4.000;59.000;7.778;9.892;13.200;11.000;6;7;0
2022;1080;822;51;12;8.000;40.000;5.000;41.000;10.625;13.105;8.200;13.400;6;7;0
2022;1080;825;210;13;10.000;15.000;8.000;15.000;13.200;12.900;13.000;15.800;6;7;0
2022;1080;830;9;4;1.000;125.000;1.000;235.000;9.167;7.182;4.400;1.800;6;7;1
2022;1080;832;6;2;5.000;83.000;2.000;199.000;7.000;7.543;10.000;7.000;6;7;1
2022;1080;839;214;10;9.000;30.000;6.000;40.000;9.000;9.667;8.400;8.400;6;7;0
2022;1080;840;117;18;17.000;2.000;9.000;7.000;14.000;7.667;12.000;12.600;6;7;0
2022;1080;842;213;17;14.000;6.000;7.000;17.000;6.000;11.000;12.000;12.000;6;7;0
2022;1080;844;6;1;2.000;116.000;2.000;199.000;19.333;7.507;6.200;6.200;6;7;0
2022;1080;846;1;5;7.000;48.000;4.000;59.000;7.000;9.922;8.400;13.000;6;7;0
2022;1080;847;131;6;4.000;84.000;3.000;134.000;14.500;7.926;4.000;5.400;6;7;0
2022;1080;848;3;16;16.000;3.000;10.000;3.000;8.000;11.140;12.400;14.600;6;7;0
2022;1080;849;3;19;21.000;0.000;10.000;3.000;15.000;11.218;16.000;15.000;6;7;0
2022;1080;852;213;11;12.000;11.000;7.000;17.000;16.000;11.000;12.600;12.800;6;7;0
2022;1080;854;210;15;19.000;0.000;8.000;15.000;18.000;13.545;15.800;16.400;6;7;0
2022;1081;1;131;7;6.000;62.000;3.000;161.000;5.600;5.800;7.200;5.200;73;8;0
2022;1081;4;214;10;11.000;16.000;5.000;47.000;10.250;13.000;12.600;8.600;73;8;0
2022;1081;20;117;9;14.000;13.000;9.000;15.000;3.000;10.500;13.000;12.000;73;8;0
2022;1081;815;9;2;2.000;129.000;1.000;279.000;5.600;10.700;2.200;1.600;73;8;1
2022;1081;817;1;12;13.000;15.000;4.000;65.000;10.800;9.600;12.400;11.600;73;8;0
2022;1081;822;51;15;8.000;40.000;6.000;41.000;7.000;10.750;7.000;14.000;73;8;0
2022;1081;825;210;16;12.000;15.000;8.000;15.000;11.750;13.500;15.200;17.000;73;8;0
2022;1081;830;9;3;1.000;150.000;1.000;279.000;12.800;9.909;4.800;1.800;73;8;1
2022;1081;832;6;4;5.000;83.000;2.000;199.000;9.800;5.000;9.800;6.400;73;8;0
2022;1081;839;214;13;9.000;31.000;5.000;47.000;15.000;11.000;9.600;8.400;73;8;0
2022;1081;840;117;19;17.000;2.000;9.000;15.000;9.750;9.000;12.200;11.200;73;8;0
2022;1081;842;213;6;10.000;16.000;7.000;27.000;10.667;5.000;12.600;12.600;73;8;0
2022;1081;844;6;1;3.000;116.000;2.000;199.000;5.000;6.364;6.600;10.000;73;8;0
2022;1081;846;1;11;7.000;50.000;4.000;65.000;6.500;9.455;8.200;9.400;73;8;0
2022;1081;847;131;5;4.000;99.000;3.000;161.000;16.000;5.636;4.000;5.000;73;8;1
2022;1081;848;3;17;16.000;3.000;10.000;3.000;11.000;12.700;13.200;16.200;73;8;0
2022;1081;849;3;18;21.000;0.000;10.000;3.000;16.000;12.636;15.400;15.800;73;8;0
2022;1081;852;213;8;15.000;11.000;7.000;27.000;7.000;5.000;12.200;11.200;73;8;0
2022;1081;854;210;20;19.000;0.000;8.000;15.000;13.000;13.818;15.600;17.400;73;8;0
2022;1082;1;131;4;6.000;77.000;3.000;188.000;6.250;5.550;7.200;4.600;7;9;1
2022;1082;815;9;13;2.000;129.000;1.000;304.000;9.625;6.500;2.200;1.600;7;9;0
2022;1082;817;1;9;13.000;15.000;4.000;65.000;7.875;10.550;12.800;8.800;7;9;0
2022;1082;822;51;11;8.000;46.000;6.000;51.000;5.000;13.467;7.600;14.600;7;9;0
2022;1082;825;210;5;12.000;15.000;9.000;15.000;13.400;13.125;15.800;16.800;7;9;0
2022;1082;830;9;1;1.000;175.000;1.000;304.000;9.000;6.966;1.400;5.400;7;9;1
2022;1082;832;6;3;5.000;102.000;2.000;228.000;12.000;7.949;9.800;13.000;7;9;1
2022;1082;839;214;7;9.000;39.000;5.000;57.000;7.500;9.000;10.200;9.000;7;9;0
2022;1082;840;117;17;18.000;3.000;8.000;16.000;12.667;12.000;13.000;11.600;7;9;0
2022;1082;844;6;19;3.000;126.000;2.000;228.000;6.500;7.875;10.200;9.400;7;9;0
2022;1082;846;1;14;7.000;50.000;4.000;65.000;20.000;10.556;9.000;9.400;7;9;0
2022;1082;847;131;8;4.000;111.000;3.000;188.000;16.000;5.429;4.000;4.600;7;9;0
2022;1082;848;3;12;17.000;3.000;10.000;3.000;19.000;11.148;13.600;15.200;7;9;0
2022;1083;1;131;5;6.000;93.000;3.000;204.000;3.062;4.429;5.200;3.800;9;10;1
2022;1083;4;214;7;10.000;28.000;5.000;67.000;8.389;8.000;8.600;8.800;9;10;0
2022;1083;20;117;18;13.000;15.000;9.000;18.000;9.000;15.000;11.200;11.600;9;10;0
2022;1083;815;9;4;2.000;147.000;1.000;328.000;12.700;7.917;5.800;5.400;9;10;1
2022;1083;817;1;14;14.000;15.000;4.000;73.000;8.500;9.258;11.400;9.800;9;10;0
2022;1083;822;51;12;8.000;46.000;6.000;51.000;5.800;10.727;8.000;12.000;9;10;0
2022;1083;825;210;17;12.000;16.000;8.000;20.000;14.857;16.500;17.400;17.200;9;10;0
2022;1083;830;9;2;1.000;181.000;1.000;328.000;8.125;7.757;1.400;5.200;9;10;0
2022;1083;832;6;1;4.000;127.000;2.000;265.000;12.000;8.659;6.200;10.000;9;10;1
2022;1083;839;214;15;9.000;39.000;5.000;67.000;7.600;7.000;8.600;7.400;9;10;0
2022;1083;840;117;20;19.000;3.000;9.000;18.000;10.667;13.800;13.000;10.600;9;10;0
2022;1083;842;213;11;11.000;16.000;7.000;27.000;9.200;11.167;12.200;13.400;9;10;0
2022;1083;844;6;3;3.000;138.000;2.000;265.000;6.200;8.598;10.000;9.400;9;10;0
2022;1083;846;1;6;7.000;58.000;4.000;73.000;7.250;9.298;11.400;11.200;9;10;0
2022;1083;847;131;8;5.000;111.000;3.000;204.000;14.000;4.379;4.000;3.400;9;10;0
2022;1083;848;3;16;18.000;3.000;10.000;3.000;8.333;10.432;14.000;14.200;9;10;0
2022;1083;849;3;10;20.000;0.000;10.000;3.000;16.000;10.549;15.200;15.200;9;10;0
2022;1083;852;213;13;15.000;11.000;7.000;27.000;10.000;11.857;14.000;13.200;9;10;0
2022;1083;854;210;19;17.000;4.000;8.000;20.000;18.000;16.067;16.200;15.400;9;10;0
2022;1084;1;131;8;6.000;109.000;3.000;237.000;4.100;3.900;4.600;6.200;70;11;1
2022;1084;4;214;19;10.000;29.000;5.000;81.000;13.333;13.250;7.400;9.000;70;11;0
2022;1084;20;117;18;14.000;15.000;9.000;18.000;11.400;12.500;9.600;11.600;70;11;0
2022;1084;815;9;5;3.000;151.000;1.000;359.000;7.900;8.000;5.400;6.200;70;11;0
2022;1084;817;1;11;12.000;17.000;4.000;81.000;10.300;9.203;11.400;10.800;70;11;0
2022;1084;822;51;20;9.000;46.000;6.000;51.000;4.800;15.667;10.000;13.800;70;11;0
2022;1084;825;210;7;11.000;22.000;7.000;34.000;13.143;13.438;16.200;13.600;70;11;0
2022;1084;830;9;1;1.000;208.000;1.000;359.000;6.333;8.571;2.600;10.000;70;11;1
2022;1084;832;6;3;4.000;133.000;2.000;303.000;9.556;8.075;5.800;6.200;70;11;0
2022;1084;839;214;6;8.000;52.000;5.000;81.000;12.333;12.600;10.000;9.000;70;11;0
2022;1084;840;117;12;19.000;3.000;9.000;18.000;12.000;13.400;13.200;11.800;70;11;0
2022;1084;842;213;14;13.000;16.000;8.000;27.000;11.500;11.875;11.800;15.000;70;11;0
2022;1084;844;6;2;2.000;170.000;2.000;303.000;7.833;8.221;10.400;6.000;70;11;1
2022;1084;846;1;10;7.000;64.000;4.000;81.000;4.400;9.200;8.800;10.800;70;11;0
2022;1084;847;131;4;5.000;128.000;3.000;237.000;15.800;3.857;6.600;6.200;70;11;0
2022;1084;848;3;15;18.000;3.000;10.000;3.000;10.667;11.911;16.200;15.200;70;11;0
2022;1084;849;3;17;20.000;0.000;10.000;3.000;15.250;11.912;14.800;14.600;70;11;0
2022;1084;852;213;16;16.000;11.000;8.000;27.000;11.000;12.222;14.400;15.400;70;11;0
2022;1084;854;210;9;15.000;12.000;7.000;34.000;17.000;13.118;14.800;12.400;70;11;0
2022;1085;1;131;4;6.000;127.000;3.000;270.000;1.333;2.833;4.200;6.400;34;12;1
2022;1085;4;214;7;10.000;37.000;4.000;93.000;12.000;11.000;7.600;8.200;34;12;0
2022;1085;20;117;12;14.000;15.000;9.000;19.000;6.333;9.500;10.800;12.000;34;12;0
2022;1085;815;9;3;3.000;163.000;1.000;396.000;11.000;4.000;9.000;6.400;34;12;0
2022;1085;817;1;9;12.000;19.000;5.000;89.000;7.000;9.972;10.800;10.000;34;12;0
2022;1085;822;51;11;9.000;46.000;6.000;51.000;4.333;14.083;11.000;13.800;34;12;0
2022;1085;825;210;20;11.000;22.000;7.000;34.000;11.500;15.500;14.400;10.200;34;12;0
2022;1085;830;9;2;1.000;233.000;1.000;396.000;2.333;4.000;2.800;7.000;34;12;1
2022;1085;832;6;19;4.000;144.000;2.000;314.000;8.333;10.765;8.600;5.800;34;12;0
2022;1085;839;214;10;8.000;56.000;4.000;93.000;16.500;9.333;9.600;8.200;34;12;0
2022;1085;840;117;15;18.000;4.000;9.000;19.000;13.333;10.000;12.800;12.200;34;12;0
2022;1085;842;213;14;13.000;16.000;8.000;27.000;12.333;10.000;12.200;15.800;34;12;0
2022;1085;844;6;1;2.000;170.000;2.000;314.000;9.667;10.600;6.600;5.800;34;12;0
2022;1085;846;1;5;7.000;70.000;5.000;89.000;7.000;9.946;8.600;8.800;34;12;0
2022;1085;847;131;6;5.000;143.000;3.000;270.000;15.500;2.714;6.800;6.000;34;12;1
2022;1085;848;3;13;19.000;3.000;10.000;3.000;15.000;11.074;15.000;15.800;34;12;0
2022;1085;849;3;18;20.000;0.000;10.000;3.000;18.000;11.143;15.400;15.200;34;12;0
2022;1085;852;213;8;16.000;11.000;8.000;27.000;13.000;10.667;15.600;14.600;34;12;0
2022;1085;854;210;17;15.000;12.000;7.000;34.000;19.000;15.857;13.200;10.000;34;12;0
2022;1086;1;131;7;6.000;146.000;3.000;304.000;3.467;7.750;3.000;6.000;11;13;1
2022;1086;4;214;6;10.000;41.000;4.000;99.000;6.667;2.500;7.400;8.800;11;13;0
2022;1086;20;117;18;14.000;16.000;9.000;20.000;7.267;19.500;11.000;12.400;11;13;0
2022;1086;815;9;11;3.000;173.000;1.000;431.000;13.091;7.735;9.600;6.800;11;13;0
2022;1086;817;1;9;12.000;19.000;5.000;95.000;10.000;8.458;10.000;7.600;11;13;0
2022;1086;822;51;8;9.000;46.000;6.000;51.000;9.444;13.333;12.000;14.800;11;13;0
2022;1086;825;210;13;11.000;22.000;7.000;34.000;11.667;13.417;14.000;11.000;11;13;0
2022;1086;830;9;10;1.000;258.000;1.000;431.000;6.571;7.657;2.400;6.400;11;13;1
2022;1086;832;6;2;5.000;156.000;2.000;334.000;8.286;8.306;9.200;9.400;11;13;0
2022;1086;839;214;5;8.000;58.000;4.000;99.000;9.250;4.333;8.800;7.400;11;13;0
2022;1086;840;117;14;18.000;4.000;9.000;20.000;14.200;16.333;12.000;12.200;11;13;0
2022;1086;842;213;20;13.000;16.000;8.000;27.000;9.250;10.750;12.400;15.400;11;13;0
2022;1086;844;6;3;2.000;178.000;2.000;334.000;13.250;8.247;9.600;9.400;11;13;0
2022;1086;846;1;4;7.000;76.000;5.000;95.000;12.333;8.548;8.800;9.400;11;13;0
2022;1086;847;131;1;4.000;158.000;3.000;304.000;14.000;7.520;6.400;2.800;11;13;1
2022;1086;848;3;17;19.000;3.000;10.000;3.000;7.500;9.153;14.000;14.600;11;13;0
2022;1086;849;3;19;20.000;0.000;10.000;3.000;13.000;9.260;15.800;15.600;11;13;0
2022;1086;852;213;16;16.000;11.000;8.000;27.000;6.000;11.000;16.200;15.000;11;13;0
2022;1086;854;210;15;15.000;12.000;7.000;34.000;12.000;13.615;12.400;12.600;11;13;0
2022;1087;1;131;4;6.000;146.000;3.000;316.000;7.133;4.630;2.600;2.800;13;14;0
2022;1087;4;214;3;9.000;51.000;4.000;115.000;11.625;9.000;7.600;7.200;13;14;0
2022;1087;20;117;10;12.000;20.000;9.000;24.000;6.400;12.500;11.800;11.000;13;14;0
2022;1087;815;9;2;2.000;191.000;1.000;475.000;11.545;7.938;10.200;2.600;13;14;1
2022;1087;817;1;7;13.000;19.000;5.000;95.000;9.273;9.183;11.400;9.000;13;14;0
2022;1087;822;51;13;10.000;46.000;6.000;51.000;6.778;12.250;13.800;15.400;13;14;0
2022;1087;825;210;12;11.000;22.000;7.000;34.000;13.667;12.667;13.800;13.800;13;14;0
2022;1087;830;9;14;1.000;284.000;1.000;475.000;9.286;7.758;2.400;2.600;13;14;1
2022;1087;832;6;1;4.000;171.000;2.000;357.000;15.286;9.373;6.000;7.000;13;14;1
2022;1087;839;214;16;8.000;64.000;4.000;115.000;8.600;7.667;8.600;7.200;13;14;0
2022;1087;840;117;9;19.000;4.000;9.000;24.000;12.600;11.000;11.000;10.000;13;14;0
2022;1087;842;213;20;14.000;18.000;8.000;29.000;8.000;10.000;13.800;15.800;13;14;0
2022;1087;844;6;15;3.000;186.000;2.000;357.000;10.250;9.326;7.000;7.400;13;14;0
2022;1087;846;1;17;7.000;76.000;5.000;95.000;10.667;9.264;8.400;10.600;13;14;0
2022;1087;847;131;5;5.000;170.000;3.000;316.000;12.000;5.179;6.400;6.000;13;14;0
2022;1087;848;3;6;18.000;4.000;10.000;4.000;5.500;10.000;15.000;16.800;13;14;0
2022;1087;849;3;11;20.000;0.000;10.000;4.000;12.500;10.000;16.400;15.000;13;14;0
2022;1087;852;213;20;16.000;11.000;8.000;29.000;15.000;9.800;17.400;14.400;13;14;0
2022;1087;854;210;19;15.000;12.000;7.000;34.000;16.000;12.923;12.400;15.800;13;14;0
2022;1088;1;131;4;6.000;158.000;3.000;346.000;2.000;4.600;6.000;6.400;39;15;0
2022;1088;4;214;13;9.000;59.000;4.000;125.000;6.000;7.500;6.800;7.400;39;15;0
2022;1088;20;117;19;12.000;20.000;9.000;25.000;13.000;14.400;11.000;10.000;39;15;0
2022;1088;815;9;5;3.000;201.000;1.000;511.000;8.000;4.500;6.600;2.000;39;15;0
2022;1088;817;1;17;13.000;19.000;5.000;101.000;11.000;11.600;12.200;11.200;39;15;0
2022;1088;822;51;16;10.000;46.000;6.000;51.000;3.000;16.286;16.200;16.400;39;15;0
2022;1088;830;9;1;1.000;310.000;1.000;511.000;1.000;4.667;2.400;2.800;39;15;1
2022;1088;832;6;3;5.000;175.000;2.000;376.000;7.000;6.877;6.200;7.600;39;15;0
2022;1088;839;214;12;8.000;66.000;4.000;125.000;9.000;7.000;8.800;7.000;39;15;0
2022;1088;840;117;10;18.000;5.000;9.000;25.000;12.000;14.333;11.200;10.800;39;15;0
2022;1088;842;213;11;14.000;18.000;8.000;29.000;4.000;11.500;12.800;14.600;39;15;0
2022;1088;844;6;2;2.000;201.000;2.000;376.000;5.000;6.892;7.200;5.400;39;15;1
2022;1088;846;1;7;7.000;82.000;5.000;101.000;10.000;11.750;7.800;13.200;39;15;0
2022;1088;847;131;6;4.000;188.000;3.000;346.000;17.000;4.500;6.400;6.600;39;15;1
2022;1088;849;3;20;20.000;0.000;10.000;4.000;16.000;13.143;16.800;15.000;39;15;0
2022;1088;852;213;9;16.000;11.000;8.000;29.000;19.000;11.333;16.400;12.800;39;15;0
2022;1088;854;210;8;15.000;12.000;7.000;34.000;18.000;17.667;12.000;15.600;39;15;0
2022;1089;1;131;19;6.000;168.000;3.000;371.000;6.067;5.968;6.200;6.600;14;16;0
2022;1089;4;214;6;9.000;59.000;4.000;125.000;9.611;9.000;7.000;7.200;14;16;0
2022;1089;20;117;11;13.000;20.000;9.000;25.000;7.867;11.250;12.000;10.800;14;16;0
2022;1089;815;9;13;3.000;210.000;1.000;545.000;8.182;10.500;7.200;2.000;14;16;0
2022;1089;817;1;4;14.000;19.000;5.000;107.000;7.727;10.290;13.000;11.600;14;16;0
2022;1089;822;51;15;10.000;46.000;6.000;52.000;4.889;12.897;16.600;16.200;14;16;0
2022;1089;825;210;16;12.000;22.000;7.000;34.000;15.167;15.167;14.600;15.000;14;16;0
2022;1089;830;9;7;1.000;335.000;1.000;545.000;11.000;10.371;1.200;3.000;14;16;1
2022;1089;832;6;18;5.000;187.000;2.000;406.000;10.857;8.758;7.600;5.200;14;16;0
2022;1089;839;214;14;8.000;66.000;4.000;125.000;9.600;12.333;7.600;9.200;14;16;0
2022;1089;840;117;12;18.000;5.000;9.000;25.000;7.600;13.000;11.000;12.600;14;16;0
2022;1089;842;213;5;11.000;22.000;8.000;33.000;11.250;12.250;11.800;14.400;14;16;0
2022;1089;844;6;1;2.000;219.000;2.000;406.000;8.500;8.734;7.000;4.800;14;16;1
2022;1089;846;1;3;7.000;88.000;5.000;107.000;5.333;10.352;8.000;13.600;14;16;0
2022;1089;847;131;2;4.000;203.000;3.000;371.000;12.333;5.938;3.200;7.000;14;16;1
2022;1089;849;3;10;21.000;0.000;10.000;6.000;11.000;9.655;18.000;15.200;14;16;0
2022;1089;852;213;20;16.000;11.000;8.000;33.000;20.000;11.400;17.600;12.200;14;16;0
2022;1089;854;210;17;15.000;12.000;7.000;34.000;15.000;15.231;13.000;15.400;14;16;0
2022;1091;1;131;3;6.000;170.000;3.000;373.000;7.083;7.450;6.600;3.600;15;17;0
2022;1091;815;9;2;3.000;235.000;1.000;576.000;10.000;5.917;4.400;2.800;15;17;1
2022;1091;817;1;16;11.000;29.000;4.000;129.000;8.778;10.042;14.600;12.000;15;17;0
2022;1091;822;51;15;10.000;46.000;6.000;52.000;8.714;14.000;17.000;14.400;15;17;0
2022;1091;825;210;9;14.000;22.000;8.000;34.000;13.600;14.500;16.200;14.600;15;17;0
2022;1091;830;9;8;1.000;341.000;1.000;576.000;7.600;5.720;1.000;2.800;15;17;0
2022;1091;832;6;4;5.000;202.000;2.000;439.000;9.400;6.917;4.800;4.600;15;17;1
2022;1091;839;214;17;8.000;66.000;5.000;125.000;16.000;18.000;8.800;12.600;15;17;0
2022;1091;840;117;11;15.000;13.000;7.000;37.000;11.667;8.000;12.000;14.000;15;17;0
2022;1091;844;6;1;2.000;237.000;2.000;439.000;5.500;6.760;7.200;4.000;15;17;1
2022;1091;846;1;6;7.000;100.000;4.000;129.000;7.000;9.840;8.000;10.600;15;17;0
2022;1091;847;131;19;4.000;203.000;3.000;373.000;20.000;7.524;3.000;4.600;15;17;0
2022;1091;848;3;18;19.000;4.000;10.000;6.000;6.000;12.250;12.800;14.400;15;17;0
2022;1092;1;131;6;6.000;180.000;3.000;387.000;4.364;6.200;8.000;6.600;22;18;0
2022;1092;815;9;4;2.000;253.000;1.000;619.000;10.667;6.423;3.800;3.200;22;18;1
2022;1092;817;1;11;12.000;29.000;5.000;130.000;10.667;8.145;13.800;8.000;22;18;0
2022;1092;822;51;12;10.000;46.000;6.000;52.000;6.429;13.000;16.400;14.000;22;18;0
2022;1092;825;210;18;14.000;22.000;8.000;34.000;14.200;13.000;15.000;13.200;22;18;0
2022;1092;830;9;1;1.000;366.000;1.000;619.000;6.800;6.259;2.200;3.400;22;18;1
2022;1092;832;6;3;5.000;202.000;2.000;454.000;12.400;8.645;4.400;2.800;22;18;0
2022;1092;839;214;5;8.000;78.000;4.000;143.000;12.000;7.000;10.400;14.200;22;18;0
2022;1092;840;117;19;15.000;13.000;7.000;45.000;14.000;6.000;11.200;11.600;22;18;0
2022;1092;844;6;2;3.000;252.000;2.000;454.000;12.000;8.810;3.800;6.000;22;18;1
2022;1092;846;1;10;7.000;101.000;5.000;130.000;11.000;8.190;7.400;8.800;22;18;0
2022;1092;847;131;8;4.000;207.000;3.000;387.000;16.000;6.143;5.200;7.200;22;18;0
2022;1092;848;3;16;19.000;4.000;10.000;8.000;4.000;10.468;13.800;15.600;22;18;0
2022;1093;1;131;3;6.000;198.000;3.000;416.000;1.778;4.222;8.600;7.800;69;19;1
2022;1093;4;214;14;9.000;71.000;4.000;149.000;10.375;18.500;11.000;11.200;69;19;0
2022;1093;20;117;10;11.000;36.000;7.000;49.000;5.889;11.000;11.200;10.000;69;19;0
2022;1093;815;9;9;3.000;265.000;1.000;656.000;8.556;7.611;3.200;2.400;69;19;0
2022;1093;817;1;15;12.000;29.000;5.000;138.000;9.333;8.889;13.000;7.400;69;19;0
2022;1093;822;51;7;10.000;46.000;6.000;52.000;8.125;12.250;15.400;14.400;69;19;0
2022;1093;825;210;13;13.000;24.000;8.000;36.000;14.800;16.400;14.600;13.600;69;19;0
2022;1093;830;9;2;1.000;391.000;1.000;656.000;5.667;7.421;2.200;3.000;69;19;1
2022;1093;832;6;1;5.000;202.000;2.000;469.000;7.000;7.278;7.400;5.800;69;19;0
2022;1093;839;214;20;8.000;78.000;4.000;149.000;15.500;14.667;9.400;10.400;69;19;0
2022;1093;840;117;5;15.000;13.000;7.000;49.000;12.500;10.000;11.400;8.000;69;19;0
2022;1093;842;213;11;14.000;23.000;9.000;35.000;16.000;14.500;11.200;14.000;69;19;0
2022;1093;844;6;12;2.000;267.000;2.000;469.000;7.667;7.947;3.200;9.400;69;19;1
2022;1093;846;1;6;7.000;109.000;5.000;138.000;7.500;9.263;8.000;9.200;69;19;0
2022;1093;847;131;4;4.000;218.000;3.000;416.000;15.500;4.105;6.200;7.600;69;19;0
2022;1093;848;3;8;19.000;4.000;10.000;8.000;5.000;12.444;15.200;14.800;69;19;0
2022;1093;849;3;17;20.000;2.000;10.000;8.000;15.000;12.474;15.800;15.600;69;19;0
2022;1093;852;213;19;17.000;12.000;9.000;35.000;9.000;14.333;15.000;14.000;69;19;0
2022;1093;854;210;16;16.000;12.000;8.000;36.000;16.000;15.727;14.400;13.000;69;19;0
2022;1094;1;131;3;5.000;216.000;3.000;447.000;3.167;3.917;5.000;6.800;32;20;1
2022;1094;4;214;9;9.000;71.000;4.000;153.000;14.400;11.000;11.400;9.000;32;20;0
2022;1094;20;117;16;11.000;36.000;7.000;49.000;6.333;10.500;11.200;10.000;32;20;0
2022;1094;815;9;4;2.000;280.000;1.000;696.000;8.833;5.833;3.600;3.000;32;20;1
2022;1094;817;1;11;12.000;35.000;5.000;146.000;10.833;12.346;13.200;9.400;32;20;0
2022;1094;822;51;6;10.000;47.000;6.000;53.000;6.000;13.000;15.400;16.400;32;20;0
2022;1094;825;210;19;13.000;24.000;8.000;36.000;13.750;16.200;13.200;13.600;32;20;0
2022;1094;830;9;1;1.000;416.000;1.000;696.000;3.667;5.615;2.200;2.200;32;20;1
2022;1094;832;6;5;6.000;212.000;2.000;487.000;13.833;10.220;10.800;9.400;32;20;0
2022;1094;839;214;10;8.000;82.000;4.000;153.000;12.500;13.667;10.200;9.600;32;20;0
2022;1094;840;117;20;15.000;13.000;7.000;49.000;11.000;11.667;12.800;11.600;32;20;0
2022;1094;842;213;14;14.000;23.000;9.000;35.000;9.000;12.000;12.200;14.000;32;20;0
2022;1094;844;6;7;3.000;275.000;2.000;487.000;5.333;10.095;2.600;10.000;32;20;0
2022;1094;846;1;8;7.000;111.000;5.000;146.000;15.000;12.148;6.800;10.000;32;20;0
2022;1094;847;131;2;4.000;231.000;3.000;447.000;16.000;3.769;6.400;4.400;32;20;0
2022;1094;848;3;17;19.000;4.000;10.000;8.000;5.000;9.038;14.400;15.600;32;20;0
2022;1094;849;3;18;20.000;2.000;10.000;8.000;17.000;9.148;15.600;14.200;32;20;0
2022;1094;852;213;13;17.000;12.000;9.000;35.000;20.000;11.667;14.400;13.200;32;20;0
2022;1094;854;210;15;16.000;12.000;8.000;36.000;19.000;16.273;14.000;14.400;32;20;0
2022;1095;1;131;2;5.000;240.000;3.000;505.000;6.286;5.591;4.600;4.200;18;21;1
2022;1095;4;214;17;9.000;81.000;4.000;167.000;7.389;8.500;14.000;9.800;18;21;0
2022;1095;20;117;9;11.000;36.000;7.000;50.000;6.000;15.500;11.200;13.400;18;21;0
2022;1095;815;9;4;3.000;290.000;1.000;719.000;10.600;7.219;3.200;2.000;18;21;0
2022;1095;817;1;11;12.000;35.000;5.000;148.000;11.500;8.727;11.200;9.600;18;21;0
2022;1095;822;51;14;10.000;49.000;6.000;55.000;9.625;10.833;13.600;14.000;18;21;0
2022;1095;825;210;8;13.000;25.000;8.000;37.000;12.600;15.000;13.600;14.800;18;21;0
2022;1095;830;9;3;1.000;429.000;1.000;719.000;3.667;7.212;2.200;3.200;18;21;0
2022;1095;832;6;7;6.000;234.000;2.000;524.000;9.500;6.908;10.200;7.400;18;21;1
2022;1095;839;214;16;8.000;86.000;4.000;167.000;13.250;7.333;10.000;10.000;18;21;0
2022;1095;840;117;15;15.000;14.000;7.000;50.000;18.250;14.000;13.800;13.200;18;21;0
2022;1095;842;213;10;14.000;23.000;9.000;35.000;8.500;11.000;12.200;13.600;18;21;0
2022;1095;844;6;5;2.000;290.000;2.000;524.000;10.000;6.857;3.200;7.400;18;21;0
2022;1095;846;1;6;7.000;113.000;5.000;148.000;9.000;8.872;7.200;11.600;18;21;0
2022;1095;847;131;1;4.000;265.000;3.000;505.000;12.500;5.435;6.800;3.000;18;21;1
2022;1095;848;3;19;19.000;4.000;10.000;8.000;14.000;11.464;14.800;13.800;18;21;0
2022;1095;849;3;18;20.000;2.000;10.000;8.000;16.000;11.514;15.600;15.000;18;21;0
2022;1095;852;213;20;17.000;12.000;9.000;35.000;15.000;12.000;14.400;13.800;18;21;0
2022;1095;854;210;12;16.000;12.000;8.000;37.000;18.000;15.364;14.600;15.200;18;21;0
2022;1096;1;131;5;6.000;240.000;3.000;515.000;4.846;5.500;4.000;2.800;24;22;0
2022;1096;4;214;10;9.000;81.000;4.000;173.000;8.545;8.500;11.200;10.200;24;22;0
2022;1096;20;117;9;12.000;37.000;7.000;55.000;6.154;12.000;9.400;13.600;24;22;0
2022;1096;815;9;2;3.000;305.000;1.000;759.000;10.182;6.308;3.400;3.600;24;22;1
2022;1096;817;1;13;11.000;37.000;5.000;159.000;10.545;9.769;11.800;12.000;24;22;0
2022;1096;822;51;18;10.000;49.000;6.000;55.000;7.778;15.500;12.800;11.200;24;22;0
2022;1096;825;210;16;13.000;25.000;8.000;37.000;14.667;13.833;14.200;16.000;24;22;0
2022;1096;830;9;1;1.000;454.000;1.000;759.000;4.571;6.185;3.200;4.000;24;22;1
2022;1096;832;6;4;5.000;246.000;2.000;554.000;10.429;7.115;10.000;4.200;24;22;0
2022;1096;839;214;8;8.000;92.000;4.000;173.000;11.200;12.333;9.400;12.000;24;22;0
2022;1096;840;117;14;15.000;18.000;7.000;55.000;14.800;11.333;12.200;12.000;24;22;0
2022;1096;842;213;17;14.000;23.000;9.000;35.000;12.600;7.000;13.400;14.400;24;22;0
2022;1096;844;6;3;2.000;308.000;2.000;554.000;8.250;7.000;3.600;4.400;24;22;1
2022;1096;846;1;7;7.000;122.000;5.000;159.000;6.667;9.741;9.400;12.600;24;22;0
2022;1096;847;131;6;4.000;275.000;3.000;515.000;16.667;6.000;6.400;5.400;24;22;0
2022;1096;848;3;19;19.000;4.000;10.000;8.000;5.000;12.654;15.400;15.600;24;22;0
2022;1096;849;3;20;20.000;2.000;10.000;8.000;16.500;12.667;15.800;14.800;24;22;0
2022;1096;852;213;11;17.000;12.000;9.000;35.000;4.000;8.400;15.000;15.200;24;22;0
2022;1096;854;210;12;16.000;12.000;8.000;37.000;14.000;14.077;14.800;16.400;24;22;0
2023;1098;1;131;7;5.000;10.000;3.000;16.000;3.400;3.885;5.800;6.000;3;1;0
2023;1098;4;117;5;3.000;15.000;2.000;23.000;7.733;13.500;11.600;10.800;3;1;1
2023;1098;807;210;10;15.000;0.000;9.000;0.000;12.000;13.938;12.800;16.200;3;1;0
2023;1098;815;9;2;2.000;18.000;1.000;43.000;9.917;9.111;3.800;3.600;3;1;1
2023;1098;822;51;12;8.000;4.000;5.000;4.000;6.091;11.500;13.600;12.200;3;1;0
2023;1098;825;210;17;13.000;0.000;9.000;0.000;12.875;14.000;15.200;16.000;3;1;0
2023;1098;830;9;1;1.000;25.000;1.000;43.000;11.889;8.919;2.000;3.800;3;1;1
2023;1098;832;6;4;4.000;12.000;4.000;12.000;11.333;6.895;10.200;3.800;3;1;0
2023;1098;839;214;9;18.000;0.000;6.000;2.000;8.500;12.000;7.600;9.600;3;1;0
2023;1098;840;117;8;6.000;8.000;2.000;23.000;12.714;11.400;12.600;8.400;3;1;0
2023;1098;842;214;20;9.000;2.000;6.000;2.000;11.000;13.200;14.200;11.600;3;1;0
2023;1098;844;6;3;19.000;0.000;4.000;12.000;8.667;6.821;3.600;3.400;3;1;0
2023;1098;846;1;11;17.000;0.000;10.000;0.000;7.800;10.000;9.800;12.400;3;1;0
2023;1098;847;131;6;7.000;6.000;3.000;16.000;10.800;3.926;4.600;6.200;3;1;0
2023;1098;848;3;15;10.000;1.000;7.000;1.000;7.750;12.395;14.600;16.200;3;1;0
2023;1098;852;213;14;11.000;0.000;8.000;0.000;8.500;11.125;14.200;15.200;3;1;0
2023;1098;855;51;13;16.000;0.000;5.000;4.000;10.000;11.182;13.000;11.200;3;1;0
2023;1099;1;131;7;5.000;20.000;3.000;38.000;5.500;4.750;5.800;7.200;77;2;0
2023;1099;4;117;2;3.000;30.000;2.000;38.000;14.500;13.000;10.800;7.400;77;2;1
2023;1099;807;210;10;15.000;0.000;7.000;1.000;12.000;16.750;11.800;14.800;77;2;0
2023;1099;815;9;1;2.000;43.000;1.000;87.000;10.500;6.000;3.800;2.600;77;2;1
2023;1099;822;51;14;9.000;4.000;6.000;4.000;9.000;12.500;12.200;12.600;77;2;0
2023;1099;825;210;13;12.000;1.000;7.000;1.000;9.000;15.800;15.000;14.600;77;2;0
2023;1099;830;9;15;1.000;44.000;1.000;87.000;1.500;5.000;2.000;1.600;77;2;1
2023;1099;832;6;4;4.000;20.000;4.000;26.000;5.500;5.000;7.200;6.600;77;2;0
2023;1099;839;214;6;10.000;4.000;5.000;8.000;5.000;9.750;10.400;12.400;77;2;0
2023;1099;840;117;5;7.000;8.000;2.000;38.000;12.000;11.000;11.400;6.000;77;2;0
2023;1099;842;214;9;11.000;4.000;5.000;8.000;7.000;9.400;12.400;12.400;77;2;0
2023;1099;844;6;12;8.000;6.000;4.000;26.000;4.500;5.200;6.800;7.000;77;2;0
2023;1099;846;1;19;20.000;0.000;10.000;0.000;8.500;9.750;11.200;14.000;77;2;0
2023;1099;847;131;3;6.000;18.000;3.000;38.000;12.000;4.800;4.400;8.000;77;2;0
2023;1099;848;3;17;13.000;1.000;8.000;1.000;14.000;15.750;12.600;14.000;77;2;0
2023;1099;852;213;16;14.000;0.000;9.000;0.000;16.500;11.750;13.800;13.400;77;2;0
2023;1099;855;51;11;17.000;0.000;6.000;4.000;11.000;13.600;13.000;13.800;77;2;0
2023;1100;1;131;3;4.000;38.000;3.000;56.000;5.143;7.227;6.400;5.200;1;3;1
2023;1100;4;117;4;3.000;45.000;2.000;65.000;6.647;15.500;10.000;8.000;1;3;1
2023;1100;807;210;10;9.000;6.000;7.000;7.000;12.333;14.500;12.800;13.200;1;3;0
2023;1100;815;9;18;2.000;54.000;1.000;123.000;10.700;10.219;3.200;1.400;1;3;0
2023;1100;822;51;18;11.000;4.000;8.000;6.000;8.125;10.500;12.000;13.400;1;3;0
2023;1100;825;210;14;17.000;1.000;7.000;7.000;11.857;13.818;15.200;11.400;1;3;0
2023;1100;830;9;1;1.000;69.000;1.000;123.000;9.167;10.061;2.200;2.200;1;3;1
2023;1100;832;6;5;5.000;20.000;4.000;26.000;12.667;7.360;4.400;7.600;1;3;0
2023;1100;839;214;11;12.000;4.000;6.000;8.000;9.667;12.000;9.800;10.200;1;3;0
2023;1100;840;117;6;6.000;20.000;2.000;65.000;12.750;11.333;11.800;7.000;1;3;0
2023;1100;842;214;9;14.000;4.000;6.000;8.000;12.667;12.667;11.400;11.600;1;3;0
2023;1100;844;6;7;10.000;6.000;4.000;26.000;6.333;7.451;7.600;9.600;1;3;0
2023;1100;846;1;13;8.000;8.000;5.000;12.000;8.500;8.640;13.400;15.000;1;3;0
2023;1100;847;131;2;7.000;18.000;3.000;56.000;9.500;7.000;4.200;4.600;1;3;0
2023;1100;848;3;8;18.000;1.000;10.000;1.000;12.000;11.360;13.800;15.200;1;3;0
2023;1100;852;213;12;16.000;1.000;9.000;1.000;15.000;12.000;14.000;12.200;1;3;0
2023;1100;855;51;17;15.000;2.000;8.000;6.000;11.000;10.600;13.200;13.200;1;3;0
2023;1101;1;131;5;4.000;48.000;3.000;76.000;5.333;5.417;6.400;7.200;73;4;0
2023;1101;4;117;6;3.000;60.000;2.000;87.000;9.600;10.750;6.800;7.200;73;4;0
2023;1101;807;210;18;10.000;6.000;7.000;7.000;14.500;13.833;12.600;11.800;73;4;0
2023;1101;815;9;3;2.000;87.000;1.000;180.000;5.000;9.167;3.600;2.000;73;4;1
2023;1101;822;51;13;12.000;4.000;8.000;6.000;7.667;12.000;12.200;13.400;73;4;0
2023;1101;825;210;16;18.000;1.000;7.000;7.000;12.800;14.077;15.200;12.600;73;4;0
2023;1101;830;9;2;1.000;93.000;1.000;180.000;10.833;8.538;2.200;2.000;73;4;1
2023;1101;832;6;4;5.000;34.000;4.000;62.000;11.500;7.417;5.800;12.800;73;4;0
2023;1101;839;214;18;13.000;4.000;6.000;8.000;13.750;10.750;11.000;10.600;73;4;0
2023;1101;840;117;9;8.000;27.000;2.000;87.000;11.000;9.400;9.600;6.800;73;4;0
2023;1101;842;214;17;14.000;4.000;6.000;8.000;9.250;11.600;11.800;11.800;73;4;0
2023;1101;844;6;1;6.000;28.000;4.000;62.000;8.500;7.231;10.400;10.000;73;4;1
2023;1101;846;1;7;9.000;10.000;5.000;14.000;7.333;9.417;12.800;13.200;73;4;0
2023;1101;847;131;11;7.000;28.000;3.000;76.000;11.667;5.462;7.000;7.000;73;4;0
2023;1101;848;3;12;17.000;1.000;10.000;1.000;11.500;12.833;15.200;16.400;73;4;0
2023;1101;852;213;8;16.000;2.000;9.000;2.000;10.000;7.000;12.000;12.800;73;4;0
2023;1101;855;51;15;15.000;2.000;8.000;6.000;18.000;12.857;12.400;13.800;73;4;0
2023;1102;1;131;13;4.000;56.000;3.000;96.000;6.000;5.500;7.200;7.600;79;5;0
2023;1102;4;117;2;3.000;75.000;2.000;102.000;11.000;13.500;6.600;7.600;79;5;1
2023;1102;815;9;1;2.000;105.000;1.000;224.000;4.000;2.500;2.400;2.200;79;5;1
2023;1102;822;51;10;13.000;4.000;8.000;6.000;7.000;13.500;14.000;14.000;79;5;0
2023;1102;825;210;4;17.000;2.000;7.000;8.000;16.000;15.333;14.000;13.800;79;5;0
2023;1102;830;9;9;1.000;119.000;1.000;224.000;1.000;2.333;1.400;2.200;79;5;1
2023;1102;832;6;3;5.000;44.000;4.000;78.000;3.000;2.500;6.200;9.400;79;5;0
2023;1102;839;214;8;12.000;6.000;6.000;14.000;8.000;9.500;12.400;13.000;79;5;0
2023;1102;840;117;18;8.000;27.000;2.000;102.000;10.000;10.000;9.000;4.200;79;5;0
2023;1102;842;214;5;10.000;8.000;6.000;14.000;18.000;9.333;11.800;13.000;79;5;0
2023;1102;844;6;7;7.000;34.000;4.000;78.000;2.000;3.333;10.200;9.000;79;5;0
2023;1102;846;1;16;9.000;10.000;5.000;14.000;19.000;16.000;11.000;9.800;79;5;0
2023;1102;847;131;6;6.000;40.000;3.000;96.000;5.000;5.667;8.400;8.000;79;5;0
2023;1102;848;3;11;18.000;1.000;10.000;1.000;9.000;11.500;14.600;15.800;79;5;0
2023;1102;852;213;17;16.000;2.000;9.000;2.000;12.000;15.000;10.600;13.800;79;5;0
2023;1102;855;51;14;15.000;2.000;8.000;6.000;20.000;13.333;13.800;14.000;79;5;0
2023;1104;1;131;5;4.000;69.000;3.000;119.000;4.467;7.821;4.800;8.400;6;6;0
2023;1104;4;117;2;3.000;93.000;2.000;120.000;7.722;9.250;3.200;6.000;6;6;1
2023;1104;807;210;18;12.000;6.000;7.000;8.000;11.778;14.000;13.200;14.400;6;6;0
2023;1104;815;9;20;2.000;105.000;1.000;249.000;11.273;7.059;2.200;1.400;6;6;0
2023;1104;822;51;15;14.000;4.000;8.000;6.000;10.444;13.048;13.600;15.000;6;6;0
2023;1104;825;210;17;17.000;2.000;7.000;8.000;14.333;14.231;12.600;14.400;6;6;0
2023;1104;830;9;1;1.000;144.000;1.000;249.000;8.286;7.314;1.400;4.400;6;6;1
2023;1104;832;6;4;6.000;48.000;4.000;90.000;6.286;7.484;6.400;8.000;6;6;0
2023;1104;839;214;3;9.000;21.000;5.000;35.000;9.750;10.250;12.800;11.800;6;6;1
2023;1104;840;117;14;8.000;27.000;2.000;120.000;14.000;7.800;9.800;5.600;6;6;0
2023;1104;842;214;7;10.000;14.000;5.000;35.000;7.250;8.800;10.600;9.800;6;6;0
2023;1104;844;6;6;7.000;42.000;4.000;90.000;15.500;7.487;11.200;5.600;6;6;0
2023;1104;846;1;10;11.000;12.000;6.000;17.000;6.667;9.885;13.200;12.800;6;6;0
2023;1104;847;131;8;5.000;50.000;3.000;119.000;11.333;7.690;8.200;5.600;6;6;0
2023;1104;848;3;13;18.000;1.000;10.000;1.000;13.000;11.261;14.800;15.600;6;6;0
2023;1104;852;213;9;16.000;2.000;9.000;2.000;16.500;12.500;10.600;14.800;6;6;0
2023;1104;855;51;19;15.000;2.000;8.000;6.000;16.000;12.955;14.600;15.400;6;6;0
2023;1105;1;131;4;4.000;87.000;2.000;152.000;5.250;6.462;4.600;5.400;4;7;1
2023;1105;4;117;8;3.000;99.000;3.000;134.000;7.684;12.500;3.000;8.800;4;7;0
2023;1105;807;210;7;12.000;6.000;7.000;8.000;13.889;14.000;13.600;14.800;4;7;0
2023;1105;815;9;11;2.000;117.000;1.000;287.000;8.917;6.278;5.000;4.400;4;7;0
2023;1105;822;51;16;14.000;4.000;8.000;8.000;6.300;14.000;14.200;14.400;4;7;0
2023;1105;825;210;17;17.000;2.000;7.000;8.000;12.143;14.067;13.800;15.200;4;7;0
2023;1105;830;9;1;1.000;170.000;1.000;287.000;5.250;6.216;1.400;4.800;4;7;1
2023;1105;832;6;2;6.000;58.000;4.000;100.000;6.750;7.453;7.200;5.800;4;7;0
2023;1105;839;214;6;9.000;25.000;5.000;40.000;10.000;10.500;9.800;8.200;4;7;0
2023;1105;840;117;5;8.000;35.000;3.000;134.000;12.667;11.400;12.600;8.800;4;7;0
2023;1105;842;214;10;10.000;15.000;5.000;40.000;11.400;10.000;10.200;7.000;4;7;0
2023;1105;844;6;19;7.000;42.000;4.000;100.000;11.800;7.415;8.600;6.200;4;7;0
2023;1105;846;1;3;11.000;12.000;6.000;17.000;11.500;9.500;11.600;13.200;4;7;0
2023;1105;847;131;12;5.000;65.000;2.000;152.000;12.750;6.296;7.800;4.200;4;7;1
2023;1105;848;3;18;18.000;1.000;10.000;1.000;12.333;10.625;15.600;16.400;4;7;0
2023;1105;852;213;15;16.000;2.000;9.000;2.000;15.000;12.333;11.400;15.200;4;7;0
2023;1105;855;51;13;15.000;4.000;8.000;8.000;19.000;14.556;14.000;14.400;4;7;0
2023;1106;1;131;3;4.000;102.000;2.000;167.000;6.000;5.364;4.000;3.600;7;8;1
2023;1106;4;117;2;3.000;117.000;3.000;154.000;11.118;11.000;3.800;9.400;7;8;1
2023;1106;807;210;5;13.000;6.000;8.000;8.000;9.889;14.100;14.200;15.800;7;8;0
2023;1106;815;9;12;2.000;126.000;1.000;321.000;10.778;6.767;5.600;4.600;7;8;0
2023;1106;822;51;14;15.000;5.000;7.000;9.000;5.250;12.765;14.400;13.600;7;8;0
2023;1106;825;210;13;18.000;2.000;8.000;8.000;14.000;14.182;15.400;16.800;7;8;0
2023;1106;830;9;1;1.000;195.000;1.000;321.000;7.667;6.742;1.200;5.600;7;8;1
2023;1106;832;6;11;5.000;68.000;4.000;122.000;10.333;7.840;7.000;7.400;7;8;0
2023;1106;839;214;6;9.000;29.000;5.000;44.000;7.000;7.500;9.800;7.200;7;8;0
2023;1106;840;117;16;8.000;37.000;3.000;154.000;12.000;8.000;9.800;7.400;7;8;0
2023;1106;842;214;15;10.000;15.000;5.000;44.000;11.000;7.667;10.400;7.200;7;8;0
2023;1106;844;6;10;7.000;54.000;4.000;122.000;6.000;7.805;9.400;7.000;7;8;0
2023;1106;846;1;7;11.000;12.000;6.000;17.000;17.500;10.610;11.600;13.600;7;8;0
2023;1106;847;131;4;6.000;65.000;2.000;167.000;10.000;5.261;7.600;3.400;7;8;0
2023;1106;848;3;9;12.000;7.000;9.000;7.000;16.000;11.229;15.000;17.600;7;8;0
2023;1106;852;213;19;17.000;2.000;10.000;2.000;18.000;16.000;11.600;14.200;7;8;0
2023;1106;855;51;20;16.000;4.000;7.000;9.000;8.000;12.611;13.200;12.400;7;8;0
2023;1107;1;131;5;4.000;106.000;2.000;178.000;4.000;3.864;4.200;6.400;70;9;0
2023;1107;4;117;7;3.000;131.000;3.000;175.000;13.000;13.333;3.600;8.800;70;9;0
2023;1107;807;210;8;12.000;9.000;7.000;11.000;13.333;12.722;15.800;16.800;70;9;0
2023;1107;815;9;15;2.000;148.000;1.000;377.000;9.000;8.273;5.800;2.600;70;9;1
2023;1107;822;51;14;15.000;5.000;8.000;9.000;5.364;15.391;14.200;13.400;70;9;0
2023;1107;825;210;18;18.000;2.000;7.000;11.000;12.500;13.105;15.400;17.000;70;9;0
2023;1107;830;9;1;1.000;229.000;1.000;377.000;5.900;8.043;1.200;3.000;70;9;1
2023;1107;832;6;3;5.000;82.000;4.000;154.000;10.400;8.116;5.600;6.200;70;9;0
2023;1107;839;214;12;9.000;31.000;5.000;47.000;11.286;11.333;8.600;9.000;70;9;0
2023;1107;840;117;6;8.000;44.000;3.000;175.000;12.125;12.143;10.800;5.800;70;9;0
2023;1107;842;214;9;11.000;16.000;5.000;47.000;12.000;11.714;10.200;10.400;70;9;0
2023;1107;844;6;2;6.000;72.000;4.000;154.000;6.857;8.086;6.200;6.200;70;9;1
2023;1107;846;1;4;10.000;24.000;6.000;29.000;4.833;9.171;13.000;12.800;70;9;0
2023;1107;847;131;11;7.000;72.000;2.000;178.000;13.833;4.043;7.800;7.000;70;9;0
2023;1107;848;3;10;13.000;7.000;9.000;7.000;11.000;12.034;12.600;16.200;70;9;0
2023;1107;852;213;16;17.000;2.000;10.000;2.000;12.667;12.600;12.400;14.000;70;9;0
2023;1107;855;51;17;16.000;4.000;8.000;9.000;14.000;15.375;14.600;13.800;70;9;0
2023;1108;1;131;7;4.000;121.000;2.000;203.000;3.059;4.833;4.600;8.000;9;10;1
2023;1108;4;117;9;3.000;137.000;3.000;181.000;8.211;13.333;3.800;6.200;9;10;0
2023;1108;807;210;11;14.000;9.000;8.000;11.000;9.364;15.562;16.400;17.600;9;10;0
2023;1108;815;9;15;2.000;156.000;1.000;411.000;11.727;7.737;6.200;2.400;9;10;0
2023;1108;822;51;20;15.000;5.000;9.000;9.000;6.818;11.333;13.600;12.400;9;10;0
2023;1108;825;210;19;18.000;2.000;8.000;11.000;14.250;15.412;16.400;16.600;9;10;0
2023;1108;830;9;1;1.000;255.000;1.000;411.000;8.000;7.692;1.000;3.400;9;10;1
2023;1108;832;6;5;5.000;83.000;4.000;157.000;10.778;8.562;5.800;5.600;9;10;0
2023;1108;839;214;13;10.000;31.000;6.000;47.000;8.833;9.000;8.400;10.800;9;10;0
2023;1108;840;117;12;8.000;44.000;3.000;181.000;10.714;12.429;11.200;6.400;9;10;0
2023;1108;842;214;10;12.000;16.000;6.000;47.000;10.333;11.200;9.400;12.800;9;10;0
2023;1108;844;6;4;7.000;74.000;4.000;157.000;5.833;8.574;6.000;5.400;9;10;0
2023;1108;846;1;2;9.000;42.000;5.000;59.000;7.000;9.263;12.000;11.400;9;10;1
2023;1108;847;131;6;6.000;82.000;2.000;203.000;14.800;4.774;7.600;8.000;9;10;0
2023;1108;848;3;8;13.000;11.000;7.000;11.000;11.250;10.566;12.400;14.200;9;10;0
2023;1108;852;213;16;17.000;2.000;10.000;2.000;12.000;12.125;14.200;16.400;9;10;0
2023;1108;855;51;17;16.000;4.000;9.000;9.000;19.000;11.360;13.200;13.000;9;10;0
2023;1109;1;131;1;4.000;133.000;2.000;223.000;3.375;7.346;4.000;8.400;11;11;0
2023;1109;4;117;8;3.000;139.000;3.000;184.000;6.737;15.000;4.600;8.800;11;11;0
2023;1109;807;210;10;14.000;9.000;8.000;11.000;13.222;13.643;16.000;17.400;11;11;0
2023;1109;815;9;9;2.000;171.000;1.000;452.000;12.417;7.472;7.000;2.400;11;11;1
2023;1109;817;213;13;21.000;0.000;10.000;2.000;10.417;12.333;12.600;17.400;11;11;0
2023;1109;822;51;7;15.000;5.000;9.000;9.000;10.500;14.125;13.400;14.000;11;11;0
2023;1109;825;210;19;18.000;2.000;8.000;11.000;12.286;13.667;18.200;16.800;11;11;0
2023;1109;830;9;2;1.000;281.000;1.000;452.000;5.875;7.351;1.000;2.800;11;11;1
2023;1109;832;6;11;6.000;87.000;4.000;167.000;7.750;8.216;6.800;6.200;11;11;0
2023;1109;839;214;12;10.000;31.000;6.000;47.000;9.200;5.500;10.600;14.800;11;11;0
2023;1109;840;117;14;9.000;45.000;3.000;184.000;13.667;13.800;11.600;8.800;11;11;0
2023;1109;842;214;15;12.000;16.000;6.000;47.000;9.800;8.200;11.400;16.200;11;11;0
2023;1109;844;6;6;7.000;80.000;4.000;167.000;11.800;8.213;6.400;7.000;11;11;0
2023;1109;846;1;3;8.000;60.000;5.000;87.000;11.000;8.527;9.000;7.400;11;11;1
2023;1109;847;131;18;5.000;90.000;2.000;223.000;11.250;7.222;7.800;5.400;11;11;0
2023;1109;848;3;16;13.000;11.000;7.000;11.000;10.667;9.378;11.200;12.600;11;11;0
2023;1109;852;213;17;17.000;2.000;10.000;2.000;12.500;12.429;15.200;16.400;11;11;0
2023;1109;855;51;5;16.000;4.000;9.000;9.000;13.000;13.889;13.000;13.200;11;11;0
2023;1110;1;131;3;4.000;148.000;2.000;247.000;7.938;5.138;4.000;5.000;13;12;0
2023;1110;4;117;9;3.000;149.000;3.000;196.000;11.235;11.000;6.000;9.800;13;12;0
2023;1110;807;210;20;14.000;9.000;8.000;11.000;11.000;13.214;15.400;16.200;13;12;0
2023;1110;815;9;2;2.000;189.000;1.000;503.000;10.750;7.559;4.400;2.400;13;12;1
2023;1110;817;213;19;21.000;0.000;10.000;3.000;9.750;10.333;13.000;15.600;13;12;0
2023;1110;822;51;13;15.000;5.000;9.000;9.000;8.000;12.722;13.600;13.400;13;12;0
2023;1110;825;210;16;18.000;2.000;8.000;11.000;14.000;13.533;17.800;16.200;13;12;0
2023;1110;830;9;6;1.000;314.000;1.000;503.000;8.250;7.400;1.000;2.600;13;12;1
2023;1110;832;6;4;7.000;92.000;4.000;191.000;13.750;9.301;6.800;7.200;13;12;0
2023;1110;839;214;14;10.000;35.000;6.000;57.000;8.333;7.500;13.800;17.400;13;12;0
2023;1110;840;117;10;9.000;47.000;3.000;196.000;12.333;9.800;9.600;9.000;13;12;0
2023;1110;842;214;12;12.000;22.000;6.000;57.000;8.200;7.600;14.000;17.000;13;12;0
2023;1110;844;6;1;5.000;99.000;4.000;191.000;9.400;9.372;6.600;10.600;13;12;1
2023;1110;846;1;7;8.000;69.000;5.000;103.000;11.000;9.301;7.600;5.800;13;12;0
2023;1110;847;131;8;6.000;99.000;2.000;247.000;10.000;5.100;8.000;4.400;13;12;0
2023;1110;848;3;15;13.000;11.000;7.000;11.000;7.000;10.108;10.600;12.200;13;12;0
2023;1110;852;213;11;17.000;3.000;10.000;3.000;14.000;11.143;15.200;15.400;13;12;0
2023;1110;855;51;17;16.000;4.000;9.000;9.000;14.000;12.684;13.600;13.400;13;12;0
2023;1111;1;131;13;4.000;156.000;2.000;255.000;3.000;4.143;4.400;5.000;39;13;0
2023;1111;4;117;5;3.000;168.000;3.000;215.000;6.000;13.714;5.600;9.400;39;13;1
2023;1111;815;9;7;2.000;201.000;1.000;540.000;6.500;3.750;4.000;1.600;39;13;0
2023;1111;822;51;18;15.000;5.000;9.000;9.000;11.000;16.438;12.200;13.600;39;13;0
2023;1111;825;210;19;18.000;2.000;8.000;11.000;15.000;15.600;17.200;15.200;39;13;0
2023;1111;830;9;1;1.000;339.000;1.000;540.000;1.000;3.800;1.000;2.200;39;13;1
2023;1111;832;6;6;5.000;102.000;4.000;201.000;7.500;6.840;9.600;9.200;39;13;0
2023;1111;839;214;16;11.000;36.000;6.000;73.000;9.000;7.500;13.800;15.200;39;13;0
2023;1111;840;117;11;9.000;47.000;3.000;215.000;11.000;12.250;10.200;7.000;39;13;0
2023;1111;842;214;12;10.000;37.000;6.000;73.000;7.500;8.000;14.200;13.600;39;13;1
2023;1111;844;6;9;6.000;99.000;4.000;201.000;4.000;6.816;5.000;8.400;39;13;0
2023;1111;846;1;2;8.000;75.000;5.000;111.000;8.500;11.622;5.600;7.600;39;13;0
2023;1111;847;131;3;7.000;99.000;2.000;255.000;9.500;4.375;8.600;5.200;39;13;0
2023;1111;848;3;4;13.000;15.000;7.000;15.000;12.000;13.364;10.200;14.200;39;13;0
2023;1111;852;213;17;17.000;3.000;10.000;3.000;19.500;13.500;14.800;14.200;39;13;0
2023;1111;855;51;15;16.000;4.000;9.000;9.000;16.000;16.294;14.400;13.400;39;13;0
2023;1112;1;131;8;4.000;164.000;2.000;273.000;6.000;5.848;5.000;7.800;14;14;0
2023;1112;4;117;10;3.000;170.000;4.000;217.000;10.105;13.833;5.600;7.400;14;14;0
2023;1112;807;210;13;14.000;9.000;8.000;11.000;10.333;15.000;15.400;15.600;14;14;0
2023;1112;815;9;5;2.000;219.000;1.000;583.000;8.000;10.111;3.600;1.800;14;14;1
2023;1112;822;51;14;15.000;6.000;9.000;10.000;5.700;12.806;13.000;14.600;14;14;0
2023;1112;825;210;19;18.000;2.000;8.000;11.000;15.286;15.133;17.000;15.600;14;14;0
2023;1112;830;9;2;1.000;364.000;1.000;583.000;9.750;9.892;1.000;2.000;14;14;1
2023;1112;832;6;1;5.000;117.000;3.000;228.000;10.000;8.700;9.600;10.600;14;14;1
2023;1112;839;214;18;11.000;36.000;6.000;73.000;9.833;12.000;14.200;10.400;14;14;0
2023;1112;840;117;20;9.000;47.000;4.000;217.000;9.333;13.143;10.600;7.200;14;14;0
2023;1112;842;214;17;10.000;37.000;6.000;73.000;10.600;13.400;12.400;10.200;14;14;0
2023;1112;844;6;3;6.000;111.000;3.000;228.000;7.200;8.672;8.000;9.800;14;14;0
2023;1112;846;1;9;8.000;79.000;5.000;115.000;5.750;10.321;4.400;9.600;14;14;0
2023;1112;847;131;4;7.000;109.000;2.000;273.000;10.000;5.853;8.200;7.800;14;14;0
2023;1112;848;3;6;13.000;21.000;7.000;21.000;10.500;9.708;10.400;15.400;14;14;0
2023;1112;852;213;11;17.000;3.000;10.000;3.000;17.000;11.833;15.000;13.800;14;14;0
2023;1112;855;51;16;16.000;4.000;9.000;10.000;10.000;12.719;14.800;13.400;14;14;0
2023;1113;1;131;5;3.000;180.000;2.000;289.000;7.231;7.818;4.600;8.000;15;15;1
2023;1113;4;117;7;4.000;170.000;4.000;217.000;7.000;7.000;6.400;9.400;15;15;0
2023;1113;807;210;9;14.000;9.000;8.000;12.000;12.889;14.100;14.800;15.600;15;15;0
2023;1113;815;9;13;2.000;223.000;1.000;597.000;9.100;5.769;3.400;1.800;15;15;0
2023;1113;822;51;16;15.000;6.000;9.000;10.000;9.000;14.750;12.000;13.800;15;15;0
2023;1113;825;210;6;18.000;3.000;8.000;12.000;13.333;14.000;17.000;15.200;15;15;0
2023;1113;830;9;11;1.000;374.000;1.000;597.000;7.500;5.852;1.000;3.200;15;15;0
2023;1113;832;6;1;5.000;142.000;3.000;265.000;8.333;6.577;9.000;6.800;15;15;1
2023;1113;839;214;8;12.000;36.000;6.000;81.000;16.000;17.000;15.200;11.600;15;15;0
2023;1113;840;117;17;9.000;47.000;4.000;217.000;10.250;9.667;12.000;10.600;15;15;0
2023;1113;842;214;12;10.000;45.000;6.000;81.000;10.333;17.333;13.400;13.000;15;15;0
2023;1113;844;6;3;6.000;123.000;3.000;265.000;4.333;6.370;8.400;6.400;15;15;0
2023;1113;846;1;4;8.000;97.000;5.000;139.000;5.500;9.615;5.200;11.200;15;15;1
2023;1113;847;131;2;7.000;109.000;2.000;289.000;17.000;7.609;7.800;7.400;15;15;0
2023;1113;848;3;14;13.000;21.000;7.000;21.000;11.500;12.692;9.600;13.000;15;15;0
2023;1113;852;213;15;17.000;3.000;10.000;5.000;15.000;12.500;15.200;13.800;15;15;0
2023;1113;855;51;17;16.000;4.000;9.000;10.000;20.000;15.200;15.200;14.600;15;15;0
2023;1114;1;131;7;3.000;190.000;2.000;305.000;4.417;6.227;4.600;9.400;22;16;0
2023;1114;4;117;10;4.000;174.000;4.000;221.000;10.062;9.000;8.000;14.200;22;16;0
2023;1114;807;210;18;14.000;9.000;8.000;12.000;12.333;13.500;14.800;14.800;22;16;0
2023;1114;815;9;5;2.000;223.000;1.000;623.000;9.800;6.071;3.800;3.400;22;16;0
2023;1114;822;51;16;15.000;6.000;9.000;10.000;7.500;14.250;13.000;14.200;22;16;0
2023;1114;825;210;15;18.000;3.000;8.000;12.000;14.167;13.545;15.200;14.400;22;16;0
2023;1114;830;9;1;1.000;400.000;1.000;623.000;5.833;6.517;1.800;7.000;22;16;1
2023;1114;832;6;6;5.000;150.000;3.000;285.000;13.500;8.719;7.200;6.200;22;16;0
2023;1114;839;214;14;12.000;38.000;6.000;84.000;10.000;5.500;14.800;12.200;22;16;0
2023;1114;840;117;17;10.000;47.000;4.000;221.000;13.500;8.667;13.200;13.600;22;16;0
2023;1114;842;214;12;11.000;46.000;6.000;84.000;12.250;6.667;11.000;13.400;22;16;0
2023;1114;844;6;4;6.000;135.000;3.000;285.000;9.000;8.677;7.400;3.600;22;16;0
2023;1114;846;1;3;7.000;115.000;5.000;172.000;10.500;8.219;5.200;7.600;22;16;1
2023;1114;847;131;8;8.000;115.000;2.000;305.000;12.000;6.174;10.000;7.000;22;16;0
2023;1114;848;3;13;13.000;21.000;7.000;21.000;12.000;10.594;10.200;13.000;22;16;0
2023;1114;852;213;9;17.000;3.000;10.000;5.000;13.000;15.500;15.800;14.400;22;16;0
2023;1114;855;51;19;16.000;4.000;9.000;10.000;16.000;15.400;14.600;14.600;22;16;0
2023;1115;1;131;3;3.000;194.000;2.000;326.000;1.000;10.500;4.800;7.200;78;17;0
2023;1115;4;117;4;4.000;183.000;4.000;230.000;3.000;8.000;7.800;15.400;78;17;0
2023;1115;815;9;17;2.000;224.000;1.000;657.000;4.000;3.000;7.000;6.800;78;17;0
2023;1115;822;51;9;14.000;10.000;8.000;16.000;20.000;14.500;14.600;15.200;78;17;0
2023;1115;830;9;1;1.000;433.000;1.000;657.000;2.000;5.333;1.800;8.600;78;17;1
2023;1115;832;6;12;5.000;153.000;3.000;298.000;7.000;7.500;6.800;3.800;78;17;0
2023;1115;839;214;8;12.000;44.000;6.000;90.000;5.000;4.000;12.800;11.600;78;17;0
2023;1115;840;117;16;10.000;47.000;4.000;230.000;6.000;7.333;14.800;13.400;78;17;0
2023;1115;842;214;7;11.000;46.000;6.000;90.000;11.000;5.000;9.000;10.000;78;17;0
2023;1115;844;6;5;6.000;145.000;3.000;298.000;8.000;11.667;6.800;7.000;78;17;0
2023;1115;846;1;10;7.000;136.000;5.000;219.000;9.000;10.500;5.200;5.200;78;17;1
2023;1115;847;131;2;8.000;132.000;2.000;326.000;17.000;13.333;10.200;10.000;78;17;0
2023;1115;852;213;11;17.000;3.000;10.000;5.000;13.000;12.000;15.200;12.400;78;17;0
2023;1116;1;131;3;3.000;201.000;2.000;344.000;1.800;4.150;7.800;10.200;69;18;0
2023;1116;4;117;16;4.000;183.000;5.000;236.000;10.000;12.000;8.000;12.600;69;18;0
2023;1116;807;210;16;15.000;9.000;9.000;12.000;12.625;15.667;14.400;13.800;69;18;0
2023;1116;815;9;9;2.000;240.000;1.000;706.000;8.100;7.100;8.600;7.200;69;18;0
2023;1116;817;213;14;22.000;0.000;10.000;10.000;10.000;13.250;13.000;12.800;69;18;0
2023;1116;822;51;13;14.000;10.000;8.000;16.000;9.333;13.333;13.800;12.400;69;18;0
2023;1116;825;210;16;18.000;3.000;9.000;12.000;13.833;15.308;14.600;14.000;69;18;0
2023;1116;830;9;6;1.000;466.000;1.000;706.000;5.000;6.952;1.800;7.000;69;18;1
2023;1116;832;6;4;5.000;171.000;3.000;322.000;8.857;7.700;7.000;7.800;69;18;1
2023;1116;839;214;8;12.000;44.000;6.000;100.000;14.600;13.750;12.600;8.800;69;18;0
2023;1116;840;117;16;11.000;53.000;5.000;236.000;13.600;12.800;15.200;11.800;69;18;0
2023;1116;842;214;7;10.000;56.000;6.000;100.000;15.500;14.600;9.200;11.200;69;18;0
2023;1116;844;6;1;7.000;151.000;3.000;322.000;6.500;7.476;7.200;7.600;69;18;0
2023;1116;846;1;2;6.000;159.000;4.000;242.000;7.000;9.100;4.400;3.400;69;18;1
2023;1116;847;131;5;8.000;143.000;2.000;344.000;12.000;4.857;9.800;10.800;69;18;0
2023;1116;848;3;15;13.000;25.000;7.000;26.000;9.000;12.700;11.000;15.600;69;18;0
2023;1116;852;213;11;16.000;8.000;10.000;10.000;9.500;13.600;16.200;14.000;69;18;0
2023;1116;855;51;12;17.000;6.000;8.000;16.000;12.000;13.143;13.200;12.400;69;18;0
2023;1117;1;131;6;3.000;220.000;2.000;371.000;3.000;3.786;10.400;10.800;32;19;1
2023;1117;4;117;13;5.000;183.000;5.000;236.000;15.167;12.500;10.800;11.600;32;19;0
2023;1117;807;210;12;15.000;9.000;10.000;12.000;9.800;16.250;14.200;14.000;32;19;0
2023;1117;815;9;5;2.000;240.000;1.000;731.000;8.000;5.286;8.600;3.400;32;19;0
2023;1117;817;213;4;17.000;6.000;8.000;16.000;10.286;13.750;14.600;13.200;32;19;0
2023;1117;822;51;9;14.000;10.000;9.000;16.000;6.571;12.500;13.400;11.000;32;19;0
2023;1117;825;210;16;19.000;3.000;10.000;12.000;14.400;16.000;14.200;13.600;32;19;0
2023;1117;830;9;3;1.000;491.000;1.000;731.000;3.286;6.267;1.800;7.200;32;19;1
2023;1117;832;6;2;4.000;183.000;3.000;349.000;12.571;10.000;6.600;10.400;32;19;0
2023;1117;839;214;15;12.000;45.000;6.000;101.000;11.600;12.250;14.200;10.600;32;19;0
2023;1117;840;117;19;11.000;53.000;5.000;236.000;11.800;13.600;14.400;11.600;32;19;0
2023;1117;842;214;11;10.000;56.000;6.000;101.000;9.400;11.800;9.800;10.600;32;19;0
2023;1117;844;6;1;7.000;166.000;3.000;349.000;5.500;9.864;7.400;10.400;32;19;1
2023;1117;846;1;17;6.000;169.000;4.000;256.000;13.000;12.036;3.400;5.400;32;19;0
2023;1117;847;131;8;8.000;151.000;2.000;371.000;12.000;3.667;7.400;9.800;32;19;0
2023;1117;848;3;14;13.000;27.000;7.000;28.000;8.500;9.464;11.200;13.400;32;19;0
2023;1117;852;213;18;16.000;8.000;8.000;16.000;20.000;12.400;14.800;12.400;32;19;0
2023;1117;855;51;10;18.000;6.000;9.000;16.000;13.000;12.857;12.200;11.400;32;19;0
2023;1118;1;131;5;3.000;226.000;2.000;382.000;6.000;5.250;9.600;7.200;18;20;0
2023;1118;4;117;4;4.000;198.000;5.000;261.000;7.263;13.000;12.600;13.800;18;20;1
2023;1118;807;210;11;16.000;9.000;10.000;12.000;9.556;15.167;13.400;14.200;18;20;0
2023;1118;815;9;9;2.000;258.000;1.000;782.000;10.273;7.176;12.200;5.400;18;20;0
2023;1118;817;213;17;17.000;6.000;8.000;21.000;12.273;13.250;12.000;11.800;18;20;0
2023;1118;822;51;18;15.000;10.000;9.000;16.000;9.556;10.750;14.400;12.600;18;20;0
2023;1118;825;210;12;19.000;3.000;10.000;12.000;13.667;14.923;14.400;13.800;18;20;0
2023;1118;830;9;1;1.000;524.000;1.000;782.000;4.000;7.086;1.800;6.000;18;20;1
2023;1118;832;6;7;6.000;192.000;3.000;362.000;8.571;6.821;6.800;7.000;18;20;0
2023;1118;839;214;14;12.000;46.000;6.000;108.000;12.200;7.500;12.400;11.400;18;20;0
2023;1118;840;117;3;10.000;63.000;5.000;261.000;16.600;11.000;14.600;12.200;18;20;0
2023;1118;842;214;15;11.000;62.000;6.000;108.000;9.600;8.000;9.000;11.000;18;20;0
2023;1118;844;6;21;7.000;170.000;3.000;362.000;8.500;6.810;7.200;7.200;18;20;0
2023;1118;846;1;6;5.000;195.000;4.000;282.000;12.000;8.987;2.800;6.800;18;20;1
2023;1118;847;131;8;8.000;156.000;2.000;382.000;8.667;5.360;7.600;8.000;18;20;0
2023;1118;848;3;13;13.000;27.000;7.000;28.000;14.500;11.577;11.600;12.400;18;20;0
2023;1118;852;213;16;14.000;13.000;8.000;21.000;16.000;13.200;13.200;11.000;18;20;0
2023;1118;855;51;20;18.000;6.000;9.000;16.000;12.000;11.333;12.200;14.000;18;20;0
2023;1120;1;131;11;3.000;234.000;2.000;409.000;5.786;5.962;11.000;8.800;24;22;0
2023;1120;4;117;7;4.000;206.000;5.000;280.000;9.500;10.500;10.400;7.800;24;22;0
2023;1120;807;210;8;16.000;9.000;10.000;12.000;12.444;14.214;14.200;16.200;24;22;0
2023;1120;815;9;9;2.000;285.000;1.000;860.000;9.583;6.000;8.200;2.000;24;22;0
2023;1120;817;213;15;17.000;6.000;8.000;25.000;10.417;8.833;13.000;13.200;24;22;0
2023;1120;822;51;18;15.000;10.000;9.000;16.000;8.500;15.000;13.600;15.800;24;22;0
2023;1120;825;210;17;19.000;3.000;10.000;12.000;15.000;14.267;15.600;15.400;24;22;0
2023;1120;830;9;1;1.000;575.000;1.000;860.000;4.125;5.931;1.000;2.600;24;22;1
2023;1120;832;6;16;7.000;200.000;3.000;406.000;9.625;6.821;7.800;7.400;24;22;0
2023;1120;839;214;12;12.000;58.000;6.000;120.000;10.500;11.000;9.800;8.600;24;22;0
2023;1120;840;117;13;10.000;74.000;5.000;280.000;13.667;9.800;9.000;5.800;24;22;0
2023;1120;842;214;10;11.000;62.000;6.000;120.000;12.833;11.200;9.400;8.800;24;22;0
2023;1120;844;6;2;5.000;206.000;3.000;406.000;7.000;7.207;10.000;10.400;24;22;1
2023;1120;846;1;5;6.000;205.000;4.000;302.000;6.500;9.607;6.400;10.800;24;22;0
2023;1120;847;131;4;8.000;175.000;2.000;409.000;13.750;6.074;7.600;9.400;24;22;1
2023;1120;848;3;14;13.000;27.000;7.000;28.000;7.667;12.893;12.400;14.800;24;22;0
2023;1120;852;213;6;14.000;17.000;8.000;25.000;7.500;9.143;12.400;13.000;24;22;0
2023;1120;855;51;19;18.000;6.000;9.000;16.000;12.000;15.444;13.600;16.800;24;22;0
2024;1121;1;131;9;7.000;6.000;3.000;16.000;3.500;4.036;9.000;8.400;3;1;0
2024;1121;4;117;6;9.000;2.000;5.000;3.000;7.438;10.500;10.600;7.200;3;1;0
2024;1121;807;210;10;16.000;0.000;7.000;0.000;12.273;13.944;14.000;17.000;3;1;0
2024;1121;815;9;5;2.000;18.000;1.000;44.000;9.308;8.711;7.000;2.000;3;1;1
2024;1121;822;15;16;19.000;0.000;6.000;0.000;6.250;13.750;15.800;11.800;3;1;0
2024;1121;825;210;15;12.000;0.000;7.000;0.000;12.889;14.053;16.800;16.600;3;1;0
2024;1121;830;9;1;1.000;26.000;1.000;44.000;10.800;8.538;1.000;2.200;3;1;1
2024;1121;832;6;4;3.000;15.000;2.000;27.000;10.600;7.125;7.400;9.600;3;1;1
2024;1121;839;214;19;17.000;0.000;10.000;0.000;9.857;12.500;10.800;9.400;3;1;0
2024;1121;840;117;12;10.000;1.000;5.000;3.000;11.875;10.286;8.800;8.000;3;1;0
2024;1121;842;214;20;18.000;0.000;10.000;0.000;10.714;13.143;9.600;11.400;3;1;0
2024;1121;844;6;2;4.000;12.000;2.000;27.000;10.143;7.024;9.400;6.200;3;1;0
2024;1121;846;1;7;6.000;8.000;4.000;12.000;9.333;10.425;6.800;11.000;3;1;0
2024;1121;847;131;3;5.000;10.000;3.000;16.000;10.167;4.138;7.400;6.800;3;1;0
2024;1121;848;3;13;15.000;0.000;9.000;0.000;8.200;12.325;12.600;13.800;3;1;0
2024;1121;852;215;11;14.000;0.000;8.000;0.000;9.333;13.000;11.000;13.000;3;1;0
2024;1121;855;15;17;11.000;0.000;6.000;0.000;13.000;14.000;15.200;14.200;3;1;0
2024;1121;857;1;8;8.000;4.000;4.000;12.000;20.000;10.317;11.000;9.400;3;1;0
2024;1121;858;3;18;20.000;0.000;9.000;0.000;12.000;12.390;13.800;14.600;3;1;0
2024;1122;1;131;8;9.000;8.000;4.000;26.000;5.333;4.667;6.600;6.400;77;2;0
2024;1122;4;117;4;7.000;12.000;5.000;13.000;10.667;12.500;9.200;8.200;77;2;0
2024;1122;807;210;15;11.000;1.000;6.000;1.000;12.000;14.833;15.000;15.200;77;2;0
2024;1122;815;9;3;2.000;36.000;1.000;87.000;7.333;4.500;6.600;1.800;77;2;1
2024;1122;825;210;13;15.000;0.000;6.000;1.000;9.500;14.143;16.400;14.600;77;2;0
2024;1122;830;9;1;1.000;51.000;1.000;87.000;1.667;4.143;1.000;2.000;77;2;1
2024;1122;839;214;17;17.000;0.000;10.000;0.000;6.000;9.333;10.600;14.200;77;2;0
2024;1122;840;117;10;12.000;1.000;5.000;13.000;14.667;11.429;9.400;8.200;77;2;0
2024;1122;842;214;18;21.000;0.000;10.000;0.000;7.667;9.857;12.000;14.600;77;2;0
2024;1122;844;6;2;3.000;28.000;2.000;49.000;5.333;5.500;6.200;5.800;77;2;1
2024;1122;846;1;6;8.000;12.000;3.000;28.000;11.333;11.833;7.600;7.000;77;2;0
2024;1122;847;131;7;4.000;18.000;4.000;26.000;9.333;5.286;7.400;6.600;77;2;0
2024;1122;848;3;12;13.000;0.000;7.000;0.000;16.500;16.333;13.800;16.200;77;2;0
2024;1122;852;215;9;18.000;0.000;9.000;0.000;14.667;16.000;12.200;14.333;77;2;0
2024;1122;855;15;20;14.000;0.000;8.000;0.000;12.000;17.000;14.800;14.400;77;2;0
2024;1122;857;1;5;5.000;16.000;3.000;28.000;15.000;11.286;9.200;6.600;77;2;0
2024;1122;858;3;19;19.000;0.000;7.000;0.000;16.000;15.571;15.800;15.200;77;2;0
2024;1123;1;131;11;10.000;8.000;4.000;26.000;4.933;7.458;8.000;6.000;1;3;0
2024;1123;4;117;10;8.000;16.000;5.000;25.000;6.444;9.500;6.600;10.600;1;3;0
2024;1123;807;210;16;13.000;3.000;7.000;4.000;11.800;14.083;14.400;14.000;1;3;0
2024;1123;815;9;6;3.000;46.000;1.000;97.000;10.182;9.794;3.000;1.400;1;3;0
2024;1123;822;15;13;20.000;0.000;9.000;0.000;8.444;13.158;17.600;14.400;1;3;0
2024;1123;825;210;14;14.000;1.000;7.000;4.000;12.500;13.692;15.000;11.800;1;3;0
2024;1123;830;9;1;1.000;51.000;1.000;97.000;8.000;9.657;1.000;2.200;1;3;0
2024;1123;832;6;2;4.000;40.000;2.000;93.000;12.571;7.692;7.400;3.800;1;3;1
2024;1123;839;214;15;18.000;0.000;10.000;0.000;10.750;12.750;11.200;16.200;1;3;0
2024;1123;840;117;9;9.000;9.000;5.000;25.000;11.000;9.200;9.800;10.200;1;3;0
2024;1123;842;214;17;19.000;0.000;10.000;0.000;12.750;13.400;13.800;16.800;1;3;0
2024;1123;844;6;4;2.000;47.000;2.000;93.000;9.750;7.566;6.200;3.600;1;3;1
2024;1123;846;1;3;6.000;27.000;3.000;55.000;7.667;8.577;8.200;6.400;1;3;1
2024;1123;847;131;7;7.000;18.000;4.000;26.000;12.333;7.880;7.400;9.000;1;3;0
2024;1123;848;3;12;15.000;0.000;8.000;0.000;14.333;11.596;14.200;15.200;1;3;0
2024;1123;852;215;8;11.000;6.000;6.000;6.000;12.500;12.000;12.800;14.000;1;3;0
2024;1123;855;15;19;16.000;0.000;9.000;0.000;10.000;13.179;15.600;15.800;1;3;0
2024;1123;857;1;5;5.000;28.000;3.000;55.000;8.000;8.472;8.400;5.800;1;3;0
2024;1124;1;131;7;9.000;10.000;4.000;34.000;4.462;6.208;10.000;11.000;22;4;0
2024;1124;4;117;5;8.000;24.000;5.000;33.000;9.941;11.000;7.600;9.600;22;4;0
2024;1124;807;210;12;13.000;3.000;7.000;4.000;12.500;13.667;13.800;10.600;22;4;0
2024;1124;815;9;2;2.000;64.000;1.000;141.000;10.636;6.333;3.200;5.600;22;4;1
2024;1124;822;15;13;20.000;0.000;9.000;0.000;8.889;12.227;17.200;15.000;22;4;0
2024;1124;825;210;18;14.000;1.000;7.000;4.000;14.286;13.462;13.400;10.400;22;4;0
2024;1124;830;9;1;1.000;77.000;1.000;141.000;5.143;6.194;4.600;5.800;22;4;1
2024;1124;832;6;4;4.000;55.000;2.000;120.000;12.429;8.606;6.800;3.400;22;4;1
2024;1124;839;214;15;18.000;0.000;10.000;0.000;9.800;7.500;12.400;16.000;22;4;0
2024;1124;840;117;16;10.000;9.000;5.000;33.000;14.400;10.000;10.000;8.800;22;4;0
2024;1124;842;214;17;19.000;0.000;10.000;0.000;11.800;9.000;15.000;15.400;22;4;0
2024;1124;844;6;8;3.000;59.000;2.000;120.000;7.750;8.522;2.600;3.200;22;4;0
2024;1124;846;1;3;5.000;37.000;3.000;69.000;7.667;8.045;8.400;5.400;22;4;0
2024;1124;847;131;9;7.000;24.000;4.000;34.000;10.333;6.320;7.800;11.800;22;4;0
2024;1124;848;3;14;15.000;0.000;8.000;0.000;13.333;10.773;12.600;14.200;22;4;0
2024;1124;852;215;10;11.000;7.000;6.000;7.000;12.500;19.000;12.400;13.800;22;4;0
2024;1124;855;15;20;16.000;0.000;9.000;0.000;14.500;12.267;15.200;15.600;22;4;0
2024;1124;857;1;6;6.000;32.000;3.000;69.000;3.000;8.000;6.400;4.800;22;4;0
2024;1124;858;3;19;21.000;0.000;8.000;0.000;17.000;10.910;15.400;15.200;22;4;0
2024;1125;1;131;18;9.000;19.000;4.000;52.000;3.846;5.150;10.400;11.400;17;5;0
2024;1125;807;210;9;13.000;4.000;7.000;5.000;13.222;12.875;12.200;11.000;17;5;0
2024;1125;815;9;2;2.000;85.000;1.000;195.000;11.000;6.633;3.000;5.600;17;5;1
2024;1125;822;15;10;20.000;0.000;10.000;0.000;6.571;14.273;16.600;15.800;17;5;0
2024;1125;825;210;17;14.000;1.000;7.000;5.000;12.200;12.556;13.400;10.600;17;5;0
2024;1125;830;9;1;1.000;110.000;1.000;195.000;7.400;6.516;4.600;6.000;17;5;1
2024;1125;832;6;7;4.000;69.000;2.000;151.000;10.400;6.500;6.200;3.400;17;5;0
2024;1125;840;117;11;10.000;9.000;5.000;40.000;15.333;7.000;11.400;7.800;17;5;0
2024;1125;842;214;15;19.000;0.000;9.000;0.000;12.000;11.000;16.000;14.200;17;5;0
2024;1125;844;6;6;3.000;76.000;2.000;151.000;12.000;6.455;3.000;3.000;17;5;0
2024;1125;846;1;4;5.000;58.000;3.000;96.000;18.000;9.375;5.400;4.800;17;5;1
2024;1125;847;131;8;7.000;33.000;4.000;52.000;16.000;5.333;7.600;12.000;17;5;0
2024;1125;848;3;14;15.000;0.000;8.000;0.000;10.000;12.344;14.200;14.600;17;5;0
2024;1126;1;131;8;9.000;27.000;4.000;64.000;6.000;5.250;10.400;9.600;79;6;0
2024;1126;4;117;15;8.000;33.000;5.000;42.000;7.000;10.500;7.000;9.200;79;6;0
2024;1126;807;210;9;13.000;6.000;7.000;7.000;15.000;14.000;11.200;12.000;79;6;0
2024;1126;815;9;4;2.000;103.000;1.000;239.000;3.000;2.000;2.800;5.200;79;6;0
2024;1126;825;210;18;16.000;1.000;7.000;7.000;13.000;13.400;12.600;12.200;79;6;0
2024;1126;830;9;1;1.000;136.000;1.000;239.000;1.000;2.400;4.600;2.200;79;6;1
2024;1126;832;6;3;5.000;83.000;2.000;187.000;4.000;4.250;6.000;3.600;79;6;0
2024;1126;839;214;13;15.000;1.000;8.000;1.000;8.500;9.000;14.400;13.600;79;6;0
2024;1126;840;117;11;11.000;9.000;5.000;42.000;11.000;10.200;12.400;9.800;79;6;0
2024;1126;842;214;12;19.000;0.000;8.000;1.000;13.000;9.200;16.000;13.000;79;6;0
2024;1126;844;6;2;3.000;98.000;2.000;187.000;4.500;4.400;3.400;4.200;79;6;1
2024;1126;846;1;5;4.000;83.000;3.000;124.000;18.000;17.000;4.800;5.400;79;6;1
2024;1126;847;131;7;7.000;37.000;4.000;64.000;4.500;5.400;8.200;7.400;79;6;0
2024;1126;848;3;14;17.000;0.000;9.000;0.000;11.500;14.250;13.800;15.400;79;6;0
2024;1126;852;215;10;10.000;14.000;6.000;19.000;11.500;15.000;13.000;16.200;79;6;0
2024;1126;855;15;19;18.000;0.000;10.000;0.000;18.000;16.000;15.200;16.400;79;6;0
2024;1126;857;1;6;6.000;41.000;3.000;124.000;19.000;13.800;6.400;4.800;79;6;0
2024;1126;858;3;17;21.000;0.000;9.000;0.000;20.000;15.000;16.800;16.800;79;6;0
2024;1127;1;131;8;8.000;35.000;4.000;79.000;5.333;6.667;10.200;7.200;21;7;0
2024;1127;4;117;20;9.000;33.000;5.000;44.000;9.143;10.250;7.000;12.000;21;7;0
2024;1127;815;9;11;3.000;107.000;1.000;268.000;6.333;10.200;3.200;2.200;21;7;0
2024;1127;822;15;16;20.000;0.000;10.000;0.000;8.333;10.269;16.200;16.400;21;7;0
2024;1127;825;210;18;16.000;1.000;7.000;7.000;13.500;14.571;14.000;13.400;21;7;0
2024;1127;830;9;1;1.000;161.000;1.000;268.000;6.333;10.000;4.800;3.600;21;7;1
2024;1127;832;6;4;5.000;93.000;2.000;212.000;10.667;8.500;3.400;4.200;21;7;0
2024;1127;839;214;12;15.000;1.000;8.000;1.000;14.000;13.000;13.000;12.400;21;7;0
2024;1127;840;117;13;11.000;11.000;5.000;44.000;10.333;12.000;13.800;13.400;21;7;0
2024;1127;842;214;15;19.000;0.000;8.000;1.000;13.000;13.200;14.800;12.000;21;7;0
2024;1127;844;6;3;2.000;113.000;2.000;212.000;5.000;8.443;3.200;4.400;21;7;1
2024;1127;846;1;2;4.000;101.000;3.000;154.000;4.667;7.845;3.800;6.400;21;7;1
2024;1127;847;131;6;7.000;44.000;4.000;79.000;13.000;6.571;8.800;7.000;21;7;0
2024;1127;848;3;14;17.000;0.000;9.000;0.000;13.000;10.220;14.400;16.800;21;7;0
2024;1127;852;215;7;10.000;15.000;6.000;20.000;9.500;13.000;11.600;14.400;21;7;0
2024;1127;855;15;17;18.000;0.000;10.000;0.000;15.000;10.556;15.800;16.400;21;7;0
2024;1128;1;131;7;8.000;42.000;4.000;96.000;4.438;7.600;9.600;6.600;6;8;0
2024;1128;4;117;14;9.000;33.000;5.000;44.000;7.421;9.833;9.800;13.800;6;8;0
2024;1128;807;210;19;13.000;6.000;7.000;7.000;12.300;14.571;10.400;13.800;6;8;0
2024;1128;815;9;16;5.000;107.000;1.000;276.000;11.667;7.139;4.400;3.200;6;8;0
2024;1128;822;15;17;20.000;0.000;10.000;0.000;10.500;13.818;16.400;15.400;6;8;0
2024;1128;825;210;20;17.000;1.000;7.000;7.000;15.000;14.867;14.000;14.400;6;8;0
2024;1128;830;9;6;1.000;169.000;1.000;276.000;7.375;7.432;4.800;6.600;6;8;0
2024;1128;832;6;3;4.000;108.000;2.000;252.000;6.500;7.477;3.800;4.000;6;8;1
2024;1128;839;214;11;16.000;1.000;9.000;2.000;8.400;8.500;13.200;13.000;6;8;0
2024;1128;840;117;13;11.000;11.000;5.000;44.000;15.000;10.000;11.800;13.000;6;8;0
2024;1128;842;214;10;18.000;1.000;9.000;2.000;7.200;9.714;14.000;13.800;6;8;0
2024;1128;844;6;1;2.000;138.000;2.000;252.000;13.600;7.449;3.200;3.800;6;8;1
2024;1128;846;1;4;3.000;113.000;3.000;184.000;7.250;9.877;2.600;5.600;6;8;0
2024;1128;847;131;5;7.000;54.000;4.000;96.000;9.750;7.581;9.000;6.800;6;8;0
2024;1128;848;3;9;15.000;2.000;8.000;2.000;13.333;11.367;16.200;18.400;6;8;0
2024;1128;852;215;8;10.000;19.000;6.000;24.000;16.000;12.000;10.600;11.400;6;8;0
2024;1128;855;15;18;19.000;0.000;10.000;0.000;14.500;13.800;15.200;15.200;6;8;0
2024;1128;857;1;2;6.000;71.000;3.000;184.000;10.000;9.822;7.400;4.800;6;8;1
2024;1128;858;3;15;21.000;0.000;8.000;2.000;18.000;11.341;17.000;16.800;6;8;0
2024;1129;1;131;7;8.000;55.000;4.000;124.000;5.786;5.833;7.400;6.600;7;9;0
2024;1129;4;117;6;9.000;41.000;5.000;58.000;10.611;8.250;10.400;14.000;7;9;0
2024;1129;807;210;17;14.000;6.000;7.000;7.000;10.400;14.417;12.400;16.200;7;9;0
2024;1129;815;9;16;5.000;107.000;1.000;301.000;10.300;6.562;7.000;7.000;7;9;0
2024;1129;822;15;19;20.000;0.000;10.000;0.000;5.778;13.614;16.200;15.200;7;9;0
2024;1129;825;210;14;18.000;1.000;7.000;7.000;14.429;14.154;16.000;14.600;7;9;0
2024;1129;830;9;2;1.000;194.000;1.000;301.000;6.714;6.909;2.200;10.200;7;9;1
2024;1129;832;6;12;4.000;108.000;2.000;252.000;9.571;7.759;4.200;3.000;7;9;0
2024;1129;839;214;18;17.000;2.000;8.000;5.000;7.250;8.750;13.400;13.800;7;9;0
2024;1129;840;117;9;11.000;17.000;5.000;58.000;11.400;7.800;13.400;11.800;7;9;0
2024;1129;842;214;15;15.000;3.000;8.000;5.000;11.250;9.000;13.400;13.400;7;9;0
2024;1129;844;6;11;2.000;138.000;2.000;252.000;5.500;7.857;3.000;5.600;7;9;0
2024;1129;846;1;3;3.000;131.000;3.000;212.000;16.000;10.643;2.800;5.000;7;9;1
2024;1129;847;131;1;7.000;69.000;4.000;124.000;13.000;5.760;6.600;5.800;7;9;1
2024;1129;848;3;10;16.000;2.000;9.000;2.000;13.000;11.282;15.800;16.200;7;9;0
2024;1129;852;215;8;10.000;19.000;6.000;28.000;16.000;8.000;10.800;10.200;7;9;0
2024;1129;855;15;19;19.000;0.000;10.000;0.000;12.000;13.600;15.400;15.000;7;9;0
2024;1129;857;1;4;6.000;81.000;3.000;212.000;11.000;10.541;7.000;2.800;7;9;0
2024;1129;858;3;13;21.000;0.000;9.000;2.000;20.000;11.349;17.200;15.600;7;9;0
2024;1130;1;131;3;8.000;70.000;4.000;151.000;5.059;6.179;6.400;5.200;4;10;1
2024;1130;4;117;10;9.000;41.000;5.000;58.000;7.650;10.500;10.400;9.400;4;10;0
2024;1130;807;210;13;14.000;6.000;8.000;7.000;14.000;14.312;12.400;14.800;4;10;0
2024;1130;815;9;11;5.000;111.000;1.000;330.000;8.538;6.079;10.200;8.800;4;10;0
2024;1130;822;15;12;20.000;0.000;10.000;0.000;7.455;11.791;16.000;14.400;4;10;0
2024;1130;825;210;16;18.000;1.000;8.000;7.000;12.875;14.118;15.800;14.600;4;10;0
2024;1130;830;9;2;1.000;219.000;1.000;330.000;4.778;6.128;2.200;10.200;4;10;1
2024;1130;832;6;6;4.000;116.000;2.000;270.000;6.556;7.470;6.800;8.400;4;10;0
2024;1130;839;214;8;16.000;3.000;7.000;8.000;9.667;10.000;12.400;12.400;4;10;0
2024;1130;840;117;14;11.000;17.000;5.000;58.000;11.714;10.714;12.400;10.000;4;10;0
2024;1130;842;214;7;15.000;5.000;7.000;8.000;11.167;10.000;12.000;11.200;4;10;0
2024;1130;844;6;5;3.000;148.000;2.000;270.000;11.667;7.448;6.000;9.000;4;10;0
2024;1130;846;1;1;2.000;150.000;3.000;237.000;12.600;9.667;2.200;3.400;4;10;1
2024;1130;847;131;4;7.000;81.000;4.000;151.000;10.800;6.069;5.800;4.400;4;10;0
2024;1130;848;3;20;17.000;2.000;9.000;2.000;13.250;10.848;15.200;15.600;4;10;0
2024;1130;852;215;17;10.000;19.000;6.000;28.000;14.000;15.000;11.600;11.400;4;10;0
2024;1130;855;15;15;19.000;0.000;10.000;0.000;14.000;11.886;14.800;14.600;4;10;0
2024;1130;857;1;9;6.000;87.000;3.000;237.000;13.000;9.552;6.400;3.000;4;10;0
2024;1130;858;3;19;21.000;0.000;9.000;2.000;20.000;10.955;17.800;15.800;4;10;0
2024;1131;1;131;5;8.000;85.000;4.000;196.000;4.333;4.167;5.200;3.800;70;11;0
2024;1131;4;117;15;9.000;41.000;5.000;58.000;12.273;11.750;11.400;10.600;70;11;0
2024;1131;807;210;9;12.000;14.000;7.000;19.000;14.286;13.350;12.600;14.200;70;11;0
2024;1131;815;9;8;5.000;118.000;1.000;355.000;8.500;7.750;11.200;6.800;70;11;0
2024;1131;822;15;18;20.000;0.000;10.000;0.000;6.167;12.250;15.200;14.600;70;11;0
2024;1131;825;210;12;16.000;5.000;7.000;19.000;13.111;13.000;16.000;11.400;70;11;0
2024;1131;830;9;1;1.000;237.000;1.000;355.000;5.455;7.720;2.200;7.000;70;11;0
2024;1131;832;6;4;4.000;135.000;2.000;291.000;10.000;8.000;7.000;9.400;70;11;1
2024;1131;839;214;10;17.000;3.000;8.000;9.000;11.625;11.500;12.200;9.600;70;11;0
2024;1131;840;117;17;11.000;17.000;5.000;58.000;11.778;12.444;12.200;11.400;70;11;0
2024;1131;842;214;13;15.000;6.000;8.000;9.000;11.750;11.556;11.200;10.000;70;11;0
2024;1131;844;6;6;3.000;150.000;2.000;291.000;6.250;7.931;6.200;9.800;70;11;0
2024;1131;846;1;2;2.000;156.000;3.000;268.000;4.714;9.192;2.200;3.600;70;11;0
2024;1131;847;131;3;7.000;111.000;4.000;196.000;12.857;4.160;5.400;3.600;70;11;1
2024;1131;848;3;16;18.000;2.000;9.000;2.000;11.000;12.033;16.400;18.000;70;11;0
2024;1131;852;215;14;10.000;19.000;6.000;30.000;14.250;9.000;11.600;13.000;70;11;0
2024;1131;855;15;20;19.000;0.000;10.000;0.000;13.000;12.400;14.600;14.600;70;11;0
2024;1131;857;1;7;6.000;112.000;3.000;268.000;16.000;9.329;6.200;7.200;70;11;1
2024;1131;858;3;19;21.000;0.000;9.000;2.000;13.000;12.082;18.400;18.000;70;11;0
2024;1132;1;131;2;8.000;110.000;4.000;221.000;3.056;4.781;4.800;3.000;9;12;1
2024;1132;4;117;10;9.000;45.000;5.000;68.000;8.150;12.625;13.200;12.800;9;12;0
2024;1132;807;210;6;11.000;22.000;7.000;27.000;9.667;15.611;11.600;10.800;9;12;0
2024;1132;815;9;20;6.000;118.000;1.000;373.000;11.250;7.525;11.800;4.400;9;12;0
2024;1132;822;15;16;21.000;0.000;10.000;0.000;7.250;12.727;15.200;15.400;9;12;0
2024;1132;825;210;17;16.000;5.000;7.000;27.000;14.778;15.105;13.800;9.600;9;12;0
2024;1132;830;9;4;1.000;255.000;1.000;373.000;7.300;7.756;2.800;7.600;9;12;1
2024;1132;832;6;7;4.000;146.000;2.000;302.000;10.700;8.577;6.600;8.800;9;12;0
2024;1132;839;214;18;18.000;3.000;8.000;9.000;10.429;12.333;12.600;10.000;9;12;0
2024;1132;840;117;8;10.000;23.000;5.000;68.000;11.125;12.111;11.400;13.000;9;12;0
2024;1132;842;214;19;15.000;6.000;8.000;9.000;11.429;12.857;10.800;11.400;9;12;0
2024;1132;844;6;11;3.000;150.000;2.000;302.000;6.286;8.550;7.800;6.000;9;12;0
2024;1132;846;1;3;2.000;171.000;3.000;295.000;6.167;9.134;6.000;7.200;9;12;1
2024;1132;847;131;1;7.000;111.000;4.000;221.000;13.167;4.667;4.000;2.600;9;12;0
2024;1132;848;3;9;17.000;4.000;9.000;4.000;10.600;10.541;15.800;18.400;9;12;0
2024;1132;852;215;13;12.000;20.000;6.000;31.000;13.333;13.000;13.000;14.000;9;12;0
2024;1132;855;15;14;19.000;0.000;10.000;0.000;17.000;12.778;15.200;15.400;9;12;0
2024;1132;857;1;5;5.000;124.000;3.000;295.000;4.000;9.071;4.000;6.800;9;12;0
2024;1132;858;3;12;20.000;0.000;9.000;4.000;11.000;10.523;18.200;16.200;9;12;0
2024;1133;1;131;5;6.000;125.000;4.000;241.000;3.412;7.179;3.800;5.800;11;13;1
2024;1133;4;117;7;9.000;45.000;5.000;69.000;6.850;13.167;11.000;12.000;11;13;0
2024;1133;807;210;11;11.000;22.000;7.000;27.000;13.300;13.875;10.600;9.800;11;13;0
2024;1133;815;9;16;7.000;124.000;1.000;389.000;11.692;7.184;13.600;6.400;11;13;0
2024;1133;822;15;12;21.000;0.000;10.000;0.000;10.636;13.205;14.600;15.800;11;13;0
2024;1133;825;210;15;16.000;5.000;7.000;27.000;12.875;13.824;13.800;9.000;11;13;0
2024;1133;830;9;3;1.000;265.000;1.000;389.000;5.333;7.179;3.000;7.600;11;13;0
2024;1133;832;6;4;4.000;154.000;3.000;322.000;7.778;8.197;6.600;7.600;11;13;0
2024;1133;839;214;19;18.000;3.000;8.000;9.000;10.833;10.167;13.000;13.400;11;13;0
2024;1133;840;117;8;10.000;24.000;5.000;69.000;13.143;12.857;11.000;11.400;11;13;0
2024;1133;842;214;20;15.000;6.000;8.000;9.000;11.500;11.286;11.600;15.200;11;13;0
2024;1133;844;6;6;3.000;162.000;3.000;322.000;11.000;8.169;10.000;7.800;11;13;0
2024;1133;846;1;1;2.000;189.000;2.000;338.000;9.200;8.395;6.200;7.200;11;13;1
2024;1133;847;131;17;8.000;116.000;4.000;241.000;10.200;7.034;6.400;5.600;11;13;0
2024;1133;848;3;13;17.000;4.000;9.000;4.000;10.750;9.513;13.600;14.800;11;13;0
2024;1133;852;215;10;12.000;22.000;6.000;33.000;13.333;12.000;13.000;11.600;11;13;0
2024;1133;855;15;18;19.000;0.000;10.000;0.000;14.500;13.267;15.800;16.400;11;13;0
2024;1133;857;1;2;5.000;149.000;2.000;338.000;5.000;8.312;4.000;6.200;11;13;1
2024;1133;858;3;14;20.000;0.000;9.000;4.000;18.000;9.571;17.000;13.600;11;13;0
2024;1134;1;131;3;6.000;150.000;4.000;266.000;7.706;5.129;3.000;6.400;13;14;1
2024;1134;4;117;8;9.000;49.000;5.000;73.000;10.889;9.667;11.000;9.800;13;14;0
2024;1134;807;210;16;11.000;22.000;7.000;27.000;11.700;13.625;9.400;10.800;13;14;0
2024;1134;815;9;2;7.000;131.000;1.000;408.000;10.077;7.222;11.400;7.200;13;14;0
2024;1134;822;15;14;21.000;0.000;10.000;0.000;8.364;13.119;15.200;17.000;13;14;0
2024;1134;825;210;17;16.000;5.000;7.000;27.000;14.125;13.882;12.800;12.800;13;14;0
2024;1134;830;9;11;1.000;277.000;1.000;408.000;7.444;7.216;2.800;7.600;13;14;0
2024;1134;832;6;7;5.000;162.000;3.000;345.000;14.333;9.326;7.200;8.000;13;14;0
2024;1134;839;214;9;17.000;5.000;8.000;11.000;8.286;8.167;13.200;16.800;13;14;0
2024;1134;840;117;15;10.000;24.000;5.000;73.000;11.857;9.429;10.200;8.800;13;14;0
2024;1134;842;214;12;15.000;6.000;8.000;11.000;8.667;8.286;13.600;16.600;13;14;0
2024;1134;844;6;1;3.000;177.000;3.000;345.000;8.333;9.302;10.600;7.000;13;14;1
2024;1134;846;1;4;2.000;199.000;2.000;366.000;10.200;9.413;5.800;2.400;13;14;0
2024;1134;847;131;6;8.000;116.000;4.000;266.000;9.200;5.000;7.000;6.400;13;14;0
2024;1134;848;3;10;18.000;4.000;9.000;4.000;8.750;10.250;14.600;14.000;13;14;0
2024;1134;852;215;20;12.000;22.000;6.000;34.000;12.667;10.000;13.200;10.800;13;14;0
2024;1134;855;15;19;19.000;0.000;10.000;0.000;13.500;13.163;16.400;16.600;13;14;0
2024;1134;857;1;5;4.000;167.000;2.000;366.000;20.000;9.355;3.800;3.000;13;14;1
2024;1134;858;3;18;20.000;0.000;9.000;4.000;17.000;10.273;17.400;12.600;13;14;0
2024;1135;1;131;14;6.000;154.000;4.000;276.000;4.000;5.778;2.400;10.200;39;15;0
2024;1135;4;117;7;9.000;50.000;5.000;74.000;4.667;12.111;11.400;9.400;39;15;0
2024;1135;807;210;12;11.000;22.000;7.000;27.000;12.000;15.667;10.800;14.400;39;15;0
2024;1135;815;9;5;7.000;139.000;1.000;434.000;5.667;3.333;9.200;5.000;39;15;0
2024;1135;825;210;20;16.000;5.000;7.000;27.000;15.500;15.000;13.200;14.200;39;15;0
2024;1135;830;9;2;1.000;295.000;1.000;434.000;1.000;3.714;3.400;5.800;39;15;1
2024;1135;832;6;10;5.000;172.000;3.000;370.000;6.667;6.974;5.200;6.600;39;15;0
2024;1135;839;214;15;17.000;5.000;8.000;13.000;9.333;7.167;13.000;16.000;39;15;0
2024;1135;840;117;8;10.000;24.000;5.000;74.000;11.000;11.900;11.000;10.000;39;15;0
2024;1135;842;214;9;14.000;8.000;8.000;13.000;6.000;8.286;14.400;15.000;39;15;0
2024;1135;844;6;6;3.000;192.000;3.000;370.000;9.000;6.949;7.400;4.800;39;15;1
2024;1135;846;1;1;2.000;225.000;2.000;404.000;8.000;11.436;6.400;2.800;39;15;1
2024;1135;847;131;4;8.000;122.000;4.000;276.000;12.000;6.000;10.400;8.000;39;15;0
2024;1135;848;3;19;18.000;4.000;9.000;4.000;10.000;13.417;13.600;14.200;39;15;0
2024;1135;852;215;11;12.000;22.000;6.000;34.000;18.000;12.000;13.600;11.800;39;15;0
2024;1135;855;15;17;19.000;0.000;10.000;0.000;17.000;19.000;17.200;17.600;39;15;0
2024;1135;857;1;3;4.000;179.000;2.000;404.000;9.000;11.175;3.200;2.200;39;15;0
2024;1135;858;3;18;20.000;0.000;9.000;4.000;20.000;13.440;16.800;14.800;39;15;0
2024;1136;1;131;6;6.000;164.000;4.000;292.000;6.000;5.829;3.400;8.800;14;16;0
2024;1136;4;117;11;9.000;50.000;5.000;74.000;10.050;13.500;11.000;10.400;14;16;0
2024;1136;807;210;10;11.000;22.000;7.000;28.000;11.000;15.312;10.800;15.200;14;16;0
2024;1136;815;9;8;7.000;143.000;1.000;446.000;7.538;9.658;8.800;4.800;14;16;0
2024;1136;822;15;19;22.000;0.000;10.000;0.000;6.091;12.727;16.200;18.400;14;16;0
2024;1136;825;210;13;16.000;6.000;7.000;28.000;15.625;15.412;13.400;15.600;14;16;0
2024;1136;830;9;7;1.000;303.000;1.000;446.000;8.778;9.615;3.600;5.400;14;16;0
2024;1136;832;6;5;5.000;184.000;3.000;407.000;9.222;8.649;5.000;4.200;14;16;0
2024;1136;839;214;15;18.000;5.000;8.000;13.000;11.143;13.667;14.000;13.200;14;16;0
2024;1136;840;117;17;10.000;24.000;5.000;74.000;10.286;13.222;10.800;10.600;14;16;0
2024;1136;842;214;14;14.000;8.000;8.000;13.000;11.333;13.714;14.400;12.000;14;16;0
2024;1136;844;6;4;3.000;217.000;3.000;407.000;6.667;8.626;7.000;4.200;14;16;1
2024;1136;846;1;1;2.000;241.000;2.000;438.000;6.200;10.315;6.200;2.600;14;16;1
2024;1136;847;131;3;8.000;128.000;4.000;292.000;9.000;5.806;11.000;8.200;14;16;0
2024;1136;848;3;9;17.000;6.000;9.000;6.000;9.333;9.714;12.800;15.200;14;16;0
2024;1136;852;215;16;12.000;22.000;6.000;34.000;18.000;13.000;13.200;13.600;14;16;0
2024;1136;855;15;20;19.000;0.000;10.000;0.000;12.000;12.800;18.600;17.800;14;16;0
2024;1136;857;1;2;4.000;197.000;2.000;438.000;12.000;10.250;2.600;3.000;14;16;1
2024;1137;1;131;19;6.000;166.000;4.000;309.000;5.429;5.643;3.600;9.400;73;17;0
2024;1137;4;117;7;9.000;58.000;5.000;82.000;8.667;9.000;9.600;12.800;73;17;0
2024;1137;807;210;12;11.000;22.000;7.000;29.000;15.000;14.000;13.000;14.000;73;17;0
2024;1137;815;9;4;8.000;143.000;2.000;456.000;4.429;8.071;9.000;5.200;73;17;0
2024;1137;822;15;16;22.000;0.000;10.000;0.000;9.143;11.167;16.200;18.400;73;17;0
2024;1137;830;9;6;1.000;313.000;2.000;456.000;9.571;8.667;3.800;7.800;73;17;0
2024;1137;832;6;3;5.000;184.000;3.000;425.000;10.571;6.929;5.200;3.200;73;17;0
2024;1137;839;214;19;18.000;5.000;9.000;13.000;14.000;12.000;14.400;13.200;73;17;0
2024;1137;840;117;13;10.000;24.000;5.000;82.000;10.333;8.571;12.000;11.800;73;17;0
2024;1137;842;214;18;15.000;8.000;9.000;13.000;10.200;12.429;15.400;13.600;73;17;0
2024;1137;844;6;1;3.000;235.000;3.000;425.000;7.400;7.667;5.000;6.200;73;17;1
2024;1137;846;1;15;2.000;254.000;1.000;476.000;7.750;9.500;2.800;2.400;73;17;0
2024;1137;847;131;5;7.000;143.000;4.000;309.000;10.750;5.867;12.200;7.200;73;17;1
2024;1137;848;3;9;13.000;12.000;8.000;16.000;11.667;13.000;11.600;13.600;73;17;0
2024;1137;852;215;11;12.000;22.000;6.000;34.000;10.000;13.000;14.400;15.000;73;17;0
2024;1137;855;15;17;20.000;0.000;10.000;0.000;18.500;11.857;18.800;17.800;73;17;0
2024;1137;857;1;2;4.000;222.000;1.000;476.000;11.000;9.133;2.600;2.800;73;17;1
2024;1138;1;131;3;6.000;174.000;4.000;329.000;6.929;7.958;5.200;6.200;15;18;0
2024;1138;4;117;7;9.000;62.000;5.000;86.000;7.615;12.250;9.200;13.600;15;18;0
2024;1138;807;210;6;10.000;24.000;7.000;31.000;12.900;13.667;14.000;13.200;15;18;0
2024;1138;815;9;13;8.000;144.000;2.000;475.000;9.000;5.821;9.000;7.600;15;18;0
2024;1138;822;15;19;22.000;0.000;10.000;0.000;9.889;13.556;16.400;16.800;15;18;0
2024;1138;825;210;14;17.000;6.000;7.000;31.000;12.857;13.308;13.800;11.400;15;18;0
2024;1138;830;9;2;1.000;331.000;2.000;475.000;7.143;5.966;4.400;9.200;15;18;1
2024;1138;832;6;10;5.000;190.000;3.000;441.000;7.286;6.286;7.800;5.600;15;18;0
2024;1138;839;214;15;18.000;5.000;9.000;13.000;16.400;14.500;14.200;13.000;15;18;0
2024;1138;840;117;17;11.000;24.000;5.000;86.000;12.200;11.400;14.400;12.600;15;18;0
2024;1138;842;214;18;15.000;8.000;9.000;13.000;9.250;14.200;13.800;13.800;15;18;0
2024;1138;844;6;9;3.000;245.000;3.000;441.000;4.250;6.310;2.600;6.400;15;18;0
2024;1138;846;1;1;2.000;279.000;1.000;516.000;4.333;9.250;3.000;2.800;15;18;1
2024;1138;847;131;4;7.000;155.000;4.000;329.000;16.667;7.880;9.000;6.000;15;18;0
2024;1138;848;3;11;13.000;12.000;8.000;16.000;11.333;12.679;11.200;10.400;15;18;0
2024;1138;852;215;8;12.000;22.000;6.000;34.000;17.000;18.000;16.400;16.800;15;18;0
2024;1138;855;15;20;20.000;0.000;10.000;0.000;16.000;13.684;18.000;16.000;15;18;0
2024;1138;857;1;5;4.000;237.000;1.000;516.000;7.000;8.966;2.000;2.200;15;18;1
2024;1139;1;131;17;6.000;177.000;4.000;344.000;3.364;4.864;5.800;5.800;69;19;0
2024;1139;4;117;7;9.000;62.000;5.000;86.000;10.600;11.833;8.600;13.200;69;19;0
2024;1139;807;210;11;10.000;29.000;6.000;38.000;12.444;15.214;13.200;11.800;69;19;0
2024;1139;815;9;9;8.000;150.000;2.000;504.000;7.727;6.682;9.600;8.000;69;19;0
2024;1139;822;15;16;23.000;0.000;10.000;0.000;9.600;13.500;16.400;15.800;69;19;0
2024;1139;825;210;8;15.000;8.000;6.000;38.000;13.857;14.733;15.200;11.400;69;19;0
2024;1139;830;9;2;1.000;354.000;2.000;504.000;4.500;6.696;3.800;8.200;69;19;1
2024;1139;832;6;3;5.000;215.000;3.000;496.000;8.125;8.045;8.000;6.600;69;19;1
2024;1139;839;214;12;19.000;5.000;9.000;13.000;15.167;13.167;13.200;14.400;69;19;0
2024;1139;840;117;13;11.000;24.000;5.000;86.000;12.500;12.000;15.200;12.000;69;19;0
2024;1139;842;214;6;16.000;8.000;9.000;13.000;13.600;13.857;13.200;15.000;69;19;0
2024;1139;844;6;4;3.000;275.000;3.000;496.000;9.200;7.783;2.800;6.800;69;19;1
2024;1139;846;1;1;2.000;297.000;1.000;544.000;5.750;9.136;2.800;2.200;69;19;0
2024;1139;847;131;20;7.000;167.000;4.000;344.000;10.250;5.522;8.200;8.400;69;19;0
2024;1139;848;3;14;13.000;12.000;8.000;17.000;9.000;12.409;12.400;11.600;69;19;0
2024;1139;855;15;18;21.000;0.000;10.000;0.000;12.500;13.733;17.200;15.600;69;19;0
2024;1139;857;1;5;4.000;247.000;1.000;544.000;17.000;8.913;2.400;2.600;69;19;0
2024;1140;1;131;6;6.000;189.000;4.000;366.000;2.875;3.812;9.600;7.800;32;20;0
2024;1140;4;117;13;9.000;62.000;5.000;86.000;15.571;14.167;9.600;13.800;32;20;0
2024;1140;807;210;10;10.000;31.000;6.000;46.000;10.333;16.214;11.200;11.400;32;20;0
2024;1140;815;9;18;8.000;150.000;3.000;512.000;9.500;5.938;9.600;5.400;32;20;0
2024;1140;822;15;15;23.000;0.000;10.000;0.000;7.625;12.750;16.800;16.200;32;20;0
2024;1140;825;210;7;13.000;14.000;6.000;46.000;15.167;15.733;14.400;11.200;32;20;0
2024;1140;830;9;2;1.000;362.000;3.000;512.000;3.000;6.588;3.600;7.800;32;20;0
2024;1140;832;6;1;5.000;240.000;2.000;537.000;11.500;9.711;7.200;3.400;32;20;1
2024;1140;839;214;20;19.000;5.000;9.000;14.000;11.333;11.667;15.000;14.400;32;20;0
2024;1140;840;117;14;11.000;24.000;5.000;86.000;12.667;14.714;16.000;13.600;32;20;0
2024;1140;842;214;8;16.000;9.000;9.000;14.000;9.667;11.857;13.000;14.600;32;20;0
2024;1140;844;6;4;3.000;291.000;2.000;537.000;5.000;9.522;2.400;3.200;32;20;1
2024;1140;846;1;3;2.000;315.000;1.000;566.000;11.000;11.667;2.600;2.800;32;20;1
2024;1140;847;131;5;7.000;177.000;4.000;366.000;10.500;3.824;5.400;8.000;32;20;0
2024;1140;848;3;9;14.000;12.000;8.000;17.000;8.667;9.667;13.200;13.000;32;20;0
2024;1140;855;15;19;21.000;0.000;10.000;0.000;13.500;12.889;17.200;16.200;32;20;0
2024;1140;857;1;17;4.000;251.000;1.000;566.000;8.000;11.355;3.000;3.000;32;20;0
2024;1141;1;131;14;7.000;190.000;4.000;382.000;6.125;5.731;8.800;7.800;18;21;0
2024;1141;4;117;9;9.000;62.000;5.000;86.000;7.050;10.000;11.200;14.200;18;21;0
2024;1141;807;210;17;10.000;31.000;7.000;46.000;9.800;15.143;10.800;10.800;18;21;0
2024;1141;815;9;12;8.000;151.000;3.000;544.000;9.750;6.917;11.800;7.000;18;21;0
2024;1141;822;15;11;23.000;0.000;10.000;0.000;10.200;13.386;15.800;16.000;18;21;0
2024;1141;830;9;17;1.000;393.000;3.000;544.000;3.625;7.027;4.400;8.800;18;21;1
2024;1141;832;6;20;5.000;244.000;2.000;557.000;8.250;6.975;6.400;2.400;18;21;0
2024;1141;839;214;4;14.000;23.000;6.000;49.000;11.833;7.833;14.600;14.000;18;21;1
2024;1141;840;117;10;13.000;24.000;5.000;86.000;14.667;10.571;15.600;14.200;18;21;0
2024;1141;842;214;13;12.000;26.000;6.000;49.000;9.167;7.000;13.200;11.000;18;21;1
2024;1141;844;6;6;3.000;307.000;2.000;557.000;10.800;7.086;2.400;4.600;18;21;0
2024;1141;846;1;1;2.000;331.000;1.000;593.000;9.500;8.963;2.800;4.400;18;21;0
2024;1141;847;131;2;6.000;192.000;4.000;382.000;10.250;5.889;5.000;9.000;18;21;0
2024;1141;848;3;7;16.000;12.000;9.000;17.000;16.000;11.671;14.200;13.600;18;21;0
2024;1141;855;15;19;21.000;0.000;10.000;0.000;14.500;13.378;16.200;15.600;18;21;0
2024;1141;857;1;8;4.000;262.000;1.000;593.000;14.000;8.927;3.800;5.000;18;21;0
2024;1142;1;131;10;7.000;208.000;4.000;425.000;7.000;7.500;9.800;5.800;80;22;1
2024;1142;4;117;16;9.000;62.000;5.000;86.000;9.000;7.000;11.800;15.400;80;22;0
2024;1142;807;210;9;10.000;35.000;6.000;50.000;19.000;16.000;11.400;11.800;80;22;0
2024;1142;815;9;15;8.000;152.000;3.000;555.000;3.000;2.000;12.400;7.600;80;22;0
2024;1142;825;210;12;15.000;14.000;6.000;50.000;13.000;13.333;13.000;11.200;80;22;0
2024;1142;830;9;5;1.000;403.000;3.000;555.000;1.000;4.667;3.400;9.000;80;22;0
2024;1142;832;6;2;5.000;259.000;2.000;584.000;6.000;4.000;8.800;5.200;80;22;1
2024;1142;839;214;11;14.000;23.000;7.000;49.000;4.000;7.500;12.200;8.000;80;22;0
2024;1142;840;117;18;13.000;24.000;5.000;86.000;5.000;8.333;15.600;14.600;80;22;0
2024;1142;842;214;3;12.000;26.000;7.000;49.000;11.000;10.667;10.800;9.000;80;22;0
2024;1142;844;6;4;3.000;319.000;2.000;584.000;2.000;3.667;3.200;5.600;80;22;0
2024;1142;846;1;6;2.000;340.000;1.000;608.000;20.000;15.000;3.400;5.800;80;22;0
2024;1142;847;131;1;6.000;217.000;4.000;425.000;8.000;5.667;4.400;5.000;80;22;1
2024;1142;848;3;17;16.000;12.000;9.000;17.000;12.000;14.000;16.000;15.200;80;22;0
2024;1142;855;15;13;21.000;0.000;10.000;0.000;15.000;18.000;15.600;15.000;80;22;0
2024;1142;857;1;8;4.000;268.000;1.000;608.000;10.000;12.000;5.000;6.000;80;22;0
2024;1143;1;131;6;7.000;211.000;4.000;446.000;10.000;11.000;8.400;4.400;78;23;0
2024;1143;4;117;8;9.000;68.000;5.000;92.000;4.500;8.250;12.800;14.000;78;23;0
2024;1143;807;210;18;10.000;37.000;7.000;54.000;16.000;16.000;10.800;11.800;78;23;0
2024;1143;815;9;9;8.000;152.000;3.000;581.000;7.000;4.250;11.000;6.600;78;23;0
2024;1143;825;210;10;15.000;16.000;7.000;54.000;14.000;16.000;11.800;13.600;78;23;0
2024;1143;830;9;2;1.000;429.000;3.000;581.000;1.500;6.800;3.400;8.800;78;23;1
2024;1143;832;6;7;5.000;272.000;2.000;619.000;13.500;10.000;5.800;6.200;78;23;0
2024;1143;839;214;20;14.000;23.000;6.000;59.000;6.000;6.750;12.600;10.400;78;23;0
2024;1143;840;117;15;13.000;24.000;5.000;92.000;8.500;8.000;14.800;13.200;78;23;0
2024;1143;842;214;11;11.000;36.000;6.000;59.000;11.500;9.400;12.400;12.400;78;23;0
2024;1143;844;6;5;3.000;341.000;2.000;619.000;6.500;9.200;3.600;6.800;78;23;1
2024;1143;846;1;3;2.000;349.000;1.000;640.000;6.000;6.500;3.800;7.000;78;23;0
2024;1143;847;131;1;6.000;235.000;4.000;446.000;10.500;11.200;4.000;5.800;78;23;0
2024;1143;848;3;16;16.000;12.000;9.000;17.000;13.000;16.750;18.400;16.000;78;23;0
2024;1143;855;15;12;20.000;4.000;10.000;4.000;9.000;11.000;15.400;14.000;78;23;0
2024;1143;857;1;4;4.000;291.000;1.000;640.000;2.000;7.200;6.200;7.400;78;23;1
2024;1143;859;215;17;21.000;4.000;8.000;46.000;17.000;13.000;13.400;10.800;78;23;0
2024;1144;1;131;16;7.000;223.000;4.000;468.000;6.000;5.964;9.600;4.600;24;24;0
2024;1144;4;117;8;9.000;70.000;5.000;94.000;9.308;9.833;12.600;14.000;24;24;0
2024;1144;807;210;7;11.000;41.000;7.000;58.000;12.700;14.625;12.200;11.400;24;24;0
2024;1144;815;9;10;8.000;152.000;3.000;589.000;9.154;5.767;12.400;6.800;24;24;0
2024;1144;822;15;9;22.000;0.000;10.000;4.000;9.455;13.389;14.600;13.000;24;24;0
2024;1144;825;210;14;15.000;16.000;7.000;58.000;15.625;14.235;11.600;10.600;24;24;0
2024;1144;830;9;4;1.000;437.000;3.000;589.000;3.778;6.226;3.200;10.600;24;24;0
2024;1144;832;6;3;5.000;290.000;2.000;652.000;10.556;7.033;5.600;4.000;24;24;1
2024;1144;840;117;13;13.000;24.000;5.000;94.000;13.143;9.714;15.600;12.000;24;24;0
2024;1144;842;214;5;10.000;42.000;6.000;65.000;12.857;11.500;10.000;13.000;24;24;0
2024;1144;844;6;19;3.000;356.000;2.000;652.000;6.167;6.871;3.000;3.400;24;24;1
2024;1144;846;1;1;2.000;374.000;1.000;666.000;6.200;9.333;5.600;6.800;24;24;1
2024;1144;847;131;6;6.000;245.000;4.000;468.000;11.600;5.897;4.000;4.600;24;24;0
2024;1144;848;3;18;16.000;12.000;9.000;17.000;9.250;13.033;17.400;16.800;24;24;0
2024;1144;855;15;15;20.000;4.000;10.000;4.000;14.500;13.632;14.000;13.600;24;24;0
2024;1144;857;1;2;4.000;292.000;1.000;666.000;6.000;9.065;6.200;5.400;24;24;0
